id_client,age,sexe,zone,situation_matrimoniale,niveau_education,nombre_personnes_a_charge,secteur_activite,anciennete_activite_annees,revenu_mensuel_fcfa,charges_mensuelles_fcfa,anciennete_cooperative_mois,membre_groupe_solidaire,epargne_solde_moyen_fcfa,regularite_epargne,nombre_credits_anterieurs,taux_remboursement_historique_pct,jours_retard_moyen_historique,possede_mobile_money,frequence_transactions_mm_mois,interroge_bic,statut_bic,nombre_prets_actifs_autres_institutions,encours_credit_autres_institutions_fcfa,objet_credit,montant_credit_demande_fcfa,duree_credit_mois,garantie,ratio_endettement,defaut_credit
CSWA-00001,23,Femme,Rurale,Célibataire,Primaire,3,Artisanat,3.2,67000,49000,40,0,18400,Irrégulière,2,83.1,8.0,1,8,1,Pret en cours ailleurs,1,121000,Habitat/Réparation,188000,6,Aucune,1.42,0
CSWA-00002,55,Femme,Urbaine,Célibataire,Secondaire,4,Commerce informel,6.0,103000,66000,161,0,70300,Irrégulière,1,72.3,16.0,1,10,1,Bon payeur ailleurs (solde sans incident),0,0,Santé,221000,12,Caution solidaire,0.84,0
CSWA-00003,49,Femme,Rurale,Marié(e),Secondaire,3,Restauration/Transformation,1.5,85000,30000,6,1,6800,Irrégulière,2,80.2,1.0,1,13,1,Jamais emprunté ailleurs,0,0,Fonds de commerce,153000,24,Aucune,0.44,0
CSWA-00004,39,Femme,Urbaine,Marié(e),Aucun,1,Fonctionnaire,6.3,128000,92000,53,1,31000,Régulière,2,41.5,7.0,1,8,0,Non consulté,0,0,Habitat/Réparation,374000,18,Aucune,0.9,0
CSWA-00005,39,Homme,Urbaine,Marié(e),Aucun,7,Restauration/Transformation,5.1,104000,58000,116,1,55900,Irrégulière,2,78.3,3.0,1,14,1,Jamais emprunté ailleurs,0,0,Fonds de commerce,269000,6,Aucune,1.04,1
CSWA-00006,59,Femme,Rurale,Marié(e),Secondaire,5,Commerce informel,4.0,54000,26000,20,0,7000,Régulière,1,57.5,0.0,1,6,1,Jamais emprunté ailleurs,0,0,Intrants agricoles,54000,12,Caution solidaire,0.57,0
CSWA-00007,23,Femme,Rurale,Marié(e),Secondaire,3,Elevage,13.5,51000,37000,70,0,2400,Irrégulière,1,98.8,12.0,1,6,1,Bon payeur ailleurs (solde sans incident),0,0,Santé,208000,24,Aucune,0.92,0
CSWA-00008,51,Homme,Semi-urbaine,Divorcé(e),Supérieur,2,Artisanat,5.1,69000,37000,29,0,27000,Irrégulière,6,73.5,3.0,1,9,1,Pret en cours ailleurs,1,269000,Fonds de commerce,254000,18,Bien matériel,1.12,0
CSWA-00009,28,Homme,Semi-urbaine,Marié(e),Supérieur,4,Restauration/Transformation,5.2,105000,61000,52,0,19600,Irrégulière,1,94.1,5.0,1,11,1,Bon payeur ailleurs (solde sans incident),0,0,Intrants agricoles,316000,12,Caution solidaire,0.86,0
CSWA-00010,23,Femme,Semi-urbaine,Marié(e),Secondaire,4,Commerce informel,2.4,34000,27000,65,0,21200,Régulière,2,75.1,11.0,0,0,1,Bon payeur ailleurs (solde sans incident),0,0,Fonds de commerce,137000,6,Aval d'un tiers,1.55,1
CSWA-00011,43,Homme,Semi-urbaine,Célibataire,Secondaire,2,Elevage,11.8,71000,30000,121,1,11500,Régulière,2,90.2,12.0,1,9,1,Jamais emprunté ailleurs,0,0,Equipement/Matériel,71000,6,Bien matériel,0.61,0
CSWA-00012,64,Homme,Rurale,Marié(e),Primaire,4,Salarié secteur formel,3.0,171000,108000,159,1,161300,Irrégulière,2,60.1,0.0,1,9,1,Bon payeur ailleurs (solde sans incident),0,0,Santé,450000,6,Caution solidaire,1.12,0
CSWA-00013,53,Homme,Urbaine,Marié(e),Secondaire,1,Commerce informel,2.8,62000,25000,178,0,10800,Irrégulière,2,67.0,1.0,1,5,1,Incident de paiement signale ailleurs,0,0,Elevage,70000,18,Aucune,0.47,0
CSWA-00014,54,Femme,Rurale,Marié(e),Supérieur,1,Restauration/Transformation,9.5,175000,147000,120,0,314300,Régulière,1,85.8,1.0,1,6,1,Incident de paiement signale ailleurs,0,0,Elevage,764000,9,Bien matériel,1.38,1
CSWA-00015,52,Homme,Urbaine,Veuf(ve),Secondaire,3,Salarié secteur formel,0.4,154000,78000,133,1,267900,Régulière,2,94.9,9.0,1,10,1,Jamais emprunté ailleurs,0,0,Fonds de commerce,402000,12,Aucune,0.75,0
CSWA-00016,55,Femme,Urbaine,Marié(e),Primaire,4,Transport,6.1,102000,82000,23,0,30100,Régulière,3,74.2,4.0,1,13,1,Bon payeur ailleurs (solde sans incident),0,0,Education,88000,9,Aucune,0.91,1
CSWA-00017,43,Homme,Urbaine,Célibataire,Primaire,5,Fonctionnaire,4.1,95000,51000,114,0,36400,Régulière,2,73.3,1.0,1,11,1,Jamais emprunté ailleurs,0,0,Habitat/Réparation,287000,6,Caution solidaire,1.1,0
CSWA-00018,25,Homme,Semi-urbaine,Célibataire,Aucun,4,Transport,4.8,131000,101000,97,1,110200,Régulière,4,76.9,1.0,1,7,1,Bon payeur ailleurs (solde sans incident),0,0,Evénement social,579000,3,Aucune,2.42,0
CSWA-00019,58,Femme,Rurale,Marié(e),Primaire,7,Elevage,3.0,87000,64000,176,1,200000,Aucune épargne,1,89.7,0.0,1,8,1,Jamais emprunté ailleurs,0,0,Santé,83000,12,Caution solidaire,0.82,0
CSWA-00020,40,Homme,Semi-urbaine,Célibataire,Secondaire,3,Elevage,3.6,62000,29000,113,1,41300,Régulière,3,80.9,1.0,1,4,0,Non consulté,0,0,Education,151000,12,Aucune,0.7,0
CSWA-00021,42,Femme,Semi-urbaine,Marié(e),Secondaire,4,Commerce informel,1.3,65000,44000,144,1,7900,Irrégulière,4,60.9,26.0,0,0,1,Jamais emprunté ailleurs,0,0,Education,52000,18,Aval d'un tiers,0.73,0
CSWA-00022,36,Homme,Semi-urbaine,Marié(e),Aucun,1,Commerce informel,8.8,100000,47000,146,1,94900,Régulière,2,96.9,5.0,1,7,1,Pret en cours ailleurs,1,108000,Equipement/Matériel,378000,24,Caution solidaire,0.74,0
CSWA-00023,27,Homme,Urbaine,Marié(e),Secondaire,5,Artisanat,4.5,66000,24000,22,0,19500,Régulière,0,,,1,11,1,Bon payeur ailleurs (solde sans incident),0,0,Equipement/Matériel,208000,6,Aucune,0.95,1
CSWA-00024,62,Homme,Semi-urbaine,Divorcé(e),Primaire,3,Commerce informel,9.9,35000,18000,102,0,7000,Irrégulière,1,97.5,10.0,1,10,1,Jamais emprunté ailleurs,0,0,Fonds de commerce,42000,9,Bien matériel,0.66,0
CSWA-00025,55,Femme,Semi-urbaine,Marié(e),Primaire,6,Agriculture,17.5,66000,47000,161,0,17200,Aucune épargne,2,91.0,1.0,0,0,1,Bon payeur ailleurs (solde sans incident),0,0,Fonds de commerce,111000,9,Caution solidaire,0.92,0
CSWA-00026,49,Homme,Semi-urbaine,Marié(e),Primaire,1,Transport,2.5,142000,62000,62,0,80200,Régulière,5,98.7,2.0,1,12,1,Bon payeur ailleurs (solde sans incident),0,0,Elevage,517000,18,Caution solidaire,0.66,0
CSWA-00027,37,Femme,Urbaine,Veuf(ve),Primaire,1,Commerce informel,7.8,20000,13000,142,0,10400,Irrégulière,2,89.7,18.0,0,0,1,Jamais emprunté ailleurs,0,0,Elevage,31000,12,Caution solidaire,0.8,1
CSWA-00028,57,Homme,Urbaine,Marié(e),Secondaire,4,Commerce informel,2.7,175000,128000,180,0,190100,Irrégulière,2,96.5,9.0,1,12,1,Incident de paiement signale ailleurs,0,0,Intrants agricoles,572000,9,Aval d'un tiers,1.14,1
CSWA-00029,44,Femme,Semi-urbaine,Veuf(ve),Secondaire,3,Restauration/Transformation,3.3,111000,56000,176,1,120900,Irrégulière,0,,,0,0,1,Jamais emprunté ailleurs,0,0,Habitat/Réparation,317000,24,Caution solidaire,0.64,1
CSWA-00030,39,Femme,Urbaine,Célibataire,Secondaire,4,Commerce informel,5.1,71000,28000,47,1,35400,Irrégulière,1,94.0,2.0,1,6,1,Bon payeur ailleurs (solde sans incident),0,0,Equipement/Matériel,130000,9,Aucune,0.62,0
CSWA-00031,40,Homme,Urbaine,Marié(e),Primaire,3,Elevage,15.9,95000,62000,59,0,4200,Aucune épargne,1,89.6,11.0,0,0,1,Jamais emprunté ailleurs,0,0,Intrants agricoles,474000,12,Caution solidaire,1.12,0
CSWA-00032,29,Femme,Rurale,Célibataire,Secondaire,4,Commerce informel,4.3,137000,57000,174,0,238400,Régulière,0,,,1,16,1,Pret en cours ailleurs,3,192000,Elevage,470000,6,Bien matériel,1.18,0
CSWA-00033,23,Homme,Urbaine,Célibataire,Aucun,2,Transport,5.0,82000,29000,72,1,44400,Irrégulière,1,86.3,4.0,1,8,1,Jamais emprunté ailleurs,0,0,Intrants agricoles,417000,6,Caution solidaire,1.3,0
CSWA-00034,45,Femme,Urbaine,Marié(e),Primaire,7,Artisanat,6.1,136000,56000,38,0,40600,Aucune épargne,2,89.0,11.0,1,6,1,Bon payeur ailleurs (solde sans incident),0,0,Education,186000,12,Bien matériel,0.54,0
CSWA-00035,60,Homme,Semi-urbaine,Divorcé(e),Primaire,1,Artisanat,4.9,129000,62000,111,0,153300,Régulière,2,76.0,5.0,1,7,1,Jamais emprunté ailleurs,0,0,Intrants agricoles,106000,12,Aval d'un tiers,0.56,0
CSWA-00036,21,Femme,Semi-urbaine,Veuf(ve),Secondaire,5,Commerce informel,2.5,89000,61000,94,1,81500,Irrégulière,2,96.9,5.0,0,0,1,Bon payeur ailleurs (solde sans incident),0,0,Santé,434000,18,Caution solidaire,0.99,0
CSWA-00037,59,Femme,Semi-urbaine,Veuf(ve),Supérieur,5,Restauration/Transformation,10.4,44000,23000,1,1,4100,Irrégulière,1,80.1,0.0,0,0,0,Non consulté,0,0,Intrants agricoles,140000,12,Aucune,0.82,0
CSWA-00038,57,Homme,Urbaine,Célibataire,Primaire,9,Agriculture,4.0,77000,62000,20,0,7300,Régulière,4,73.8,3.0,1,9,1,Incident de paiement signale ailleurs,0,0,Fonds de commerce,281000,3,Bien matériel,2.17,0
CSWA-00039,32,Femme,Urbaine,Marié(e),Secondaire,0,Artisanat,1.9,26000,19000,112,0,37400,Régulière,1,92.6,2.0,1,7,1,Jamais emprunté ailleurs,0,0,Equipement/Matériel,39000,12,Aucune,0.87,0
CSWA-00040,48,Femme,Rurale,Marié(e),Primaire,4,Commerce informel,6.4,103000,87000,161,1,155300,Aucune épargne,1,97.0,5.0,1,8,1,Pret en cours ailleurs,1,437000,Elevage,340000,36,Aucune,1.33,0
CSWA-00041,26,Homme,Rurale,Marié(e),Primaire,3,Commerce informel,10.8,64000,44000,118,0,53500,Irrégulière,3,72.7,4.0,1,4,1,Jamais emprunté ailleurs,0,0,Fonds de commerce,223000,6,Bien matériel,1.34,0
CSWA-00042,54,Femme,Urbaine,Marié(e),Secondaire,5,Commerce informel,3.0,58000,21000,89,1,39700,Régulière,1,72.8,8.0,1,7,1,Jamais emprunté ailleurs,0,0,Fonds de commerce,281000,6,Caution solidaire,1.27,0
CSWA-00043,51,Femme,Semi-urbaine,Célibataire,Secondaire,2,Commerce informel,4.5,116000,49000,180,0,82000,Aucune épargne,1,64.9,2.0,1,8,1,Pret en cours ailleurs,1,140000,Equipement/Matériel,483000,9,Caution solidaire,1.05,0
CSWA-00044,35,Femme,Semi-urbaine,Célibataire,Secondaire,1,Commerce informel,5.2,40000,19000,160,0,76100,Régulière,0,,,1,4,1,Jamais emprunté ailleurs,0,0,Equipement/Matériel,65000,12,Caution solidaire,0.63,0
CSWA-00045,22,Femme,Rurale,Marié(e),Secondaire,2,Commerce informel,3.8,86000,60000,68,1,25800,Régulière,1,46.6,8.0,1,6,1,Pret en cours ailleurs,1,92000,Fonds de commerce,217000,18,Aucune,0.95,0
CSWA-00046,64,Homme,Rurale,Marié(e),Aucun,3,Salarié secteur formel,5.3,173000,116000,149,0,227700,Régulière,2,70.8,1.0,0,0,0,Non consulté,0,0,Intrants agricoles,775000,9,Caution solidaire,1.23,0
CSWA-00047,39,Femme,Rurale,Célibataire,Supérieur,0,Artisanat,13.2,73000,33000,163,0,166900,Aucune épargne,0,,,1,9,1,Bon payeur ailleurs (solde sans incident),0,0,Equipement/Matériel,313000,18,Bien matériel,0.72,0
CSWA-00048,60,Femme,Urbaine,Marié(e),Supérieur,3,Artisanat,5.4,95000,66000,35,1,28000,Régulière,1,75.3,3.0,0,0,1,Jamais emprunté ailleurs,0,0,Equipement/Matériel,408000,18,Bien matériel,0.96,0
CSWA-00049,50,Homme,Urbaine,Divorcé(e),Primaire,0,Commerce informel,7.3,220000,108000,113,1,22200,Aucune épargne,1,83.7,4.0,1,9,1,Jamais emprunté ailleurs,0,0,Habitat/Réparation,955000,12,Caution solidaire,0.9,0
CSWA-00050,55,Homme,Rurale,Célibataire,Aucun,2,Commerce informel,4.1,101000,69000,11,0,16100,Aucune épargne,2,69.7,4.0,1,7,1,Jamais emprunté ailleurs,0,0,Fonds de commerce,117000,36,Caution solidaire,0.72,0
CSWA-00051,54,Femme,Rurale,Marié(e),Primaire,4,Autre service,6.3,171000,86000,101,0,148700,Régulière,3,66.8,7.0,1,9,1,Bon payeur ailleurs (solde sans incident),0,0,Habitat/Réparation,242000,6,Aucune,0.77,0
CSWA-00052,28,Homme,Rurale,Marié(e),Secondaire,4,Commerce informel,6.8,174000,79000,166,0,86800,Irrégulière,1,74.7,2.0,1,12,1,Bon payeur ailleurs (solde sans incident),0,0,Equipement/Matériel,883000,12,Caution solidaire,0.93,0
CSWA-00053,36,Femme,Semi-urbaine,Célibataire,Supérieur,3,Salarié secteur formel,8.5,168000,100000,162,1,207400,Irrégulière,0,,,1,7,0,Non consulté,0,0,Fonds de commerce,610000,12,Bien matériel,0.93,0
CSWA-00054,40,Femme,Urbaine,Marié(e),Secondaire,1,Restauration/Transformation,3.9,29000,24000,102,0,17000,Irrégulière,0,,,1,6,1,Jamais emprunté ailleurs,0,0,Intrants agricoles,88000,9,Bien matériel,1.21,0
CSWA-00055,42,Homme,Urbaine,Célibataire,Primaire,2,Agriculture,4.6,71000,48000,106,1,48800,Régulière,2,91.5,1.0,0,0,1,Jamais emprunté ailleurs,0,0,Fonds de commerce,199000,9,Aval d'un tiers,1.03,0
CSWA-00056,21,Femme,Urbaine,Marié(e),Aucun,6,Restauration/Transformation,9.0,44000,23000,154,1,50400,Régulière,3,62.2,7.0,1,9,1,Jamais emprunté ailleurs,0,0,Santé,54000,6,Aucune,0.75,0
CSWA-00057,44,Femme,Urbaine,Marié(e),Primaire,0,Transport,4.1,390000,238000,1,0,43800,Régulière,3,81.6,4.0,1,4,0,Non consulté,0,0,Santé,2015000,6,Caution solidaire,1.57,0
CSWA-00058,26,Femme,Rurale,Marié(e),Primaire,1,Salarié secteur formel,2.5,127000,72000,125,0,61300,Régulière,2,87.3,1.0,1,8,1,Jamais emprunté ailleurs,0,0,Habitat/Réparation,415000,6,Aval d'un tiers,1.18,0
CSWA-00059,53,Homme,Semi-urbaine,Célibataire,Aucun,2,Artisanat,3.8,35000,13000,57,1,20000,Régulière,0,,,1,16,1,Jamais emprunté ailleurs,0,0,Fonds de commerce,76000,6,Bien matériel,0.78,0
CSWA-00060,51,Homme,Semi-urbaine,Divorcé(e),Aucun,5,Commerce informel,8.9,20000,14000,139,1,30200,Irrégulière,2,77.9,1.0,1,6,1,Jamais emprunté ailleurs,0,0,Habitat/Réparation,43000,9,Aucune,0.97,0
CSWA-00061,62,Femme,Rurale,Veuf(ve),Aucun,2,Artisanat,9.6,46000,21000,21,1,14200,Régulière,1,79.4,7.0,0,0,1,Bon payeur ailleurs (solde sans incident),0,0,Fonds de commerce,243000,6,Bien matériel,1.44,0
CSWA-00062,54,Homme,Rurale,Marié(e),Aucun,4,Commerce informel,7.9,86000,53000,87,1,37000,Régulière,0,,,0,0,0,Non consulté,0,0,Santé,376000,6,Caution solidaire,1.43,0
CSWA-00063,36,Femme,Urbaine,Célibataire,Secondaire,6,Agriculture,10.6,147000,57000,137,0,65900,Irrégulière,1,79.4,9.0,1,13,1,Jamais emprunté ailleurs,0,0,Intrants agricoles,726000,9,Caution solidaire,1.0,0
CSWA-00064,64,Homme,Rurale,Marié(e),Primaire,2,Artisanat,12.6,45000,34000,132,0,83400,Irrégulière,1,79.2,2.0,1,4,1,Bon payeur ailleurs (solde sans incident),0,0,Intrants agricoles,84000,18,Caution solidaire,0.87,0
CSWA-00065,38,Femme,Urbaine,Marié(e),Primaire,3,Commerce informel,16.8,154000,55000,133,1,292500,Aucune épargne,1,87.5,0.0,1,7,1,Jamais emprunté ailleurs,0,0,Santé,736000,6,Caution solidaire,1.25,0
CSWA-00066,34,Femme,Semi-urbaine,Veuf(ve),Primaire,2,Salarié secteur formel,8.2,197000,101000,166,1,384100,Régulière,2,89.7,8.0,1,14,1,Bon payeur ailleurs (solde sans incident),0,0,Elevage,851000,18,Caution solidaire,0.78,0
CSWA-00067,61,Femme,Rurale,Marié(e),Supérieur,3,Autre service,4.9,62000,34000,66,0,24600,Irrégulière,1,91.6,3.0,1,9,1,Pret en cours ailleurs,1,336000,Intrants agricoles,202000,3,Aucune,2.25,0
CSWA-00068,36,Femme,Urbaine,Divorcé(e),Secondaire,1,Commerce informel,2.0,89000,66000,128,1,166100,Régulière,0,,,1,8,1,Pret en cours ailleurs,1,266000,Intrants agricoles,482000,6,Aval d'un tiers,2.02,1
CSWA-00069,22,Homme,Urbaine,Marié(e),Secondaire,6,Commerce informel,2.4,176000,147000,147,1,230000,Irrégulière,1,86.1,1.0,1,14,1,Jamais emprunté ailleurs,0,0,Fonds de commerce,714000,18,Bien matériel,1.09,0
CSWA-00070,41,Femme,Urbaine,Marié(e),Secondaire,7,Elevage,3.2,83000,37000,168,1,49300,Aucune épargne,2,73.1,1.0,1,5,0,Non consulté,0,0,Santé,238000,24,Caution solidaire,0.58,0
CSWA-00071,56,Femme,Semi-urbaine,Marié(e),Secondaire,3,Commerce informel,9.9,44000,18000,40,0,21900,Régulière,0,,,1,12,1,Pret en cours ailleurs,1,261000,Fonds de commerce,141000,3,Aucune,2.14,0
CSWA-00072,27,Femme,Urbaine,Veuf(ve),Secondaire,1,Commerce informel,3.3,102000,67000,44,0,33200,Irrégulière,2,61.2,5.0,0,0,0,Non consulté,0,0,Fonds de commerce,211000,18,Caution solidaire,0.79,0
CSWA-00073,40,Homme,Urbaine,Marié(e),Primaire,5,Fonctionnaire,3.3,118000,54000,79,1,11000,Régulière,2,73.7,4.0,0,0,1,Jamais emprunté ailleurs,0,0,Santé,608000,12,Aucune,0.94,0
CSWA-00074,25,Femme,Urbaine,Célibataire,Primaire,2,Commerce informel,3.5,73000,26000,145,1,124300,Irrégulière,2,93.6,5.0,1,7,1,Pret en cours ailleurs,2,137000,Intrants agricoles,73000,9,Bien matériel,0.65,0
CSWA-00075,51,Homme,Semi-urbaine,Marié(e),Primaire,2,Commerce informel,5.3,142000,66000,159,0,277900,Irrégulière,1,87.5,3.0,1,14,1,Jamais emprunté ailleurs,0,0,Fonds de commerce,660000,6,Caution solidaire,1.33,1
CSWA-00076,41,Femme,Rurale,Célibataire,Primaire,1,Agriculture,6.4,23000,11000,96,0,28400,Aucune épargne,2,99.6,8.0,1,11,1,Jamais emprunté ailleurs,0,0,Santé,122000,9,Caution solidaire,1.14,0
CSWA-00077,34,Femme,Rurale,Marié(e),Aucun,2,Commerce informel,6.4,98000,61000,131,0,34900,Irrégulière,2,68.5,6.0,1,11,1,Bon payeur ailleurs (solde sans incident),0,0,Santé,305000,18,Bien matériel,0.82,0
CSWA-00078,29,Homme,Urbaine,Marié(e),Primaire,6,Transport,3.6,124000,71000,11,1,7200,Régulière,1,80.7,1.0,1,9,1,Bon payeur ailleurs (solde sans incident),0,0,Habitat/Réparation,279000,36,Caution solidaire,0.64,0
CSWA-00079,45,Homme,Urbaine,Célibataire,Primaire,3,Salarié secteur formel,9.5,106000,55000,136,1,172200,Régulière,0,,,1,3,1,Bon payeur ailleurs (solde sans incident),0,0,Education,395000,18,Caution solidaire,0.75,0
CSWA-00080,50,Homme,Semi-urbaine,Célibataire,Primaire,4,Agriculture,5.1,36000,18000,117,0,48500,Régulière,1,83.9,6.0,1,5,0,Non consulté,0,0,Habitat/Réparation,174000,3,Caution solidaire,2.31,0
CSWA-00081,63,Homme,Urbaine,Marié(e),Primaire,4,Commerce informel,8.7,140000,68000,60,0,111900,Irrégulière,2,94.2,9.0,1,7,1,Jamais emprunté ailleurs,0,0,Habitat/Réparation,507000,12,Caution solidaire,0.82,0
CSWA-00082,39,Homme,Urbaine,Marié(e),Aucun,4,Salarié secteur formel,5.5,146000,114000,113,0,138000,Aucune épargne,0,,,0,0,1,Jamais emprunté ailleurs,0,0,Santé,603000,6,Caution solidaire,1.55,0
CSWA-00083,26,Femme,Rurale,Marié(e),Primaire,3,Restauration/Transformation,3.5,171000,99000,171,0,143000,Irrégulière,1,61.1,18.0,1,9,1,Bon payeur ailleurs (solde sans incident),0,0,Intrants agricoles,434000,24,Caution solidaire,0.7,0
CSWA-00084,58,Homme,Urbaine,Divorcé(e),Primaire,4,Elevage,4.2,55000,43000,179,1,62600,Régulière,2,96.3,4.0,1,11,1,Incident de paiement signale ailleurs,0,0,Habitat/Réparation,95000,9,Caution solidaire,1.0,0
CSWA-00085,48,Femme,Urbaine,Célibataire,Secondaire,0,Agriculture,3.0,90000,76000,116,1,48500,Aucune épargne,1,83.6,0.0,1,7,1,Bon payeur ailleurs (solde sans incident),0,0,Education,327000,12,Caution solidaire,1.18,0
CSWA-00086,51,Homme,Semi-urbaine,Célibataire,Primaire,0,Elevage,1.8,97000,58000,117,0,110700,Aucune épargne,2,69.5,1.0,0,0,0,Non consulté,0,0,Equipement/Matériel,408000,9,Caution solidaire,1.12,0
CSWA-00087,23,Homme,Rurale,Célibataire,Aucun,1,Commerce informel,5.9,32000,26000,119,1,28900,Régulière,1,99.5,2.0,1,9,1,Pret en cours ailleurs,1,135000,Fonds de commerce,166000,12,Bien matériel,1.68,0
CSWA-00088,33,Homme,Urbaine,Célibataire,Aucun,3,Agriculture,2.7,88000,38000,24,1,18300,Irrégulière,1,96.8,4.0,1,6,1,Jamais emprunté ailleurs,0,0,Education,403000,9,Aucune,1.0,0
CSWA-00089,55,Femme,Urbaine,Marié(e),Primaire,2,Restauration/Transformation,2.2,87000,44000,63,0,55900,Régulière,1,37.2,2.0,1,4,1,Jamais emprunté ailleurs,0,0,Fonds de commerce,159000,3,Aval d'un tiers,1.19,0
CSWA-00090,58,Femme,Rurale,Marié(e),Aucun,2,Agriculture,8.5,122000,83000,179,0,83900,Aucune épargne,2,66.3,5.0,0,0,1,Jamais emprunté ailleurs,0,0,Equipement/Matériel,331000,3,Aval d'un tiers,1.69,0
CSWA-00091,39,Homme,Urbaine,Célibataire,Primaire,4,Restauration/Transformation,11.0,59000,28000,12,1,9500,Régulière,2,96.5,6.0,0,0,1,Pret en cours ailleurs,2,94000,Habitat/Réparation,188000,3,Bien matériel,1.81,0
CSWA-00092,56,Femme,Urbaine,Marié(e),Primaire,0,Restauration/Transformation,3.3,161000,104000,57,1,9400,Aucune épargne,3,89.3,1.0,1,7,1,Incident de paiement signale ailleurs,0,0,Fonds de commerce,768000,9,Bien matériel,1.24,0
CSWA-00093,58,Femme,Rurale,Marié(e),Supérieur,5,Restauration/Transformation,26.2,84000,67000,163,0,53700,Irrégulière,2,95.4,9.0,1,9,0,Non consulté,0,0,Elevage,187000,12,Bien matériel,1.01,0
CSWA-00094,37,Homme,Rurale,Célibataire,Secondaire,1,Artisanat,8.3,207000,173000,126,1,56300,Irrégulière,0,,,1,6,1,Jamais emprunté ailleurs,0,0,Equipement/Matériel,316000,9,Caution solidaire,1.03,1
CSWA-00095,61,Femme,Semi-urbaine,Veuf(ve),Aucun,4,Commerce informel,5.9,122000,75000,71,0,55100,Régulière,2,72.3,8.0,1,8,1,Bon payeur ailleurs (solde sans incident),0,0,Equipement/Matériel,657000,24,Caution solidaire,0.87,0
CSWA-00096,32,Homme,Urbaine,Célibataire,Primaire,3,Restauration/Transformation,1.3,94000,68000,108,0,144000,Irrégulière,0,,,1,9,1,Jamais emprunté ailleurs,0,0,Intrants agricoles,248000,18,Aucune,0.89,0
CSWA-00097,30,Homme,Urbaine,Marié(e),Secondaire,4,Transport,7.2,42000,27000,137,1,71700,Irrégulière,0,,,1,8,1,Jamais emprunté ailleurs,0,0,Habitat/Réparation,66000,12,Caution solidaire,0.79,0
CSWA-00098,51,Femme,Rurale,Divorcé(e),Aucun,5,Commerce informel,2.5,39000,22000,64,1,18900,Régulière,1,53.3,8.0,1,10,1,Pret en cours ailleurs,2,230000,Equipement/Matériel,208000,9,Caution solidaire,1.76,0
CSWA-00099,48,Homme,Rurale,Marié(e),Supérieur,1,Salarié secteur formel,2.8,207000,109000,167,0,215400,Irrégulière,1,77.8,1.0,1,14,1,Pret en cours ailleurs,1,440000,Habitat/Réparation,405000,12,Caution solidaire,0.9,0
CSWA-00100,25,Homme,Urbaine,Marié(e),Primaire,3,Fonctionnaire,7.6,199000,131000,74,0,13400,Aucune épargne,3,36.1,23.0,1,15,0,Non consulté,0,0,Intrants agricoles,479000,3,Caution solidaire,1.56,0
CSWA-00101,58,Femme,Rurale,Divorcé(e),Aucun,4,Restauration/Transformation,15.1,69000,36000,159,1,82600,Irrégulière,0,,,1,7,0,Non consulté,0,0,Evénement social,146000,6,Aucune,0.92,0
CSWA-00102,28,Homme,Urbaine,Célibataire,Aucun,0,Commerce informel,6.0,64000,46000,118,1,30700,Régulière,0,,,1,15,1,Pret en cours ailleurs,1,99000,Fonds de commerce,262000,24,Bien matériel,1.05,0
CSWA-00103,56,Femme,Semi-urbaine,Veuf(ve),Supérieur,4,Restauration/Transformation,9.4,91000,38000,9,0,1000,Irrégulière,1,89.4,4.0,1,11,1,Bon payeur ailleurs (solde sans incident),0,0,Habitat/Réparation,200000,6,Caution solidaire,0.83,0
CSWA-00104,19,Femme,Semi-urbaine,Célibataire,Supérieur,1,Agriculture,14.9,39000,28000,157,1,77900,Aucune épargne,1,99.1,4.0,0,0,1,Jamais emprunté ailleurs,0,0,Evénement social,80000,12,Bien matériel,0.91,1
CSWA-00105,56,Femme,Rurale,Célibataire,Secondaire,3,Agriculture,1.8,62000,38000,21,0,14200,Régulière,1,81.7,1.0,1,11,1,Jamais emprunté ailleurs,0,0,Education,125000,12,Caution solidaire,0.8,0
CSWA-00106,55,Femme,Semi-urbaine,Marié(e),Primaire,7,Commerce informel,7.7,113000,44000,171,1,272700,Régulière,1,98.4,7.0,1,3,1,Jamais emprunté ailleurs,0,0,Equipement/Matériel,525000,6,Caution solidaire,1.26,0
CSWA-00107,55,Femme,Semi-urbaine,Marié(e),Secondaire,4,Restauration/Transformation,11.2,122000,94000,3,1,7900,Régulière,3,90.6,3.0,1,10,1,Jamais emprunté ailleurs,0,0,Fonds de commerce,456000,6,Caution solidaire,1.47,0
CSWA-00108,50,Femme,Urbaine,Veuf(ve),Aucun,2,Artisanat,10.2,66000,41000,179,1,90000,Régulière,1,95.2,1.0,1,9,1,Jamais emprunté ailleurs,0,0,Intrants agricoles,294000,6,Aval d'un tiers,1.45,0
CSWA-00109,41,Homme,Urbaine,Veuf(ve),Primaire,3,Agriculture,10.7,195000,140000,85,0,141900,Irrégulière,1,95.1,9.0,1,7,1,Jamais emprunté ailleurs,0,0,Equipement/Matériel,485000,12,Aucune,0.95,0
CSWA-00110,52,Homme,Rurale,Marié(e),Secondaire,1,Agriculture,3.9,144000,59000,22,1,42100,Régulière,2,86.6,4.0,1,8,1,Incident de paiement signale ailleurs,0,0,Education,161000,6,Caution solidaire,0.62,0
CSWA-00111,32,Femme,Urbaine,Marié(e),Supérieur,2,Agriculture,6.6,53000,23000,38,0,6800,Régulière,1,86.5,17.0,0,0,1,Pret en cours ailleurs,1,74000,Fonds de commerce,161000,12,Bien matériel,0.84,0
CSWA-00112,55,Femme,Rurale,Marié(e),Primaire,9,Agriculture,11.3,40000,32000,34,0,1800,Régulière,1,83.9,6.0,0,0,1,Jamais emprunté ailleurs,0,0,Fonds de commerce,201000,6,Bien matériel,1.74,0
CSWA-00113,45,Homme,Urbaine,Marié(e),Primaire,4,Elevage,7.6,112000,65000,97,1,109400,Régulière,1,80.8,4.0,1,9,1,Jamais emprunté ailleurs,0,0,Habitat/Réparation,373000,6,Caution solidaire,1.2,0
CSWA-00114,40,Femme,Semi-urbaine,Veuf(ve),Aucun,1,Commerce informel,2.3,63000,31000,38,0,18700,Irrégulière,2,87.0,4.0,1,10,1,Pret en cours ailleurs,1,202000,Fonds de commerce,163000,12,Caution solidaire,1.02,1
CSWA-00115,42,Homme,Rurale,Marié(e),Primaire,6,Agriculture,2.6,57000,35000,144,0,74100,Irrégulière,0,,,1,9,1,Jamais emprunté ailleurs,0,0,Fonds de commerce,189000,6,Aucune,1.23,0
CSWA-00116,45,Femme,Semi-urbaine,Marié(e),Aucun,4,Commerce informel,10.4,91000,49000,176,1,213800,Irrégulière,2,82.6,1.0,1,9,1,Pret en cours ailleurs,1,129000,Fonds de commerce,253000,9,Aucune,1.01,0
CSWA-00117,20,Homme,Rurale,Veuf(ve),Secondaire,5,Transport,0.7,120000,100000,54,0,88300,Aucune épargne,1,71.2,5.0,1,8,1,Incident de paiement signale ailleurs,0,0,Fonds de commerce,621000,12,Aucune,1.32,0
CSWA-00118,25,Homme,Urbaine,Marié(e),Aucun,3,Elevage,7.8,125000,56000,18,0,13200,Régulière,1,61.6,0.0,0,0,1,Bon payeur ailleurs (solde sans incident),0,0,Equipement/Matériel,658000,6,Caution solidaire,1.43,0
CSWA-00119,30,Homme,Semi-urbaine,Marié(e),Secondaire,2,Transport,8.7,83000,51000,10,1,8700,Irrégulière,2,66.1,8.0,0,0,1,Jamais emprunté ailleurs,0,0,Equipement/Matériel,180000,18,Caution solidaire,0.75,0
CSWA-00120,24,Homme,Urbaine,Marié(e),Aucun,3,Agriculture,7.0,23000,12000,126,0,21900,Régulière,0,,,1,9,0,Non consulté,0,0,Intrants agricoles,98000,12,Caution solidaire,0.92,0
CSWA-00121,39,Homme,Urbaine,Marié(e),Primaire,6,Commerce informel,8.8,137000,59000,136,0,158100,Irrégulière,4,92.2,19.0,0,0,1,Jamais emprunté ailleurs,0,0,Intrants agricoles,208000,3,Aucune,1.0,1
CSWA-00122,50,Homme,Urbaine,Marié(e),Aucun,5,Commerce informel,8.7,52000,36000,173,0,110300,Aucune épargne,2,81.2,2.0,1,13,1,Bon payeur ailleurs (solde sans incident),0,0,Fonds de commerce,224000,9,Aucune,1.23,0
CSWA-00123,49,Homme,Rurale,Marié(e),Primaire,4,Commerce informel,0.9,96000,40000,25,0,10600,Aucune épargne,4,77.1,5.0,0,0,1,Jamais emprunté ailleurs,0,0,Education,84000,6,Caution solidaire,0.58,0
CSWA-00124,41,Homme,Urbaine,Marié(e),Primaire,6,Agriculture,1.4,76000,37000,104,0,13200,Irrégulière,1,93.4,7.0,1,13,1,Bon payeur ailleurs (solde sans incident),0,0,Equipement/Matériel,136000,6,Bien matériel,0.82,0
CSWA-00125,59,Homme,Urbaine,Marié(e),Secondaire,3,Transport,3.3,278000,165000,36,0,103500,Régulière,3,87.5,10.0,1,14,1,Jamais emprunté ailleurs,0,0,Habitat/Réparation,1025000,24,Aval d'un tiers,0.77,0
CSWA-00126,45,Homme,Urbaine,Marié(e),Supérieur,1,Commerce informel,7.0,251000,141000,2,0,10900,Régulière,2,77.9,9.0,1,7,1,Pret en cours ailleurs,2,142000,Habitat/Réparation,598000,9,Caution solidaire,0.91,1
CSWA-00127,22,Homme,Urbaine,Marié(e),Primaire,1,Agriculture,6.6,63000,51000,78,1,23100,Régulière,4,94.5,2.0,1,13,1,Bon payeur ailleurs (solde sans incident),0,0,Fonds de commerce,96000,9,Bien matériel,1.0,0
CSWA-00128,54,Homme,Urbaine,Divorcé(e),Primaire,4,Commerce informel,2.7,39000,26000,12,0,1000,Régulière,3,70.9,5.0,0,0,1,Bon payeur ailleurs (solde sans incident),0,0,Education,66000,9,Caution solidaire,0.88,0
CSWA-00129,46,Homme,Rurale,Marié(e),Supérieur,1,Agriculture,11.6,40000,15000,29,0,16600,Irrégulière,0,,,0,0,1,Bon payeur ailleurs (solde sans incident),0,0,Intrants agricoles,178000,6,Aucune,1.2,0
CSWA-00130,48,Homme,Urbaine,Marié(e),Aucun,6,Artisanat,17.2,94000,40000,128,0,151200,Régulière,1,54.2,9.0,1,10,0,Non consulté,0,0,Habitat/Réparation,490000,18,Caution solidaire,0.75,0
CSWA-00131,45,Homme,Urbaine,Veuf(ve),Secondaire,4,Commerce informel,8.7,60000,39000,39,0,25900,Régulière,1,73.9,7.0,1,6,1,Jamais emprunté ailleurs,0,0,Equipement/Matériel,245000,12,Aval d'un tiers,1.03,0
CSWA-00132,45,Femme,Rurale,Marié(e),Supérieur,3,Commerce informel,6.5,44000,20000,72,1,26300,Irrégulière,1,78.8,3.0,1,4,1,Jamais emprunté ailleurs,0,0,Fonds de commerce,67000,6,Caution solidaire,0.74,0
CSWA-00133,23,Femme,Rurale,Marié(e),Secondaire,5,Restauration/Transformation,7.1,61000,27000,172,0,8000,Irrégulière,1,71.3,2.0,0,0,1,Bon payeur ailleurs (solde sans incident),0,0,Education,111000,12,Caution solidaire,0.61,0
CSWA-00134,45,Femme,Urbaine,Célibataire,Primaire,4,Agriculture,3.6,104000,88000,92,1,139500,Régulière,1,52.7,0.0,1,5,1,Jamais emprunté ailleurs,0,0,Fonds de commerce,364000,12,Aucune,1.17,0
CSWA-00135,56,Femme,Urbaine,Marié(e),Secondaire,5,Agriculture,2.2,77000,54000,25,0,6200,Irrégulière,1,90.4,2.0,1,8,1,Bon payeur ailleurs (solde sans incident),0,0,Santé,235000,6,Caution solidaire,1.27,0
CSWA-00136,33,Femme,Urbaine,Marié(e),Primaire,5,Restauration/Transformation,9.6,62000,31000,9,0,6000,Régulière,0,,,0,0,1,Pret en cours ailleurs,1,153000,Evénement social,194000,36,Aval d'un tiers,0.82,0
CSWA-00137,47,Homme,Semi-urbaine,Célibataire,Primaire,3,Commerce informel,8.7,66000,24000,73,0,40300,Irrégulière,2,96.8,4.0,1,8,0,Non consulté,0,0,Habitat/Réparation,201000,12,Caution solidaire,0.65,0
CSWA-00138,20,Femme,Urbaine,Célibataire,Supérieur,2,Salarié secteur formel,9.6,116000,87000,162,0,83800,Aucune épargne,5,96.4,11.0,1,10,1,Jamais emprunté ailleurs,0,0,Equipement/Matériel,286000,9,Aucune,1.06,0
CSWA-00139,35,Femme,Urbaine,Marié(e),Aucun,3,Transport,6.8,91000,58000,7,1,5800,Irrégulière,2,60.6,3.0,1,6,1,Bon payeur ailleurs (solde sans incident),0,0,Intrants agricoles,111000,12,Aucune,0.75,0
CSWA-00140,39,Femme,Rurale,Marié(e),Secondaire,1,Agriculture,2.1,94000,48000,163,0,134700,Aucune épargne,0,,,1,11,0,Non consulté,0,0,Elevage,296000,12,Caution solidaire,0.8,0
CSWA-00141,65,Femme,Urbaine,Marié(e),Primaire,0,Elevage,2.0,33000,20000,86,1,30200,Régulière,0,,,0,0,1,Bon payeur ailleurs (solde sans incident),0,0,Intrants agricoles,170000,36,Bien matériel,0.77,0
CSWA-00142,29,Femme,Urbaine,Célibataire,Aucun,3,Agriculture,2.7,89000,71000,109,0,109200,Régulière,1,71.0,1.0,1,10,1,Jamais emprunté ailleurs,0,0,Fonds de commerce,333000,24,Caution solidaire,0.97,0
CSWA-00143,31,Femme,Urbaine,Marié(e),Secondaire,1,Transport,12.6,66000,25000,99,0,5500,Irrégulière,1,92.2,0.0,1,10,1,Jamais emprunté ailleurs,0,0,Equipement/Matériel,240000,3,Caution solidaire,1.74,0
CSWA-00144,38,Femme,Rurale,Marié(e),Secondaire,2,Commerce informel,1.8,46000,33000,86,1,51900,Irrégulière,1,94.6,0.0,1,9,1,Bon payeur ailleurs (solde sans incident),0,0,Fonds de commerce,211000,36,Aval d'un tiers,0.86,0
CSWA-00145,65,Homme,Rurale,Marié(e),Primaire,3,Restauration/Transformation,5.0,66000,52000,57,1,41000,Régulière,2,82.3,3.0,1,10,1,Jamais emprunté ailleurs,0,0,Elevage,308000,6,Bien matériel,1.66,0
CSWA-00146,59,Femme,Rurale,Veuf(ve),Secondaire,2,Agriculture,3.8,153000,93000,71,0,128300,Irrégulière,3,62.4,38.0,0,0,1,Bon payeur ailleurs (solde sans incident),0,0,Elevage,333000,3,Caution solidaire,1.42,0
CSWA-00147,20,Homme,Semi-urbaine,Marié(e),Primaire,9,Transport,2.0,126000,105000,132,0,90200,Régulière,1,74.9,6.0,1,6,1,Bon payeur ailleurs (solde sans incident),0,0,Equipement/Matériel,574000,3,Caution solidaire,2.53,0
CSWA-00148,29,Femme,Urbaine,Marié(e),Supérieur,0,Autre service,7.4,85000,40000,36,1,32200,Régulière,0,,,1,10,1,Bon payeur ailleurs (solde sans incident),0,0,Santé,403000,24,Caution solidaire,0.69,0
CSWA-00149,57,Femme,Semi-urbaine,Marié(e),Secondaire,4,Commerce informel,12.8,49000,35000,144,1,65700,Régulière,2,62.4,2.0,1,8,1,Jamais emprunté ailleurs,0,0,Elevage,147000,12,Aucune,0.99,0
CSWA-00150,21,Homme,Rurale,Célibataire,Secondaire,0,Agriculture,5.3,38000,21000,170,1,34200,Régulière,1,73.0,5.0,0,0,1,Incident de paiement signale ailleurs,0,0,Education,129000,6,Caution solidaire,1.19,0
CSWA-00151,59,Femme,Semi-urbaine,Marié(e),Aucun,3,Artisanat,1.6,48000,26000,91,0,12200,Irrégulière,0,,,1,10,1,Jamais emprunté ailleurs,0,0,Intrants agricoles,194000,6,Caution solidaire,1.3,0
CSWA-00152,32,Homme,Rurale,Veuf(ve),Primaire,2,Artisanat,4.4,81000,54000,89,0,64000,Irrégulière,3,87.6,4.0,1,10,1,Jamais emprunté ailleurs,0,0,Santé,358000,9,Caution solidaire,1.22,0
CSWA-00153,62,Femme,Urbaine,Marié(e),Supérieur,3,Commerce informel,3.7,82000,54000,146,1,139200,Irrégulière,3,97.2,2.0,0,0,1,Bon payeur ailleurs (solde sans incident),0,0,Fonds de commerce,132000,12,Caution solidaire,0.81,0
CSWA-00154,32,Femme,Urbaine,Marié(e),Aucun,7,Artisanat,4.5,56000,30000,20,0,6000,Régulière,1,75.4,5.0,1,4,1,Bon payeur ailleurs (solde sans incident),0,0,Fonds de commerce,248000,12,Caution solidaire,0.95,0
CSWA-00155,39,Femme,Rurale,Marié(e),Primaire,4,Restauration/Transformation,4.8,131000,70000,141,0,241200,Aucune épargne,1,92.4,8.0,0,0,0,Non consulté,0,0,Fonds de commerce,142000,6,Caution solidaire,0.74,0
CSWA-00156,50,Femme,Urbaine,Marié(e),Secondaire,2,Fonctionnaire,14.0,132000,78000,143,0,246800,Régulière,1,87.5,9.0,0,0,1,Jamais emprunté ailleurs,0,0,Santé,598000,36,Bien matériel,0.73,0
CSWA-00157,24,Homme,Rurale,Marié(e),Secondaire,7,Restauration/Transformation,7.1,20000,17000,62,0,14300,Régulière,0,,,1,11,1,Pret en cours ailleurs,1,159000,Habitat/Réparation,30000,24,Aucune,1.64,0
CSWA-00158,45,Homme,Urbaine,Célibataire,Secondaire,3,Artisanat,7.0,86000,64000,175,1,33300,Irrégulière,2,81.1,4.0,0,0,1,Bon payeur ailleurs (solde sans incident),0,0,Fonds de commerce,212000,12,Aucune,0.97,0
CSWA-00159,42,Homme,Urbaine,Marié(e),Secondaire,4,Commerce informel,3.6,122000,65000,90,1,86300,Irrégulière,1,89.8,14.0,0,0,1,Jamais emprunté ailleurs,0,0,Evénement social,524000,6,Caution solidaire,1.33,0
CSWA-00160,55,Homme,Semi-urbaine,Célibataire,Supérieur,6,Commerce informel,9.4,90000,48000,51,0,67700,Irrégulière,1,80.3,4.0,1,12,1,Pret en cours ailleurs,1,213000,Equipement/Matériel,230000,9,Aucune,1.06,1
CSWA-00161,65,Femme,Rurale,Marié(e),Primaire,1,Artisanat,10.1,111000,89000,46,1,21100,Irrégulière,0,,,1,10,1,Jamais emprunté ailleurs,0,0,Intrants agricoles,119000,24,Caution solidaire,0.85,0
CSWA-00162,50,Homme,Rurale,Marié(e),Secondaire,5,Artisanat,8.0,70000,52000,124,1,7500,Aucune épargne,0,,,1,9,1,Pret en cours ailleurs,1,182000,Intrants agricoles,83000,12,Caution solidaire,1.09,1
CSWA-00163,38,Homme,Urbaine,Marié(e),Secondaire,0,Salarié secteur formel,7.5,97000,66000,167,0,128600,Irrégulière,3,96.5,7.0,1,8,0,Non consulté,0,0,Habitat/Réparation,283000,12,Bien matériel,0.95,0
CSWA-00164,38,Femme,Rurale,Marié(e),Secondaire,3,Agriculture,2.0,79000,56000,180,0,60300,Régulière,0,,,1,8,1,Jamais emprunté ailleurs,0,0,Evénement social,285000,9,Aucune,1.16,0
CSWA-00165,38,Femme,Semi-urbaine,Marié(e),Aucun,2,Commerce informel,6.9,89000,34000,163,0,162400,Irrégulière,1,93.6,5.0,1,11,1,Bon payeur ailleurs (solde sans incident),0,0,Santé,225000,6,Aucune,0.85,0
CSWA-00166,57,Homme,Rurale,Divorcé(e),Primaire,3,Commerce informel,12.1,59000,23000,21,0,17500,Irrégulière,2,88.4,4.0,0,0,1,Pret en cours ailleurs,1,133000,Fonds de commerce,275000,18,Aval d'un tiers,0.88,0
CSWA-00167,34,Femme,Rurale,Veuf(ve),Primaire,4,Elevage,7.1,147000,75000,130,1,127200,Irrégulière,1,90.9,2.0,1,8,1,Incident de paiement signale ailleurs,0,0,Santé,653000,12,Aucune,0.92,0
CSWA-00168,26,Femme,Rurale,Célibataire,Secondaire,5,Agriculture,8.7,177000,104000,147,0,313300,Régulière,1,86.7,9.0,1,11,1,Bon payeur ailleurs (solde sans incident),0,0,Education,418000,12,Bien matériel,0.81,0
CSWA-00169,34,Homme,Urbaine,Veuf(ve),Primaire,4,Commerce informel,4.5,60000,42000,40,0,26000,Irrégulière,0,,,1,7,1,Bon payeur ailleurs (solde sans incident),0,0,Fonds de commerce,213000,36,Aval d'un tiers,0.81,0
CSWA-00170,20,Femme,Rurale,Marié(e),Secondaire,2,Commerce informel,3.4,42000,31000,90,1,38500,Irrégulière,2,95.9,14.0,1,10,1,Jamais emprunté ailleurs,0,0,Education,157000,36,Aval d'un tiers,0.85,0
CSWA-00171,23,Homme,Semi-urbaine,Marié(e),Secondaire,4,Agriculture,2.5,39000,31000,10,0,1000,Irrégulière,1,89.1,12.0,0,0,1,Jamais emprunté ailleurs,0,0,Education,111000,6,Caution solidaire,1.33,0
CSWA-00172,23,Homme,Rurale,Marié(e),Aucun,1,Agriculture,11.0,101000,49000,121,1,134100,Régulière,1,84.8,4.0,0,0,0,Non consulté,0,0,Santé,94000,6,Aucune,0.66,0
CSWA-00173,55,Femme,Rurale,Veuf(ve),Primaire,5,Autre service,5.1,112000,81000,108,1,142000,Régulière,0,,,1,12,0,Non consulté,0,0,Equipement/Matériel,476000,24,Aval d'un tiers,0.92,1
CSWA-00174,52,Homme,Rurale,Marié(e),Primaire,5,Salarié secteur formel,10.2,273000,231000,33,0,12900,Aucune épargne,1,81.2,1.0,1,12,1,Pret en cours ailleurs,1,226000,Fonds de commerce,1061000,12,Aval d'un tiers,1.28,0
CSWA-00175,51,Homme,Rurale,Marié(e),Aucun,3,Commerce informel,4.1,106000,48000,32,1,46300,Régulière,2,67.6,2.0,0,0,1,Pret en cours ailleurs,1,110000,Fonds de commerce,205000,18,Bien matériel,0.67,0
CSWA-00176,40,Femme,Semi-urbaine,Célibataire,Primaire,3,Restauration/Transformation,10.6,59000,23000,40,1,16800,Régulière,0,,,1,6,1,Jamais emprunté ailleurs,0,0,Fonds de commerce,193000,18,Caution solidaire,0.59,0
CSWA-00177,52,Homme,Rurale,Marié(e),Primaire,1,Elevage,5.8,27000,22000,114,0,35900,Irrégulière,1,99.2,0.0,0,0,1,Jamais emprunté ailleurs,0,0,Evénement social,113000,24,Caution solidaire,1.01,0
CSWA-00178,26,Femme,Urbaine,Célibataire,Secondaire,5,Fonctionnaire,4.4,123000,51000,101,1,131300,Régulière,3,94.2,11.0,1,8,1,Bon payeur ailleurs (solde sans incident),0,0,Elevage,605000,9,Bien matériel,1.03,0
CSWA-00179,61,Homme,Urbaine,Marié(e),Primaire,1,Artisanat,4.5,201000,143000,93,0,225400,Régulière,4,74.4,8.0,1,6,0,Non consulté,0,0,Equipement/Matériel,938000,12,Aval d'un tiers,1.15,0
CSWA-00180,42,Femme,Rurale,Célibataire,Aucun,3,Commerce informel,9.2,93000,51000,46,1,2800,Régulière,2,52.0,15.0,1,5,0,Non consulté,0,0,Fonds de commerce,355000,3,Aucune,1.97,0
CSWA-00181,63,Femme,Urbaine,Veuf(ve),Primaire,2,Commerce informel,7.1,102000,54000,143,0,142500,Irrégulière,1,99.5,6.0,1,12,1,Jamais emprunté ailleurs,0,0,Intrants agricoles,88000,6,Aucune,0.69,0
CSWA-00182,26,Femme,Rurale,Marié(e),Secondaire,2,Autre service,9.2,133000,109000,108,1,71700,Aucune épargne,2,97.7,1.0,1,8,1,Jamais emprunté ailleurs,0,0,Elevage,595000,9,Aval d'un tiers,1.38,0
CSWA-00183,42,Femme,Semi-urbaine,Marié(e),Primaire,1,Fonctionnaire,12.0,95000,50000,55,1,30500,Aucune épargne,1,90.1,4.0,1,9,0,Non consulté,0,0,Education,143000,3,Caution solidaire,1.09,0
CSWA-00184,51,Homme,Rurale,Marié(e),Primaire,4,Elevage,4.9,91000,50000,16,1,3400,Irrégulière,1,51.2,17.0,1,9,0,Non consulté,0,0,Equipement/Matériel,416000,6,Caution solidaire,1.4,0
CSWA-00185,42,Femme,Urbaine,Marié(e),Supérieur,5,Artisanat,8.0,107000,38000,155,1,144500,Irrégulière,2,87.9,10.0,0,0,1,Jamais emprunté ailleurs,0,0,Equipement/Matériel,410000,6,Aval d'un tiers,1.07,0
CSWA-00186,39,Homme,Rurale,Marié(e),Aucun,3,Artisanat,5.3,48000,21000,141,0,73900,Aucune épargne,1,59.3,0.0,1,7,1,Bon payeur ailleurs (solde sans incident),0,0,Fonds de commerce,255000,12,Caution solidaire,0.93,0
CSWA-00187,26,Femme,Rurale,Marié(e),Primaire,1,Transport,4.2,99000,53000,55,1,21300,Aucune épargne,3,93.2,6.0,1,4,1,Jamais emprunté ailleurs,0,0,Fonds de commerce,322000,9,Caution solidaire,0.94,0
CSWA-00188,36,Femme,Urbaine,Marié(e),Primaire,3,Elevage,7.2,165000,113000,50,0,21600,Régulière,2,87.7,4.0,0,0,1,Pret en cours ailleurs,1,521000,Equipement/Matériel,487000,12,Aval d'un tiers,1.24,0
CSWA-00189,30,Homme,Rurale,Marié(e),Secondaire,1,Commerce informel,1.9,65000,25000,175,0,162500,Irrégulière,1,78.5,10.0,1,8,1,Bon payeur ailleurs (solde sans incident),0,0,Equipement/Matériel,148000,12,Aval d'un tiers,0.6,0
CSWA-00190,33,Femme,Rurale,Marié(e),Secondaire,2,Agriculture,9.8,31000,16000,133,1,16000,Aucune épargne,0,,,0,0,1,Bon payeur ailleurs (solde sans incident),0,0,Santé,57000,12,Aucune,0.69,1
CSWA-00191,51,Homme,Semi-urbaine,Veuf(ve),Aucun,8,Artisanat,6.7,89000,47000,27,1,12400,Aucune épargne,2,75.7,5.0,1,8,1,Pret en cours ailleurs,1,103000,Fonds de commerce,95000,6,Aval d'un tiers,0.83,0
CSWA-00192,48,Femme,Urbaine,Marié(e),Secondaire,3,Agriculture,3.5,56000,42000,30,0,22300,Aucune épargne,3,80.5,10.0,1,8,1,Jamais emprunté ailleurs,0,0,Evénement social,298000,18,Caution solidaire,1.08,0
CSWA-00193,47,Femme,Urbaine,Marié(e),Secondaire,1,Transport,6.8,89000,43000,96,0,55300,Aucune épargne,0,,,1,12,0,Non consulté,0,0,Fonds de commerce,109000,12,Bien matériel,0.6,0
CSWA-00194,36,Homme,Rurale,Marié(e),Secondaire,4,Fonctionnaire,1.5,159000,127000,144,1,118800,Régulière,2,87.9,9.0,1,4,1,Jamais emprunté ailleurs,0,0,Santé,263000,12,Caution solidaire,0.95,0
CSWA-00195,64,Femme,Urbaine,Marié(e),Supérieur,5,Commerce informel,2.4,84000,69000,10,1,1100,Irrégulière,1,93.5,6.0,1,11,1,Jamais emprunté ailleurs,0,0,Intrants agricoles,444000,18,Aucune,1.15,0
CSWA-00196,23,Femme,Rurale,Veuf(ve),Secondaire,3,Salarié secteur formel,2.4,180000,83000,3,0,19300,Régulière,1,86.0,12.0,1,8,0,Non consulté,0,0,Evénement social,711000,6,Bien matériel,1.2,0
CSWA-00197,35,Homme,Semi-urbaine,Marié(e),Aucun,5,Restauration/Transformation,2.3,80000,43000,110,1,97900,Irrégulière,0,,,1,11,1,Pret en cours ailleurs,1,38000,Habitat/Réparation,116000,9,Aucune,0.76,0
CSWA-00198,24,Femme,Urbaine,Célibataire,Primaire,3,Artisanat,4.9,33000,24000,31,1,4400,Régulière,1,64.7,5.0,1,11,1,Pret en cours ailleurs,1,178000,Intrants agricoles,132000,6,Caution solidaire,1.96,0
CSWA-00199,34,Homme,Rurale,Célibataire,Supérieur,6,Commerce informel,6.7,99000,48000,101,1,92700,Régulière,1,91.8,10.0,1,11,1,Jamais emprunté ailleurs,0,0,Evénement social,419000,3,Caution solidaire,2.06,0
CSWA-00200,64,Femme,Semi-urbaine,Célibataire,Primaire,2,Agriculture,20.9,82000,63000,61,1,5900,Irrégulière,1,87.2,1.0,1,10,1,Jamais emprunté ailleurs,0,0,Intrants agricoles,252000,6,Bien matériel,1.34,0
CSWA-00201,36,Homme,Rurale,Célibataire,Primaire,1,Autre service,10.7,91000,76000,153,0,52100,Irrégulière,0,,,1,12,0,Non consulté,0,0,Fonds de commerce,336000,6,Caution solidaire,1.52,1
CSWA-00202,61,Femme,Rurale,Célibataire,Supérieur,3,Restauration/Transformation,1.2,138000,92000,141,1,237900,Régulière,1,75.7,1.0,0,0,1,Pret en cours ailleurs,1,88000,Fonds de commerce,414000,12,Caution solidaire,1.0,0
CSWA-00203,42,Femme,Rurale,Marié(e),Secondaire,5,Artisanat,14.2,61000,26000,25,1,21700,Aucune épargne,1,82.7,7.0,0,0,1,Jamais emprunté ailleurs,0,0,Intrants agricoles,72000,6,Aval d'un tiers,0.65,0
CSWA-00204,51,Homme,Urbaine,Marié(e),Secondaire,5,Commerce informel,3.6,69000,24000,6,0,7200,Régulière,2,68.0,6.0,0,0,0,Non consulté,0,0,Education,128000,18,Aval d'un tiers,0.46,0
CSWA-00205,40,Homme,Urbaine,Célibataire,Secondaire,5,Agriculture,7.7,46000,26000,77,0,38600,Irrégulière,1,79.9,9.0,1,7,1,Jamais emprunté ailleurs,0,0,Fonds de commerce,158000,6,Caution solidaire,1.21,0
CSWA-00206,31,Femme,Rurale,Marié(e),Aucun,4,Elevage,5.0,90000,42000,134,0,122000,Aucune épargne,2,88.1,14.0,0,0,1,Jamais emprunté ailleurs,0,0,Equipement/Matériel,118000,12,Aucune,0.59,1
CSWA-00207,54,Femme,Rurale,Marié(e),Secondaire,2,Restauration/Transformation,14.8,89000,66000,88,0,11000,Aucune épargne,1,68.4,1.0,1,9,1,Jamais emprunté ailleurs,0,0,Equipement/Matériel,388000,6,Aucune,1.56,0
CSWA-00208,64,Femme,Urbaine,Marié(e),Supérieur,1,Salarié secteur formel,10.2,140000,82000,43,1,51000,Irrégulière,2,87.0,3.0,1,9,1,Bon payeur ailleurs (solde sans incident),0,0,Elevage,713000,12,Caution solidaire,1.06,0
CSWA-00209,31,Homme,Urbaine,Marié(e),Aucun,2,Agriculture,13.5,122000,81000,9,0,11200,Régulière,0,,,1,13,1,Bon payeur ailleurs (solde sans incident),0,0,Santé,238000,9,Caution solidaire,0.91,1
CSWA-00210,55,Homme,Semi-urbaine,Marié(e),Aucun,1,Commerce informel,7.9,46000,30000,180,1,95400,Régulière,0,,,1,16,1,Jamais emprunté ailleurs,0,0,Habitat/Réparation,96000,6,Aucune,1.04,0
CSWA-00211,31,Femme,Urbaine,Marié(e),Secondaire,1,Commerce informel,4.1,87000,32000,160,0,149900,Irrégulière,1,77.9,1.0,1,14,1,Jamais emprunté ailleurs,0,0,Fonds de commerce,213000,6,Bien matériel,0.83,0
CSWA-00212,52,Femme,Rurale,Marié(e),Primaire,4,Commerce informel,8.6,112000,79000,52,0,30100,Régulière,1,67.7,14.0,0,0,1,Jamais emprunté ailleurs,0,0,Intrants agricoles,463000,6,Caution solidaire,1.48,0
CSWA-00213,56,Femme,Rurale,Marié(e),Aucun,3,Commerce informel,12.0,60000,46000,89,0,47200,Régulière,2,86.4,10.0,1,4,1,Bon payeur ailleurs (solde sans incident),0,0,Equipement/Matériel,138000,18,Caution solidaire,0.91,1
CSWA-00214,40,Femme,Rurale,Marié(e),Aucun,2,Agriculture,3.2,38000,22000,27,1,12500,Régulière,1,88.5,3.0,1,5,1,Jamais emprunté ailleurs,0,0,Equipement/Matériel,40000,6,Aval d'un tiers,0.78,0
CSWA-00215,53,Femme,Urbaine,Célibataire,Primaire,4,Transport,7.3,32000,21000,71,0,17300,Régulière,2,77.5,1.0,1,6,1,Incident de paiement signale ailleurs,0,0,Santé,66000,24,Caution solidaire,0.75,0
CSWA-00216,31,Homme,Urbaine,Marié(e),Primaire,6,Agriculture,9.5,88000,37000,123,0,69100,Aucune épargne,0,,,1,14,1,Jamais emprunté ailleurs,0,0,Intrants agricoles,107000,6,Caution solidaire,0.65,1
CSWA-00217,22,Homme,Rurale,Célibataire,Secondaire,3,Salarié secteur formel,3.9,126000,86000,114,0,23800,Irrégulière,0,,,1,5,1,Bon payeur ailleurs (solde sans incident),0,0,Fonds de commerce,106000,6,Caution solidaire,0.84,0
CSWA-00218,23,Femme,Rurale,Marié(e),Secondaire,1,Fonctionnaire,4.5,223000,183000,50,0,93200,Aucune épargne,0,,,1,9,1,Bon payeur ailleurs (solde sans incident),0,0,Evénement social,308000,36,Aucune,0.86,1
CSWA-00219,40,Femme,Urbaine,Marié(e),Secondaire,2,Commerce informel,5.3,104000,73000,64,1,71400,Régulière,2,79.8,9.0,1,8,0,Non consulté,0,0,Equipement/Matériel,225000,6,Aucune,1.11,0
CSWA-00220,61,Homme,Rurale,Célibataire,Aucun,4,Restauration/Transformation,7.4,21000,8000,98,1,11400,Aucune épargne,1,64.1,2.0,1,13,1,Bon payeur ailleurs (solde sans incident),0,0,Elevage,88000,6,Aucune,1.16,0
CSWA-00221,24,Homme,Rurale,Célibataire,Primaire,1,Commerce informel,5.8,99000,50000,95,1,107000,Aucune épargne,1,82.4,7.0,1,4,1,Jamais emprunté ailleurs,0,0,Fonds de commerce,418000,9,Aval d'un tiers,1.03,0
CSWA-00222,40,Femme,Urbaine,Célibataire,Primaire,2,Commerce informel,6.1,44000,36000,139,1,91100,Irrégulière,2,79.0,25.0,1,6,0,Non consulté,0,0,Equipement/Matériel,163000,24,Bien matériel,0.99,0
CSWA-00223,52,Homme,Rurale,Célibataire,Secondaire,2,Commerce informel,15.7,65000,44000,89,1,19500,Régulière,4,93.8,6.0,1,6,0,Non consulté,0,0,Habitat/Réparation,207000,12,Bien matériel,0.97,0
CSWA-00224,28,Homme,Urbaine,Célibataire,Supérieur,4,Commerce informel,5.6,84000,43000,144,0,114300,Régulière,1,93.5,17.0,1,9,1,Jamais emprunté ailleurs,0,0,Habitat/Réparation,90000,36,Aval d'un tiers,0.55,0
CSWA-00225,52,Femme,Rurale,Célibataire,Primaire,6,Restauration/Transformation,13.0,32000,21000,48,1,8100,Aucune épargne,4,76.6,2.0,1,9,1,Jamais emprunté ailleurs,0,0,Education,130000,3,Aucune,2.17,1
CSWA-00226,33,Homme,Urbaine,Célibataire,Supérieur,4,Restauration/Transformation,19.7,456000,197000,40,1,71000,Irrégulière,0,,,1,7,1,Bon payeur ailleurs (solde sans incident),0,0,Education,1264000,6,Bien matériel,0.95,0
CSWA-00227,57,Femme,Rurale,Célibataire,Aucun,4,Artisanat,3.4,58000,47000,172,1,85100,Régulière,2,69.3,8.0,1,7,1,Jamais emprunté ailleurs,0,0,Santé,129000,12,Bien matériel,1.02,0
CSWA-00228,46,Homme,Urbaine,Marié(e),Primaire,4,Artisanat,10.3,113000,62000,38,0,25600,Régulière,0,,,0,0,1,Bon payeur ailleurs (solde sans incident),0,0,Fonds de commerce,442000,24,Bien matériel,0.73,0
CSWA-00229,44,Homme,Rurale,Marié(e),Secondaire,1,Transport,4.3,184000,82000,148,0,256700,Aucune épargne,2,68.6,3.0,1,12,1,Incident de paiement signale ailleurs,0,0,Intrants agricoles,272000,12,Aval d'un tiers,0.58,1
CSWA-00230,27,Femme,Rurale,Marié(e),Primaire,3,Transport,10.0,95000,37000,49,0,46800,Aucune épargne,1,75.8,1.0,0,0,1,Jamais emprunté ailleurs,0,0,Santé,418000,9,Aucune,0.94,1
CSWA-00231,40,Homme,Semi-urbaine,Marié(e),Supérieur,2,Salarié secteur formel,4.2,71000,26000,19,0,8600,Régulière,0,,,0,0,1,Pret en cours ailleurs,1,478000,Fonds de commerce,271000,3,Caution solidaire,2.4,0
CSWA-00232,59,Femme,Rurale,Célibataire,Aucun,2,Restauration/Transformation,1.1,86000,58000,72,0,3300,Irrégulière,1,56.2,6.0,1,15,1,Jamais emprunté ailleurs,0,0,Fonds de commerce,179000,12,Aucune,0.87,1
CSWA-00233,19,Homme,Semi-urbaine,Marié(e),Secondaire,5,Agriculture,9.2,29000,20000,18,0,7200,Aucune épargne,2,94.7,0.0,1,10,0,Non consulté,0,0,Equipement/Matériel,65000,6,Caution solidaire,1.11,0
CSWA-00234,54,Femme,Urbaine,Marié(e),Aucun,2,Elevage,6.3,67000,46000,135,1,130600,Irrégulière,2,63.9,12.0,1,11,1,Jamais emprunté ailleurs,0,0,Elevage,199000,6,Bien matériel,1.24,0
CSWA-00235,42,Femme,Urbaine,Célibataire,Aucun,2,Elevage,12.3,203000,103000,179,0,158600,Irrégulière,3,66.1,8.0,1,2,1,Jamais emprunté ailleurs,0,0,Elevage,914000,3,Bien matériel,2.19,0
CSWA-00236,52,Femme,Urbaine,Marié(e),Primaire,2,Commerce informel,4.1,37000,28000,98,0,47000,Aucune épargne,4,88.1,2.0,1,15,1,Jamais emprunté ailleurs,0,0,Fonds de commerce,76000,3,Bien matériel,1.52,0
CSWA-00237,50,Homme,Rurale,Célibataire,Supérieur,3,Transport,5.6,51000,39000,176,1,123100,Aucune épargne,1,59.4,2.0,1,12,1,Jamais emprunté ailleurs,0,0,Habitat/Réparation,146000,24,Caution solidaire,0.9,1
CSWA-00238,39,Homme,Rurale,Marié(e),Primaire,0,Fonctionnaire,4.0,138000,90000,159,0,78300,Irrégulière,0,,,1,6,1,Jamais emprunté ailleurs,0,0,Equipement/Matériel,425000,24,Aucune,0.8,0
CSWA-00239,33,Homme,Semi-urbaine,Marié(e),Secondaire,2,Autre service,2.4,73000,48000,172,0,93400,Irrégulière,3,61.8,0.0,0,0,0,Non consulté,0,0,Education,304000,6,Caution solidaire,1.43,0
CSWA-00240,48,Femme,Rurale,Marié(e),Aucun,2,Commerce informel,7.2,49000,22000,126,1,9300,Aucune épargne,2,70.0,7.0,0,0,1,Pret en cours ailleurs,1,152000,Intrants agricoles,94000,9,Aucune,0.97,1
CSWA-00241,25,Homme,Rurale,Marié(e),Aucun,6,Commerce informel,5.6,100000,78000,61,1,41700,Irrégulière,1,98.2,7.0,1,10,1,Pret en cours ailleurs,1,188000,Fonds de commerce,542000,6,Caution solidaire,1.96,0
CSWA-00242,46,Homme,Urbaine,Marié(e),Aucun,3,Commerce informel,1.5,62000,24000,111,0,33200,Régulière,1,96.9,7.0,1,12,1,Pret en cours ailleurs,1,339000,Intrants agricoles,68000,6,Caution solidaire,1.08,0
CSWA-00243,23,Homme,Urbaine,Marié(e),Secondaire,7,Transport,12.5,20000,15000,47,1,2600,Irrégulière,1,68.8,16.0,1,13,1,Bon payeur ailleurs (solde sans incident),0,0,Habitat/Réparation,33000,12,Caution solidaire,0.9,0
CSWA-00244,49,Homme,Semi-urbaine,Marié(e),Aucun,3,Artisanat,6.1,38000,21000,94,0,30300,Irrégulière,2,77.4,13.0,0,0,1,Jamais emprunté ailleurs,0,0,Intrants agricoles,101000,18,Caution solidaire,0.72,0
CSWA-00245,48,Homme,Urbaine,Marié(e),Primaire,3,Restauration/Transformation,3.9,251000,100000,138,1,76900,Aucune épargne,3,84.5,6.0,0,0,1,Bon payeur ailleurs (solde sans incident),0,0,Habitat/Réparation,760000,18,Caution solidaire,0.59,0
CSWA-00246,22,Homme,Urbaine,Célibataire,Primaire,2,Fonctionnaire,9.2,240000,91000,75,0,99200,Irrégulière,0,,,1,13,1,Bon payeur ailleurs (solde sans incident),0,0,Intrants agricoles,522000,9,Caution solidaire,0.65,0
CSWA-00247,54,Homme,Semi-urbaine,Marié(e),Primaire,6,Commerce informel,10.9,181000,153000,87,0,204600,Régulière,1,87.0,1.0,0,0,1,Incident de paiement signale ailleurs,0,0,Equipement/Matériel,619000,9,Caution solidaire,1.27,1
CSWA-00248,38,Femme,Semi-urbaine,Marié(e),Primaire,1,Agriculture,2.6,46000,29000,63,1,29900,Régulière,1,94.6,4.0,1,6,1,Bon payeur ailleurs (solde sans incident),0,0,Fonds de commerce,178000,9,Caution solidaire,1.11,0
CSWA-00249,55,Homme,Rurale,Marié(e),Aucun,7,Transport,2.3,78000,45000,13,0,12300,Aucune épargne,2,58.6,3.0,1,6,1,Pret en cours ailleurs,1,328000,Fonds de commerce,157000,9,Aucune,1.21,1
CSWA-00250,20,Homme,Urbaine,Veuf(ve),Primaire,3,Commerce informel,4.5,74000,60000,32,1,8900,Irrégulière,1,89.0,13.0,1,12,1,Incident de paiement signale ailleurs,0,0,Fonds de commerce,117000,6,Caution solidaire,1.11,0
CSWA-00251,27,Femme,Semi-urbaine,Célibataire,Secondaire,3,Elevage,7.5,60000,35000,30,0,15400,Régulière,3,69.4,9.0,1,12,1,Bon payeur ailleurs (solde sans incident),0,0,Education,290000,6,Caution solidaire,1.48,0
CSWA-00252,42,Femme,Urbaine,Divorcé(e),Aucun,4,Agriculture,13.8,91000,70000,49,0,20700,Régulière,1,70.7,8.0,1,8,1,Pret en cours ailleurs,3,179000,Evénement social,114000,9,Caution solidaire,1.1,0
CSWA-00253,27,Homme,Rurale,Veuf(ve),Secondaire,3,Artisanat,0.6,44000,34000,12,0,3700,Régulière,0,,,1,13,1,Incident de paiement signale ailleurs,0,0,Elevage,210000,9,Bien matériel,1.37,1
CSWA-00254,34,Femme,Urbaine,Marié(e),Aucun,0,Autre service,16.3,157000,114000,163,0,237100,Régulière,1,91.3,1.0,1,8,1,Pret en cours ailleurs,2,298000,Fonds de commerce,799000,18,Aucune,1.21,0
CSWA-00255,50,Femme,Semi-urbaine,Célibataire,Supérieur,3,Commerce informel,6.5,105000,42000,142,0,88200,Régulière,0,,,0,0,1,Pret en cours ailleurs,1,254000,Fonds de commerce,97000,24,Aucune,0.66,0
CSWA-00256,25,Femme,Semi-urbaine,Marié(e),Supérieur,5,Elevage,12.0,73000,60000,150,1,88600,Irrégulière,1,52.8,5.0,1,7,1,Jamais emprunté ailleurs,0,0,Intrants agricoles,351000,12,Aval d'un tiers,1.27,0
CSWA-00257,50,Femme,Rurale,Veuf(ve),Aucun,9,Autre service,11.5,87000,58000,99,1,77200,Irrégulière,0,,,1,10,1,Bon payeur ailleurs (solde sans incident),0,0,Education,251000,12,Caution solidaire,0.94,0
CSWA-00258,23,Femme,Urbaine,Marié(e),Primaire,0,Agriculture,5.6,68000,38000,1,1,1400,Régulière,1,79.4,3.0,1,8,1,Incident de paiement signale ailleurs,0,0,Fonds de commerce,326000,18,Aucune,0.86,0
CSWA-00259,27,Homme,Rurale,Marié(e),Primaire,2,Restauration/Transformation,4.4,31000,23000,30,1,1000,Irrégulière,2,83.7,16.0,1,6,1,Jamais emprunté ailleurs,0,0,Intrants agricoles,82000,3,Aucune,1.73,0
CSWA-00260,46,Femme,Urbaine,Veuf(ve),Secondaire,3,Fonctionnaire,7.8,153000,59000,41,0,10300,Irrégulière,3,91.0,5.0,1,7,1,Jamais emprunté ailleurs,0,0,Equipement/Matériel,361000,6,Bien matériel,0.83,0
CSWA-00261,56,Femme,Semi-urbaine,Célibataire,Primaire,3,Commerce informel,6.6,73000,32000,133,1,128900,Régulière,1,83.9,2.0,1,11,1,Pret en cours ailleurs,2,246000,Education,183000,6,Aval d'un tiers,1.21,0
CSWA-00262,27,Femme,Urbaine,Divorcé(e),Primaire,4,Commerce informel,3.8,67000,46000,146,0,144700,Régulière,2,90.2,1.0,0,0,1,Jamais emprunté ailleurs,0,0,Education,237000,9,Aval d'un tiers,1.13,0
CSWA-00263,33,Femme,Urbaine,Marié(e),Aucun,1,Commerce informel,5.6,115000,76000,123,1,35100,Irrégulière,2,72.4,2.0,0,0,1,Bon payeur ailleurs (solde sans incident),0,0,Fonds de commerce,535000,6,Bien matériel,1.53,0
CSWA-00264,62,Homme,Rurale,Marié(e),Aucun,3,Commerce informel,4.7,110000,67000,106,0,64200,Irrégulière,2,69.4,4.0,1,9,1,Bon payeur ailleurs (solde sans incident),0,0,Fonds de commerce,224000,9,Aucune,0.86,0
CSWA-00265,65,Femme,Rurale,Marié(e),Secondaire,0,Agriculture,6.0,59000,41000,66,1,20300,Régulière,0,,,0,0,1,Bon payeur ailleurs (solde sans incident),0,0,Fonds de commerce,201000,18,Aucune,0.91,1
CSWA-00266,46,Homme,Semi-urbaine,Marié(e),Secondaire,1,Commerce informel,10.8,48000,40000,13,0,5600,Irrégulière,0,,,1,6,1,Jamais emprunté ailleurs,0,0,Equipement/Matériel,105000,6,Aucune,1.24,0
CSWA-00267,40,Femme,Urbaine,Marié(e),Secondaire,3,Agriculture,4.7,122000,51000,43,1,25400,Aucune épargne,4,72.3,6.0,0,0,1,Jamais emprunté ailleurs,0,0,Equipement/Matériel,358000,24,Aucune,0.55,0
CSWA-00268,35,Femme,Semi-urbaine,Marié(e),Secondaire,3,Restauration/Transformation,7.0,90000,47000,146,0,188600,Régulière,3,61.1,4.0,0,0,1,Bon payeur ailleurs (solde sans incident),0,0,Intrants agricoles,356000,3,Caution solidaire,2.0,0
CSWA-00269,47,Femme,Urbaine,Célibataire,Secondaire,1,Commerce informel,5.6,57000,28000,111,1,19100,Irrégulière,3,87.3,4.0,0,0,1,Jamais emprunté ailleurs,0,0,Santé,143000,36,Bien matériel,0.57,1
CSWA-00270,46,Femme,Urbaine,Marié(e),Primaire,3,Elevage,5.5,43000,35000,136,0,43200,Régulière,2,53.2,14.0,1,10,1,Bon payeur ailleurs (solde sans incident),0,0,Equipement/Matériel,176000,24,Caution solidaire,1.0,0
CSWA-00271,32,Femme,Rurale,Célibataire,Supérieur,2,Commerce informel,5.0,56000,25000,165,1,33000,Régulière,2,73.4,0.0,1,8,1,Bon payeur ailleurs (solde sans incident),0,0,Habitat/Réparation,215000,12,Aval d'un tiers,0.81,0
CSWA-00272,20,Femme,Urbaine,Célibataire,Secondaire,3,Restauration/Transformation,8.0,100000,53000,51,0,31700,Irrégulière,3,72.2,17.0,0,0,0,Non consulté,0,0,Fonds de commerce,126000,6,Caution solidaire,0.76,0
CSWA-00273,26,Femme,Rurale,Marié(e),Secondaire,1,Agriculture,0.8,204000,164000,109,0,72900,Irrégulière,3,64.6,3.0,0,0,1,Jamais emprunté ailleurs,0,0,Intrants agricoles,374000,12,Caution solidaire,0.98,1
CSWA-00274,64,Femme,Urbaine,Marié(e),Supérieur,2,Commerce informel,8.1,72000,49000,134,0,15700,Aucune épargne,1,90.3,27.0,0,0,1,Jamais emprunté ailleurs,0,0,Habitat/Réparation,234000,9,Caution solidaire,1.08,0
CSWA-00275,38,Femme,Urbaine,Marié(e),Primaire,3,Autre service,6.7,51000,19000,138,1,95400,Régulière,1,88.2,8.0,0,0,1,Bon payeur ailleurs (solde sans incident),0,0,Intrants agricoles,69000,6,Caution solidaire,0.63,0
CSWA-00276,41,Homme,Rurale,Marié(e),Secondaire,7,Transport,6.4,265000,220000,160,1,376400,Irrégulière,0,,,1,8,1,Pret en cours ailleurs,2,635000,Fonds de commerce,1272000,24,Aval d'un tiers,1.27,0
CSWA-00277,40,Femme,Urbaine,Célibataire,Secondaire,7,Restauration/Transformation,8.8,66000,25000,168,0,112900,Régulière,1,75.7,4.0,1,9,0,Non consulté,0,0,Fonds de commerce,293000,9,Caution solidaire,0.93,0
CSWA-00278,55,Homme,Rurale,Marié(e),Aucun,3,Restauration/Transformation,1.6,52000,32000,117,0,38100,Aucune épargne,2,72.5,16.0,1,9,1,Jamais emprunté ailleurs,0,0,Elevage,217000,3,Aval d'un tiers,2.17,0
CSWA-00279,22,Femme,Rurale,Marié(e),Secondaire,5,Agriculture,10.6,65000,31000,153,0,26300,Irrégulière,1,86.9,9.0,1,10,1,Incident de paiement signale ailleurs,0,0,Equipement/Matériel,90000,3,Caution solidaire,0.99,0
CSWA-00280,22,Femme,Urbaine,Divorcé(e),Primaire,3,Commerce informel,4.9,63000,42000,134,1,122800,Aucune épargne,3,83.2,3.0,1,8,1,Jamais emprunté ailleurs,0,0,Fonds de commerce,70000,9,Aucune,0.8,0
CSWA-00281,31,Femme,Semi-urbaine,Célibataire,Primaire,2,Elevage,4.7,163000,80000,56,0,48400,Irrégulière,2,64.9,10.0,1,11,1,Pret en cours ailleurs,1,157000,Habitat/Réparation,811000,18,Bien matériel,0.89,0
CSWA-00282,41,Homme,Urbaine,Célibataire,Aucun,7,Salarié secteur formel,3.2,156000,118000,9,1,15700,Régulière,2,74.6,8.0,1,10,0,Non consulté,0,0,Fonds de commerce,351000,24,Caution solidaire,0.86,0
CSWA-00283,50,Homme,Rurale,Marié(e),Secondaire,3,Autre service,3.5,112000,71000,164,0,249500,Irrégulière,0,,,1,12,1,Bon payeur ailleurs (solde sans incident),0,0,Fonds de commerce,235000,18,Bien matériel,0.76,0
CSWA-00284,42,Femme,Urbaine,Divorcé(e),Secondaire,3,Artisanat,1.6,80000,41000,102,1,69700,Aucune épargne,1,86.6,4.0,1,10,1,Pret en cours ailleurs,3,176000,Education,190000,18,Aucune,0.86,0
CSWA-00285,39,Homme,Semi-urbaine,Marié(e),Primaire,3,Agriculture,6.1,60000,47000,99,0,37700,Régulière,0,,,1,13,1,Incident de paiement signale ailleurs,0,0,Evénement social,216000,12,Aucune,1.12,0
CSWA-00286,63,Homme,Rurale,Marié(e),Aucun,8,Restauration/Transformation,4.1,67000,49000,136,1,37300,Régulière,0,,,0,0,0,Non consulté,0,0,Education,295000,3,Caution solidaire,2.37,0
CSWA-00287,26,Femme,Rurale,Veuf(ve),Primaire,4,Restauration/Transformation,9.6,70000,42000,24,1,1800,Irrégulière,2,81.2,2.0,0,0,0,Non consulté,0,0,Fonds de commerce,143000,24,Caution solidaire,0.7,0
CSWA-00288,45,Femme,Semi-urbaine,Veuf(ve),Aucun,4,Commerce informel,7.2,85000,51000,84,1,10000,Irrégulière,2,91.7,24.0,1,10,0,Non consulté,0,0,Education,245000,12,Aucune,0.87,0
CSWA-00289,44,Homme,Urbaine,Marié(e),Primaire,3,Agriculture,6.6,63000,37000,133,0,85200,Régulière,3,72.5,4.0,1,10,1,Jamais emprunté ailleurs,0,0,Fonds de commerce,158000,9,Aucune,0.9,0
CSWA-00290,41,Homme,Semi-urbaine,Marié(e),Primaire,6,Commerce informel,4.4,78000,48000,73,0,78700,Régulière,0,,,1,6,1,Jamais emprunté ailleurs,0,0,Fonds de commerce,155000,3,Caution solidaire,1.36,1
CSWA-00291,56,Femme,Rurale,Marié(e),Secondaire,6,Agriculture,5.2,53000,41000,125,0,75900,Régulière,1,84.7,6.0,1,15,1,Bon payeur ailleurs (solde sans incident),0,0,Education,168000,6,Caution solidaire,1.37,0
CSWA-00292,31,Femme,Semi-urbaine,Célibataire,Primaire,0,Transport,13.6,268000,104000,102,0,132600,Irrégulière,2,60.1,2.0,1,5,0,Non consulté,0,0,Habitat/Réparation,282000,18,Caution solidaire,0.45,0
CSWA-00293,63,Femme,Semi-urbaine,Célibataire,Primaire,3,Agriculture,4.4,141000,77000,66,1,18600,Aucune épargne,1,97.1,0.0,1,6,1,Bon payeur ailleurs (solde sans incident),0,0,Intrants agricoles,279000,18,Aval d'un tiers,0.67,0
CSWA-00294,34,Homme,Semi-urbaine,Marié(e),Secondaire,1,Artisanat,0.7,106000,77000,122,0,42900,Irrégulière,2,75.2,9.0,1,8,1,Jamais emprunté ailleurs,0,0,Habitat/Réparation,118000,6,Bien matériel,0.93,0
CSWA-00295,44,Homme,Urbaine,Marié(e),Primaire,4,Agriculture,5.0,63000,52000,82,0,66700,Régulière,3,95.3,2.0,1,8,1,Jamais emprunté ailleurs,0,0,Habitat/Réparation,74000,6,Aval d'un tiers,1.04,0
CSWA-00296,43,Homme,Semi-urbaine,Célibataire,Secondaire,2,Commerce informel,2.9,127000,54000,147,0,74700,Régulière,1,93.2,2.0,1,11,1,Bon payeur ailleurs (solde sans incident),0,0,Santé,110000,6,Aucune,0.59,0
CSWA-00297,58,Femme,Semi-urbaine,Célibataire,Aucun,4,Restauration/Transformation,4.8,95000,35000,11,0,8700,Aucune épargne,4,75.0,1.0,0,0,1,Jamais emprunté ailleurs,0,0,Equipement/Matériel,436000,18,Caution solidaire,0.65,0
CSWA-00298,39,Homme,Rurale,Marié(e),Primaire,4,Artisanat,5.9,86000,65000,147,0,188600,Aucune épargne,1,65.2,0.0,0,0,1,Bon payeur ailleurs (solde sans incident),0,0,Santé,379000,6,Caution solidaire,1.58,0
CSWA-00299,32,Homme,Urbaine,Marié(e),Aucun,0,Salarié secteur formel,3.0,126000,105000,138,0,260600,Irrégulière,0,,,1,11,1,Bon payeur ailleurs (solde sans incident),0,0,Habitat/Réparation,291000,6,Caution solidaire,1.26,0
CSWA-00300,20,Femme,Semi-urbaine,Divorcé(e),Primaire,3,Restauration/Transformation,1.5,94000,66000,127,1,41700,Irrégulière,1,78.7,3.0,1,12,1,Bon payeur ailleurs (solde sans incident),0,0,Fonds de commerce,317000,6,Aval d'un tiers,1.33,0
CSWA-00301,36,Femme,Urbaine,Marié(e),Supérieur,3,Transport,5.1,204000,128000,48,0,140900,Aucune épargne,1,93.4,16.0,1,7,1,Bon payeur ailleurs (solde sans incident),0,0,Evénement social,404000,24,Bien matériel,0.72,0
CSWA-00302,57,Femme,Rurale,Marié(e),Secondaire,0,Commerce informel,12.5,84000,39000,178,0,72700,Irrégulière,0,,,1,7,0,Non consulté,0,0,Intrants agricoles,82000,9,Caution solidaire,0.59,0
CSWA-00303,19,Femme,Rurale,Marié(e),Secondaire,3,Artisanat,5.7,70000,58000,118,1,103600,Régulière,1,89.0,8.0,1,9,0,Non consulté,0,0,Habitat/Réparation,206000,6,Caution solidaire,1.38,0
CSWA-00304,61,Femme,Urbaine,Marié(e),Aucun,4,Agriculture,6.8,85000,60000,97,1,31200,Régulière,1,75.6,2.0,0,0,1,Jamais emprunté ailleurs,0,0,Equipement/Matériel,127000,12,Aval d'un tiers,0.85,0
CSWA-00305,44,Femme,Rurale,Veuf(ve),Supérieur,4,Restauration/Transformation,4.6,83000,58000,43,0,3200,Régulière,3,97.2,4.0,1,13,1,Bon payeur ailleurs (solde sans incident),0,0,Equipement/Matériel,262000,6,Aucune,1.29,0
CSWA-00306,25,Homme,Urbaine,Marié(e),Primaire,1,Artisanat,7.6,60000,47000,80,1,58200,Régulière,2,97.5,0.0,1,10,1,Pret en cours ailleurs,1,277000,Evénement social,140000,18,Bien matériel,1.34,0
CSWA-00307,33,Femme,Rurale,Marié(e),Aucun,2,Commerce informel,8.8,54000,43000,81,0,30700,Régulière,0,,,0,0,1,Pret en cours ailleurs,1,89000,Fonds de commerce,225000,12,Aucune,1.33,0
CSWA-00308,45,Femme,Semi-urbaine,Marié(e),Supérieur,0,Elevage,11.2,125000,49000,60,0,111000,Régulière,2,79.9,3.0,1,9,1,Jamais emprunté ailleurs,0,0,Elevage,441000,12,Aval d'un tiers,0.72,0
CSWA-00309,33,Femme,Urbaine,Célibataire,Primaire,0,Restauration/Transformation,13.1,157000,57000,57,0,49400,Irrégulière,2,96.0,1.0,1,10,1,Pret en cours ailleurs,1,250000,Education,510000,9,Bien matériel,0.91,0
CSWA-00310,24,Femme,Rurale,Marié(e),Primaire,4,Commerce informel,7.1,281000,130000,23,1,36900,Irrégulière,2,60.1,4.0,1,6,1,Jamais emprunté ailleurs,0,0,Fonds de commerce,591000,24,Bien matériel,0.56,0
CSWA-00311,50,Femme,Urbaine,Marié(e),Aucun,4,Restauration/Transformation,11.4,104000,84000,131,1,117700,Irrégulière,1,79.4,6.0,1,7,1,Bon payeur ailleurs (solde sans incident),0,0,Equipement/Matériel,194000,6,Bien matériel,1.16,0
CSWA-00312,50,Homme,Semi-urbaine,Marié(e),Aucun,2,Salarié secteur formel,9.7,92000,57000,41,0,45300,Irrégulière,1,92.6,8.0,1,7,1,Jamais emprunté ailleurs,0,0,Habitat/Réparation,442000,12,Aucune,1.07,0
CSWA-00313,24,Homme,Semi-urbaine,Marié(e),Secondaire,0,Commerce informel,7.7,133000,90000,85,1,7200,Aucune épargne,2,89.6,2.0,1,9,1,Jamais emprunté ailleurs,0,0,Habitat/Réparation,326000,36,Bien matériel,0.75,0
CSWA-00314,32,Homme,Urbaine,Divorcé(e),Primaire,2,Artisanat,5.6,49000,26000,56,0,26400,Régulière,3,87.0,8.0,1,9,1,Incident de paiement signale ailleurs,0,0,Elevage,70000,9,Aucune,0.71,0
CSWA-00315,30,Homme,Rurale,Célibataire,Supérieur,2,Salarié secteur formel,1.2,156000,88000,177,0,107500,Aucune épargne,0,,,0,0,1,Bon payeur ailleurs (solde sans incident),0,0,Intrants agricoles,441000,6,Caution solidaire,1.09,0
CSWA-00316,49,Homme,Rurale,Célibataire,Aucun,8,Commerce informel,17.6,143000,72000,92,1,47700,Régulière,1,62.6,15.0,1,10,1,Jamais emprunté ailleurs,0,0,Habitat/Réparation,529000,9,Bien matériel,0.96,0
CSWA-00317,53,Homme,Rurale,Marié(e),Primaire,1,Commerce informel,6.2,142000,116000,52,1,12000,Irrégulière,2,93.0,3.0,1,12,1,Jamais emprunté ailleurs,0,0,Santé,149000,18,Bien matériel,0.88,0
CSWA-00318,53,Femme,Rurale,Marié(e),Secondaire,2,Artisanat,4.3,202000,112000,180,0,16600,Irrégulière,0,,,0,0,1,Jamais emprunté ailleurs,0,0,Elevage,448000,6,Caution solidaire,0.97,0
CSWA-00319,63,Femme,Rurale,Divorcé(e),Secondaire,4,Artisanat,4.3,58000,45000,149,1,41400,Irrégulière,1,75.4,2.0,1,7,1,Jamais emprunté ailleurs,0,0,Habitat/Réparation,275000,18,Caution solidaire,1.07,0
CSWA-00320,55,Femme,Rurale,Marié(e),Primaire,3,Transport,8.8,62000,27000,140,1,85200,Aucune épargne,1,49.8,14.0,0,0,1,Bon payeur ailleurs (solde sans incident),0,0,Santé,324000,12,Bien matériel,0.92,0
CSWA-00321,34,Homme,Urbaine,Célibataire,Primaire,3,Artisanat,2.5,72000,37000,26,1,12400,Irrégulière,2,76.7,3.0,1,7,1,Jamais emprunté ailleurs,0,0,Fonds de commerce,276000,3,Caution solidaire,1.94,0
CSWA-00322,24,Homme,Urbaine,Marié(e),Secondaire,1,Artisanat,12.5,44000,19000,160,0,14400,Régulière,2,79.3,1.0,1,18,1,Jamais emprunté ailleurs,0,0,Fonds de commerce,239000,12,Caution solidaire,0.94,0
CSWA-00323,47,Homme,Semi-urbaine,Marié(e),Secondaire,1,Agriculture,7.0,109000,54000,32,0,26300,Irrégulière,1,94.1,23.0,1,8,1,Bon payeur ailleurs (solde sans incident),0,0,Fonds de commerce,151000,12,Caution solidaire,0.62,0
CSWA-00324,62,Homme,Urbaine,Marié(e),Primaire,5,Commerce informel,3.7,117000,80000,33,1,47900,Irrégulière,0,,,1,12,1,Bon payeur ailleurs (solde sans incident),0,0,Equipement/Matériel,504000,3,Aval d'un tiers,2.29,1
CSWA-00325,64,Homme,Rurale,Marié(e),Primaire,6,Artisanat,8.1,110000,46000,65,0,90100,Régulière,1,79.1,5.0,1,8,0,Non consulté,0,0,Habitat/Réparation,539000,6,Aval d'un tiers,1.33,0
CSWA-00326,29,Femme,Urbaine,Marié(e),Secondaire,5,Commerce informel,9.2,88000,54000,5,0,7000,Régulière,2,75.7,5.0,0,0,0,Non consulté,0,0,Equipement/Matériel,340000,6,Caution solidaire,1.34,0
CSWA-00327,30,Homme,Semi-urbaine,Marié(e),Primaire,2,Autre service,3.6,141000,50000,6,0,10700,Aucune épargne,0,,,1,9,1,Pret en cours ailleurs,1,59000,Equipement/Matériel,652000,6,Aval d'un tiers,1.26,0
CSWA-00328,20,Homme,Rurale,Marié(e),Aucun,1,Commerce informel,7.9,111000,93000,1,1,5700,Régulière,3,80.9,2.0,1,7,0,Non consulté,0,0,Fonds de commerce,442000,6,Bien matériel,1.58,1
CSWA-00329,25,Femme,Rurale,Marié(e),Supérieur,3,Commerce informel,4.6,58000,21000,57,1,24800,Aucune épargne,1,91.3,5.0,1,7,1,Bon payeur ailleurs (solde sans incident),0,0,Intrants agricoles,215000,24,Bien matériel,0.53,0
CSWA-00330,45,Femme,Urbaine,Veuf(ve),Aucun,1,Transport,12.2,20000,15000,91,0,21200,Aucune épargne,2,78.5,2.0,1,10,1,Bon payeur ailleurs (solde sans incident),0,0,Intrants agricoles,86000,3,Bien matériel,2.36,0
CSWA-00331,44,Femme,Rurale,Marié(e),Aucun,6,Commerce informel,4.7,67000,53000,19,1,8500,Aucune épargne,1,81.6,8.0,1,12,1,Bon payeur ailleurs (solde sans incident),0,0,Santé,188000,3,Aucune,1.84,0
CSWA-00332,36,Homme,Semi-urbaine,Célibataire,Primaire,8,Agriculture,5.0,83000,70000,22,0,23100,Irrégulière,1,90.0,7.0,1,7,1,Jamais emprunté ailleurs,0,0,Santé,222000,18,Aval d'un tiers,1.01,0
CSWA-00333,33,Femme,Rurale,Marié(e),Aucun,5,Fonctionnaire,0.8,159000,107000,94,0,139500,Aucune épargne,2,84.2,7.0,1,14,1,Bon payeur ailleurs (solde sans incident),0,0,Fonds de commerce,210000,36,Aucune,0.71,0
CSWA-00334,58,Homme,Rurale,Marié(e),Aucun,0,Transport,10.7,73000,48000,35,1,16100,Régulière,0,,,0,0,1,Incident de paiement signale ailleurs,0,0,Education,391000,6,Caution solidaire,1.66,1
CSWA-00335,40,Femme,Rurale,Marié(e),Aucun,3,Commerce informel,4.8,60000,38000,88,1,73200,Irrégulière,1,71.7,5.0,1,9,1,Bon payeur ailleurs (solde sans incident),0,0,Equipement/Matériel,71000,6,Caution solidaire,0.86,0
CSWA-00336,56,Femme,Urbaine,Veuf(ve),Aucun,4,Commerce informel,4.7,51000,37000,32,1,21800,Irrégulière,2,72.5,13.0,1,8,0,Non consulté,0,0,Elevage,278000,36,Aucune,0.89,0
CSWA-00337,64,Femme,Rurale,Marié(e),Primaire,1,Artisanat,11.5,46000,36000,132,0,37500,Régulière,3,92.3,8.0,1,8,1,Jamais emprunté ailleurs,0,0,Intrants agricoles,52000,12,Aval d'un tiers,0.89,0
CSWA-00338,33,Homme,Urbaine,Veuf(ve),Secondaire,4,Elevage,7.4,103000,63000,129,1,148900,Irrégulière,1,83.0,0.0,1,9,1,Jamais emprunté ailleurs,0,0,Intrants agricoles,531000,9,Aucune,1.25,0
CSWA-00339,28,Femme,Urbaine,Marié(e),Primaire,2,Commerce informel,3.4,147000,104000,168,0,344800,Irrégulière,1,91.3,5.0,1,5,1,Pret en cours ailleurs,1,353000,Intrants agricoles,385000,12,Bien matériel,1.17,1
CSWA-00340,63,Homme,Rurale,Célibataire,Primaire,7,Commerce informel,6.8,41000,34000,172,0,63200,Régulière,3,88.0,10.0,1,11,1,Bon payeur ailleurs (solde sans incident),0,0,Fonds de commerce,214000,18,Bien matériel,1.15,0
CSWA-00341,48,Homme,Semi-urbaine,Célibataire,Primaire,4,Transport,7.6,78000,32000,132,0,145000,Aucune épargne,0,,,1,7,1,Bon payeur ailleurs (solde sans incident),0,0,Habitat/Réparation,277000,6,Caution solidaire,1.07,0
CSWA-00342,32,Homme,Semi-urbaine,Divorcé(e),Primaire,4,Agriculture,5.2,125000,81000,22,0,4100,Irrégulière,1,89.1,16.0,1,8,1,Jamais emprunté ailleurs,0,0,Intrants agricoles,307000,12,Caution solidaire,0.88,0
CSWA-00343,48,Femme,Semi-urbaine,Marié(e),Primaire,7,Transport,14.9,73000,28000,98,0,100800,Irrégulière,2,74.7,14.0,1,11,1,Bon payeur ailleurs (solde sans incident),0,0,Equipement/Matériel,88000,12,Caution solidaire,0.5,0
CSWA-00344,43,Homme,Rurale,Divorcé(e),Primaire,6,Commerce informel,5.1,120000,68000,20,0,24800,Aucune épargne,3,86.9,3.0,1,13,1,Jamais emprunté ailleurs,0,0,Elevage,509000,12,Aucune,0.96,1
CSWA-00345,61,Femme,Urbaine,Marié(e),Primaire,0,Artisanat,5.8,146000,104000,122,0,47300,Aucune épargne,0,,,1,7,1,Pret en cours ailleurs,1,180000,Elevage,537000,12,Caution solidaire,1.17,0
CSWA-00346,31,Homme,Rurale,Célibataire,Primaire,5,Elevage,5.9,100000,54000,60,0,12600,Irrégulière,3,74.1,18.0,1,10,1,Jamais emprunté ailleurs,0,0,Intrants agricoles,302000,3,Caution solidaire,1.67,0
CSWA-00347,65,Femme,Semi-urbaine,Marié(e),Aucun,0,Agriculture,8.9,62000,25000,88,1,60300,Aucune épargne,2,84.1,13.0,1,3,1,Incident de paiement signale ailleurs,0,0,Santé,214000,6,Aucune,1.05,0
CSWA-00348,62,Femme,Rurale,Marié(e),Secondaire,2,Artisanat,3.1,167000,128000,115,1,76600,Irrégulière,0,,,1,6,1,Pret en cours ailleurs,1,127000,Fonds de commerce,307000,9,Aucune,1.06,0
CSWA-00349,27,Homme,Rurale,Marié(e),Supérieur,2,Commerce informel,9.5,70000,33000,73,1,4300,Régulière,1,95.5,2.0,1,7,1,Bon payeur ailleurs (solde sans incident),0,0,Equipement/Matériel,265000,24,Caution solidaire,0.65,0
CSWA-00350,26,Homme,Rurale,Célibataire,Secondaire,4,Salarié secteur formel,18.5,124000,75000,67,0,27300,Irrégulière,2,82.6,4.0,1,6,1,Bon payeur ailleurs (solde sans incident),0,0,Fonds de commerce,408000,12,Caution solidaire,0.91,0
CSWA-00351,44,Homme,Semi-urbaine,Marié(e),Aucun,4,Restauration/Transformation,2.1,107000,45000,81,0,16200,Régulière,4,71.8,8.0,1,10,1,Bon payeur ailleurs (solde sans incident),0,0,Fonds de commerce,124000,12,Aucune,0.53,0
CSWA-00352,21,Femme,Semi-urbaine,Marié(e),Secondaire,3,Commerce informel,3.3,68000,57000,51,1,9800,Irrégulière,1,60.8,2.0,0,0,1,Bon payeur ailleurs (solde sans incident),0,0,Habitat/Réparation,320000,3,Caution solidaire,2.6,0
CSWA-00353,33,Homme,Semi-urbaine,Marié(e),Primaire,2,Artisanat,1.9,71000,38000,41,1,23600,Régulière,2,90.2,20.0,1,9,1,Pret en cours ailleurs,1,139000,Equipement/Matériel,243000,9,Caution solidaire,1.14,0
CSWA-00354,39,Femme,Rurale,Célibataire,Aucun,2,Fonctionnaire,1.0,175000,133000,21,0,30000,Régulière,0,,,1,12,1,Jamais emprunté ailleurs,0,0,Intrants agricoles,884000,3,Caution solidaire,2.65,0
CSWA-00355,64,Femme,Urbaine,Marié(e),Supérieur,5,Agriculture,3.2,73000,40000,11,0,5500,Régulière,0,,,1,11,1,Jamais emprunté ailleurs,0,0,Fonds de commerce,242000,12,Aucune,0.86,1
CSWA-00356,65,Femme,Rurale,Célibataire,Secondaire,1,Agriculture,3.4,90000,47000,83,0,84300,Régulière,0,,,1,9,1,Bon payeur ailleurs (solde sans incident),0,0,Habitat/Réparation,467000,9,Caution solidaire,1.17,0
CSWA-00357,26,Femme,Urbaine,Marié(e),Aucun,4,Transport,9.2,27000,13000,117,0,1800,Irrégulière,2,53.7,4.0,1,7,1,Incident de paiement signale ailleurs,0,0,Equipement/Matériel,107000,6,Caution solidaire,1.22,0
CSWA-00358,60,Femme,Semi-urbaine,Célibataire,Supérieur,4,Commerce informel,11.3,77000,43000,7,0,9300,Régulière,1,83.3,5.0,0,0,1,Jamais emprunté ailleurs,0,0,Evénement social,139000,3,Bien matériel,1.23,1
CSWA-00359,23,Femme,Rurale,Célibataire,Aucun,5,Restauration/Transformation,6.8,31000,24000,87,0,40100,Aucune épargne,3,86.3,4.0,0,0,1,Pret en cours ailleurs,2,79000,Equipement/Matériel,147000,12,Bien matériel,1.45,0
CSWA-00360,54,Homme,Rurale,Célibataire,Primaire,4,Commerce informel,10.6,65000,44000,114,0,105100,Régulière,1,45.1,2.0,1,9,1,Pret en cours ailleurs,1,220000,Intrants agricoles,101000,9,Caution solidaire,1.18,0
CSWA-00361,58,Femme,Urbaine,Célibataire,Aucun,2,Restauration/Transformation,8.8,97000,37000,155,0,63500,Irrégulière,1,63.6,6.0,1,7,1,Bon payeur ailleurs (solde sans incident),0,0,Intrants agricoles,260000,12,Bien matériel,0.63,0
CSWA-00362,60,Homme,Rurale,Marié(e),Aucun,3,Agriculture,3.9,68000,42000,149,0,133900,Irrégulière,2,97.9,3.0,1,10,1,Bon payeur ailleurs (solde sans incident),0,0,Habitat/Réparation,321000,6,Aval d'un tiers,1.5,0
CSWA-00363,29,Femme,Rurale,Marié(e),Supérieur,5,Commerce informel,7.3,119000,71000,99,0,132000,Irrégulière,1,74.8,4.0,1,9,0,Non consulté,0,0,Fonds de commerce,299000,12,Caution solidaire,0.83,0
CSWA-00364,60,Femme,Urbaine,Célibataire,Primaire,3,Salarié secteur formel,2.9,73000,51000,175,0,95000,Régulière,2,69.8,3.0,1,11,0,Non consulté,0,0,Equipement/Matériel,63000,24,Aval d'un tiers,0.74,0
CSWA-00365,24,Femme,Semi-urbaine,Marié(e),Aucun,3,Artisanat,5.8,25000,18000,160,0,59300,Aucune épargne,3,74.8,1.0,0,0,0,Non consulté,0,0,Habitat/Réparation,32000,6,Caution solidaire,0.96,0
CSWA-00366,43,Femme,Urbaine,Marié(e),Secondaire,3,Agriculture,6.6,156000,99000,59,0,33700,Régulière,1,94.4,3.0,1,7,1,Incident de paiement signale ailleurs,0,0,Evénement social,276000,6,Caution solidaire,0.96,0
CSWA-00367,41,Homme,Rurale,Célibataire,Secondaire,1,Restauration/Transformation,8.2,93000,73000,81,1,67100,Régulière,2,87.3,6.0,0,0,1,Bon payeur ailleurs (solde sans incident),0,0,Evénement social,99000,6,Caution solidaire,0.98,0
CSWA-00368,33,Homme,Urbaine,Marié(e),Supérieur,4,Elevage,14.0,59000,40000,149,0,30500,Irrégulière,0,,,1,9,1,Jamais emprunté ailleurs,0,0,Fonds de commerce,181000,12,Caution solidaire,0.96,0
CSWA-00369,20,Homme,Rurale,Marié(e),Supérieur,5,Commerce informel,2.4,62000,32000,129,0,32700,Régulière,3,67.2,7.0,1,8,0,Non consulté,0,0,Intrants agricoles,163000,12,Caution solidaire,0.76,0
CSWA-00370,55,Femme,Rurale,Divorcé(e),Supérieur,4,Restauration/Transformation,5.7,26000,14000,92,1,30000,Irrégulière,1,43.8,8.0,0,0,1,Jamais emprunté ailleurs,0,0,Education,69000,24,Aucune,0.66,0
CSWA-00371,34,Femme,Semi-urbaine,Marié(e),Secondaire,1,Autre service,12.6,91000,71000,89,0,78300,Régulière,0,,,1,4,1,Bon payeur ailleurs (solde sans incident),0,0,Fonds de commerce,318000,3,Caution solidaire,2.08,0
CSWA-00372,50,Homme,Urbaine,Marié(e),Primaire,5,Commerce informel,3.7,116000,56000,49,1,61400,Irrégulière,1,88.1,10.0,0,0,1,Pret en cours ailleurs,1,199000,Equipement/Matériel,356000,9,Bien matériel,1.02,0
CSWA-00373,38,Homme,Semi-urbaine,Marié(e),Supérieur,2,Salarié secteur formel,3.0,224000,94000,94,0,117400,Régulière,1,80.1,23.0,1,8,1,Bon payeur ailleurs (solde sans incident),0,0,Fonds de commerce,1028000,6,Aucune,1.28,0
CSWA-00374,36,Homme,Rurale,Marié(e),Aucun,2,Artisanat,8.7,49000,36000,18,1,12200,Irrégulière,0,,,1,9,1,Jamais emprunté ailleurs,0,0,Habitat/Réparation,103000,3,Bien matériel,1.52,0
CSWA-00375,60,Homme,Urbaine,Célibataire,Aucun,1,Commerce informel,7.9,87000,49000,145,1,88500,Irrégulière,2,94.9,2.0,0,0,1,Bon payeur ailleurs (solde sans incident),0,0,Intrants agricoles,227000,24,Bien matériel,0.69,0
CSWA-00376,23,Homme,Urbaine,Célibataire,Primaire,1,Restauration/Transformation,1.9,156000,72000,81,0,64900,Aucune épargne,1,74.8,9.0,1,5,1,Jamais emprunté ailleurs,0,0,Evénement social,363000,18,Aval d'un tiers,0.61,0
CSWA-00377,53,Femme,Urbaine,Marié(e),Aucun,2,Agriculture,4.1,147000,112000,72,1,32400,Régulière,1,49.2,1.0,1,8,1,Jamais emprunté ailleurs,0,0,Equipement/Matériel,226000,6,Aval d'un tiers,1.05,0
CSWA-00378,54,Femme,Semi-urbaine,Marié(e),Primaire,2,Transport,2.7,128000,57000,157,0,84600,Irrégulière,0,,,1,6,1,Jamais emprunté ailleurs,0,0,Equipement/Matériel,386000,9,Aucune,0.82,0
CSWA-00379,36,Homme,Urbaine,Marié(e),Supérieur,2,Artisanat,2.7,246000,176000,180,1,527000,Irrégulière,1,93.8,5.0,1,8,1,Incident de paiement signale ailleurs,0,0,Intrants agricoles,438000,12,Aucune,0.88,0
CSWA-00380,31,Femme,Rurale,Marié(e),Primaire,9,Commerce informel,7.5,134000,70000,171,1,119700,Régulière,0,,,1,14,1,Jamais emprunté ailleurs,0,0,Equipement/Matériel,362000,6,Caution solidaire,1.03,0
CSWA-00381,19,Femme,Rurale,Célibataire,Primaire,2,Commerce informel,7.5,153000,108000,155,1,119700,Irrégulière,2,87.1,1.0,1,10,1,Bon payeur ailleurs (solde sans incident),0,0,Equipement/Matériel,378000,12,Bien matériel,0.94,0
CSWA-00382,63,Homme,Semi-urbaine,Marié(e),Primaire,2,Agriculture,5.7,85000,63000,84,1,42900,Irrégulière,1,70.2,10.0,0,0,1,Jamais emprunté ailleurs,0,0,Intrants agricoles,450000,12,Aval d'un tiers,1.24,0
CSWA-00383,63,Homme,Rurale,Marié(e),Secondaire,2,Elevage,2.3,67000,29000,137,0,47100,Régulière,0,,,1,9,1,Jamais emprunté ailleurs,0,0,Education,221000,18,Aucune,0.64,0
CSWA-00384,30,Homme,Semi-urbaine,Célibataire,Aucun,2,Fonctionnaire,2.8,114000,87000,140,0,127600,Irrégulière,2,71.5,3.0,1,10,1,Jamais emprunté ailleurs,0,0,Santé,566000,9,Caution solidaire,1.38,0
CSWA-00385,20,Homme,Urbaine,Célibataire,Aucun,2,Salarié secteur formel,7.2,146000,96000,118,0,252900,Irrégulière,1,87.0,12.0,0,0,1,Pret en cours ailleurs,1,176000,Fonds de commerce,256000,18,Bien matériel,0.87,0
CSWA-00386,24,Femme,Semi-urbaine,Marié(e),Secondaire,5,Transport,2.0,102000,80000,39,1,56600,Régulière,0,,,1,12,1,Bon payeur ailleurs (solde sans incident),0,0,Intrants agricoles,228000,6,Caution solidaire,1.2,0
CSWA-00387,22,Femme,Urbaine,Célibataire,Primaire,3,Elevage,1.4,58000,21000,45,1,36600,Irrégulière,1,88.6,2.0,1,10,1,Jamais emprunté ailleurs,0,0,Fonds de commerce,51000,12,Caution solidaire,0.44,0
CSWA-00388,58,Homme,Urbaine,Marié(e),Primaire,3,Commerce informel,4.3,97000,71000,134,1,119300,Irrégulière,1,89.4,1.0,1,7,1,Jamais emprunté ailleurs,0,0,Equipement/Matériel,444000,6,Aucune,1.59,0
CSWA-00389,60,Femme,Semi-urbaine,Marié(e),Primaire,4,Restauration/Transformation,5.7,94000,79000,3,1,12500,Aucune épargne,0,,,1,13,1,Jamais emprunté ailleurs,0,0,Santé,168000,9,Bien matériel,1.06,0
CSWA-00390,26,Homme,Urbaine,Marié(e),Aucun,3,Commerce informel,1.6,88000,62000,4,1,4500,Irrégulière,1,84.4,3.0,0,0,1,Jamais emprunté ailleurs,0,0,Santé,394000,24,Caution solidaire,0.91,0
CSWA-00391,54,Femme,Urbaine,Célibataire,Secondaire,3,Commerce informel,7.4,80000,65000,124,0,32200,Régulière,0,,,1,8,1,Incident de paiement signale ailleurs,0,0,Santé,84000,6,Bien matériel,1.01,0
CSWA-00392,27,Femme,Rurale,Veuf(ve),Primaire,5,Commerce informel,5.3,108000,60000,76,1,111700,Irrégulière,2,84.1,5.0,1,11,1,Bon payeur ailleurs (solde sans incident),0,0,Fonds de commerce,203000,9,Aval d'un tiers,0.79,0
CSWA-00393,36,Homme,Urbaine,Marié(e),Primaire,0,Fonctionnaire,2.6,133000,93000,165,1,270800,Régulière,1,60.5,5.0,0,0,1,Jamais emprunté ailleurs,0,0,Education,581000,9,Bien matériel,1.24,0
CSWA-00394,47,Homme,Urbaine,Marié(e),Secondaire,1,Restauration/Transformation,6.0,37000,23000,139,0,31100,Aucune épargne,1,88.7,2.0,1,10,1,Pret en cours ailleurs,1,238000,Evénement social,147000,36,Caution solidaire,1.32,0
CSWA-00395,52,Femme,Rurale,Célibataire,Secondaire,6,Commerce informel,1.2,79000,41000,46,1,14000,Irrégulière,0,,,1,14,1,Bon payeur ailleurs (solde sans incident),0,0,Intrants agricoles,390000,6,Caution solidaire,1.44,1
CSWA-00396,60,Femme,Semi-urbaine,Marié(e),Aucun,6,Fonctionnaire,4.5,109000,72000,66,1,41400,Régulière,1,80.3,1.0,1,9,1,Pret en cours ailleurs,1,73000,Intrants agricoles,378000,6,Aval d'un tiers,1.37,0
CSWA-00397,21,Homme,Semi-urbaine,Marié(e),Secondaire,2,Transport,4.6,90000,48000,47,1,28200,Irrégulière,2,68.9,15.0,1,5,1,Jamais emprunté ailleurs,0,0,Santé,169000,12,Bien matériel,0.71,0
CSWA-00398,28,Homme,Urbaine,Marié(e),Aucun,0,Artisanat,5.8,64000,53000,19,0,15300,Régulière,2,81.2,3.0,1,8,1,Jamais emprunté ailleurs,0,0,Intrants agricoles,316000,6,Caution solidaire,1.75,0
CSWA-00399,32,Homme,Rurale,Veuf(ve),Aucun,4,Commerce informel,6.2,163000,122000,54,1,53200,Régulière,5,86.9,7.0,1,7,1,Pret en cours ailleurs,1,271000,Intrants agricoles,376000,3,Caution solidaire,1.76,0
CSWA-00400,33,Femme,Semi-urbaine,Célibataire,Secondaire,4,Agriculture,8.9,78000,61000,175,1,100900,Irrégulière,1,66.7,3.0,1,6,1,Jamais emprunté ailleurs,0,0,Elevage,65000,9,Bien matériel,0.89,0
CSWA-00401,65,Femme,Urbaine,Veuf(ve),Aucun,3,Agriculture,5.5,139000,93000,180,1,75900,Irrégulière,0,,,1,7,0,Non consulté,0,0,Santé,231000,3,Bien matériel,1.29,0
CSWA-00402,55,Femme,Urbaine,Marié(e),Aucun,3,Restauration/Transformation,2.0,48000,37000,54,0,28700,Régulière,0,,,1,7,1,Jamais emprunté ailleurs,0,0,Fonds de commerce,176000,18,Caution solidaire,1.0,0
CSWA-00403,34,Femme,Urbaine,Marié(e),Secondaire,2,Artisanat,3.0,69000,37000,94,1,61800,Régulière,1,88.7,1.0,1,5,0,Non consulté,0,0,Santé,95000,18,Aucune,0.62,1
CSWA-00404,64,Femme,Rurale,Marié(e),Secondaire,3,Commerce informel,21.6,58000,39000,8,1,1300,Régulière,1,34.8,5.0,1,7,1,Pret en cours ailleurs,1,189000,Santé,77000,12,Caution solidaire,1.09,0
CSWA-00405,42,Femme,Urbaine,Marié(e),Supérieur,1,Agriculture,1.6,100000,52000,33,0,14800,Irrégulière,3,60.1,27.0,1,7,1,Bon payeur ailleurs (solde sans incident),0,0,Education,85000,6,Caution solidaire,0.68,0
CSWA-00406,42,Homme,Rurale,Marié(e),Secondaire,3,Elevage,16.3,42000,27000,74,0,15200,Irrégulière,1,98.0,2.0,0,0,1,Bon payeur ailleurs (solde sans incident),0,0,Fonds de commerce,175000,9,Caution solidaire,1.16,0
CSWA-00407,39,Femme,Semi-urbaine,Célibataire,Primaire,4,Salarié secteur formel,15.0,136000,52000,80,0,101700,Aucune épargne,2,86.2,12.0,1,14,1,Bon payeur ailleurs (solde sans incident),0,0,Habitat/Réparation,251000,18,Caution solidaire,0.5,0
CSWA-00408,25,Homme,Urbaine,Célibataire,Secondaire,4,Commerce informel,1.9,57000,43000,126,0,4600,Régulière,1,48.4,4.0,1,8,1,Jamais emprunté ailleurs,0,0,Habitat/Réparation,148000,9,Caution solidaire,1.08,0
CSWA-00409,62,Homme,Rurale,Célibataire,Primaire,2,Restauration/Transformation,9.9,110000,62000,62,0,60600,Irrégulière,2,61.4,0.0,1,8,1,Jamais emprunté ailleurs,0,0,Fonds de commerce,113000,12,Aucune,0.66,0
CSWA-00410,19,Femme,Urbaine,Marié(e),Secondaire,6,Autre service,7.3,52000,44000,70,1,14900,Régulière,1,88.0,4.0,0,0,1,Jamais emprunté ailleurs,0,0,Intrants agricoles,255000,12,Caution solidaire,1.3,0
CSWA-00411,27,Femme,Urbaine,Marié(e),Primaire,1,Restauration/Transformation,10.9,94000,73000,138,0,177300,Aucune épargne,1,94.4,2.0,0,0,0,Non consulté,0,0,Education,120000,6,Caution solidaire,1.01,0
CSWA-00412,29,Femme,Semi-urbaine,Marié(e),Aucun,2,Agriculture,3.1,57000,37000,163,1,115100,Irrégulière,1,56.7,1.0,1,10,1,Jamais emprunté ailleurs,0,0,Fonds de commerce,235000,3,Aucune,2.19,0
CSWA-00413,32,Homme,Rurale,Marié(e),Aucun,2,Restauration/Transformation,7.3,31000,15000,119,0,31500,Régulière,3,83.7,6.0,1,13,0,Non consulté,0,0,Evénement social,30000,12,Bien matériel,0.57,0
CSWA-00414,25,Femme,Semi-urbaine,Marié(e),Secondaire,5,Salarié secteur formel,3.6,174000,116000,39,0,31900,Irrégulière,0,,,1,10,1,Jamais emprunté ailleurs,0,0,Equipement/Matériel,542000,12,Aval d'un tiers,0.96,0
CSWA-00415,19,Femme,Rurale,Marié(e),Aucun,1,Transport,2.6,116000,84000,80,0,39000,Aucune épargne,0,,,1,5,1,Bon payeur ailleurs (solde sans incident),0,0,Fonds de commerce,208000,9,Bien matériel,0.95,0
CSWA-00416,50,Homme,Urbaine,Divorcé(e),Primaire,2,Commerce informel,6.0,79000,46000,105,1,9900,Régulière,1,39.9,1.0,1,9,1,Jamais emprunté ailleurs,0,0,Equipement/Matériel,133000,3,Caution solidaire,1.21,1
CSWA-00417,64,Homme,Rurale,Marié(e),Secondaire,5,Commerce informel,8.7,83000,54000,49,1,24100,Régulière,1,86.9,20.0,1,6,1,Bon payeur ailleurs (solde sans incident),0,0,Fonds de commerce,417000,18,Aval d'un tiers,0.96,0
CSWA-00418,24,Femme,Urbaine,Marié(e),Secondaire,3,Commerce informel,8.3,72000,57000,20,0,3600,Irrégulière,4,83.5,6.0,0,0,1,Bon payeur ailleurs (solde sans incident),0,0,Santé,201000,18,Aucune,0.97,0
CSWA-00419,32,Homme,Semi-urbaine,Marié(e),Primaire,3,Commerce informel,10.3,46000,19000,152,1,66800,Régulière,4,69.8,15.0,1,10,1,Bon payeur ailleurs (solde sans incident),0,0,Fonds de commerce,62000,9,Caution solidaire,0.58,0
CSWA-00420,42,Femme,Rurale,Célibataire,Aucun,3,Restauration/Transformation,3.3,166000,100000,22,1,47400,Régulière,1,72.9,13.0,1,11,1,Jamais emprunté ailleurs,0,0,Fonds de commerce,344000,9,Bien matériel,0.86,0
CSWA-00421,62,Homme,Urbaine,Marié(e),Supérieur,6,Commerce informel,14.9,76000,60000,21,0,2300,Régulière,1,64.3,8.0,0,0,1,Jamais emprunté ailleurs,0,0,Education,261000,9,Bien matériel,1.22,1
CSWA-00422,51,Homme,Rurale,Marié(e),Primaire,2,Restauration/Transformation,5.9,99000,54000,36,0,47900,Régulière,1,83.4,15.0,1,8,1,Jamais emprunté ailleurs,0,0,Fonds de commerce,371000,3,Aval d'un tiers,1.94,0
CSWA-00423,55,Femme,Rurale,Marié(e),Primaire,2,Restauration/Transformation,2.5,61000,48000,1,0,3400,Irrégulière,1,78.9,1.0,0,0,1,Pret en cours ailleurs,1,123000,Elevage,260000,6,Caution solidaire,1.76,0
CSWA-00424,46,Homme,Semi-urbaine,Marié(e),Supérieur,4,Elevage,9.8,103000,65000,40,1,3100,Aucune épargne,2,65.4,30.0,1,9,1,Bon payeur ailleurs (solde sans incident),0,0,Habitat/Réparation,83000,3,Bien matériel,0.93,0
CSWA-00425,38,Femme,Urbaine,Marié(e),Aucun,4,Commerce informel,5.4,152000,84000,20,1,4700,Régulière,4,73.4,2.0,1,11,1,Pret en cours ailleurs,1,185000,Habitat/Réparation,139000,3,Bien matériel,1.0,0
CSWA-00426,28,Femme,Urbaine,Marié(e),Primaire,1,Agriculture,3.2,89000,75000,119,1,3600,Aucune épargne,3,73.5,28.0,0,0,1,Jamais emprunté ailleurs,0,0,Intrants agricoles,77000,6,Bien matériel,1.0,1
CSWA-00427,59,Homme,Urbaine,Marié(e),Aucun,6,Commerce informel,3.9,99000,43000,162,1,144600,Régulière,2,82.9,2.0,0,0,1,Pret en cours ailleurs,1,92000,Fonds de commerce,102000,12,Caution solidaire,0.61,0
CSWA-00428,56,Femme,Rurale,Célibataire,Aucun,4,Fonctionnaire,5.4,207000,108000,153,0,136000,Régulière,0,,,1,9,1,Jamais emprunté ailleurs,0,0,Education,391000,12,Bien matériel,0.7,0
CSWA-00429,20,Femme,Rurale,Marié(e),Primaire,1,Agriculture,1.4,119000,55000,103,1,88300,Irrégulière,2,85.1,1.0,1,10,1,Pret en cours ailleurs,1,164000,Education,154000,18,Caution solidaire,0.67,0
CSWA-00430,52,Femme,Urbaine,Marié(e),Secondaire,2,Commerce informel,13.2,144000,121000,156,1,247700,Régulière,2,93.5,13.0,1,9,1,Jamais emprunté ailleurs,0,0,Equipement/Matériel,497000,9,Aval d'un tiers,1.27,0
CSWA-00431,22,Femme,Rurale,Marié(e),Primaire,2,Commerce informel,7.8,96000,41000,73,0,45400,Régulière,0,,,1,7,1,Jamais emprunté ailleurs,0,0,Evénement social,389000,18,Caution solidaire,0.68,0
CSWA-00432,53,Femme,Rurale,Célibataire,Secondaire,1,Artisanat,5.9,96000,39000,114,1,35300,Régulière,2,68.4,17.0,0,0,0,Non consulté,0,0,Fonds de commerce,450000,12,Caution solidaire,0.84,0
CSWA-00433,57,Femme,Urbaine,Marié(e),Secondaire,4,Artisanat,4.7,92000,44000,59,1,68500,Irrégulière,1,86.2,7.0,1,6,1,Jamais emprunté ailleurs,0,0,Equipement/Matériel,489000,6,Aucune,1.47,0
CSWA-00434,25,Homme,Semi-urbaine,Marié(e),Secondaire,5,Autre service,10.6,130000,85000,74,1,32300,Irrégulière,1,61.4,12.0,1,9,1,Pret en cours ailleurs,1,88000,Education,396000,3,Bien matériel,1.85,0
CSWA-00435,39,Femme,Rurale,Marié(e),Aucun,3,Commerce informel,13.6,64000,31000,22,1,15400,Régulière,1,86.1,4.0,0,0,1,Jamais emprunté ailleurs,0,0,Fonds de commerce,183000,6,Caution solidaire,1.02,0
CSWA-00436,24,Femme,Rurale,Divorcé(e),Secondaire,2,Commerce informel,2.3,108000,55000,48,1,54000,Régulière,1,75.6,2.0,0,0,1,Pret en cours ailleurs,1,115000,Intrants agricoles,176000,12,Caution solidaire,0.76,0
CSWA-00437,45,Femme,Rurale,Marié(e),Aucun,4,Transport,5.9,286000,176000,17,0,58700,Irrégulière,3,92.9,12.0,1,9,1,Pret en cours ailleurs,1,296000,Santé,1277000,18,Aval d'un tiers,0.99,0
CSWA-00438,62,Femme,Urbaine,Veuf(ve),Secondaire,2,Agriculture,7.0,98000,65000,53,0,35700,Aucune épargne,1,40.8,8.0,1,11,1,Bon payeur ailleurs (solde sans incident),0,0,Evénement social,290000,24,Bien matériel,0.8,0
CSWA-00439,22,Femme,Semi-urbaine,Veuf(ve),Primaire,2,Agriculture,10.5,42000,27000,126,0,73900,Régulière,0,,,1,8,1,Bon payeur ailleurs (solde sans incident),0,0,Fonds de commerce,117000,6,Aucune,1.16,0
CSWA-00440,37,Femme,Rurale,Marié(e),Secondaire,4,Fonctionnaire,8.5,148000,97000,82,1,25600,Irrégulière,0,,,0,0,1,Pret en cours ailleurs,1,190000,Fonds de commerce,338000,3,Bien matériel,1.62,0
CSWA-00441,64,Femme,Rurale,Marié(e),Aucun,2,Artisanat,7.3,114000,78000,157,1,146800,Irrégulière,2,60.1,2.0,1,12,1,Bon payeur ailleurs (solde sans incident),0,0,Fonds de commerce,311000,24,Aval d'un tiers,0.81,0
CSWA-00442,33,Homme,Semi-urbaine,Marié(e),Secondaire,5,Agriculture,5.5,56000,44000,114,0,68300,Régulière,2,89.1,14.0,1,15,1,Bon payeur ailleurs (solde sans incident),0,0,Equipement/Matériel,146000,12,Aval d'un tiers,1.03,0
CSWA-00443,25,Homme,Semi-urbaine,Divorcé(e),Aucun,4,Autre service,2.1,47000,32000,177,1,108300,Irrégulière,0,,,0,0,1,Bon payeur ailleurs (solde sans incident),0,0,Fonds de commerce,201000,6,Bien matériel,1.48,0
CSWA-00444,41,Femme,Semi-urbaine,Marié(e),Aucun,5,Commerce informel,6.1,38000,27000,100,0,37400,Régulière,1,89.2,3.0,1,7,1,Jamais emprunté ailleurs,0,0,Elevage,180000,24,Caution solidaire,0.93,0
CSWA-00445,42,Femme,Urbaine,Marié(e),Primaire,6,Commerce informel,4.8,72000,39000,121,1,87400,Régulière,1,88.9,3.0,1,7,1,Jamais emprunté ailleurs,0,0,Habitat/Réparation,76000,12,Bien matériel,0.64,0
CSWA-00446,50,Femme,Urbaine,Marié(e),Primaire,9,Commerce informel,2.3,196000,161000,138,0,390700,Régulière,1,84.9,6.0,1,11,1,Jamais emprunté ailleurs,0,0,Fonds de commerce,286000,36,Aucune,0.87,0
CSWA-00447,33,Homme,Rurale,Célibataire,Secondaire,4,Commerce informel,13.7,60000,45000,34,0,13000,Aucune épargne,2,54.4,1.0,1,4,1,Bon payeur ailleurs (solde sans incident),0,0,Equipement/Matériel,52000,12,Aucune,0.83,1
CSWA-00448,63,Homme,Rurale,Marié(e),Secondaire,4,Agriculture,5.8,131000,84000,24,1,25700,Régulière,4,78.0,6.0,1,3,1,Jamais emprunté ailleurs,0,0,Fonds de commerce,444000,3,Caution solidaire,1.91,0
CSWA-00449,43,Femme,Rurale,Marié(e),Secondaire,6,Salarié secteur formel,8.4,135000,78000,83,1,114500,Aucune épargne,0,,,1,12,1,Incident de paiement signale ailleurs,0,0,Evénement social,249000,12,Caution solidaire,0.75,0
CSWA-00450,32,Femme,Semi-urbaine,Marié(e),Secondaire,5,Autre service,4.9,65000,23000,21,0,5800,Régulière,4,77.5,11.0,1,11,1,Jamais emprunté ailleurs,0,0,Habitat/Réparation,164000,9,Aucune,0.67,1
CSWA-00451,64,Femme,Urbaine,Marié(e),Secondaire,4,Restauration/Transformation,2.8,107000,90000,174,0,112000,Régulière,1,80.1,0.0,1,10,1,Pret en cours ailleurs,2,206000,Elevage,96000,6,Aucune,1.18,0
CSWA-00452,62,Femme,Urbaine,Veuf(ve),Supérieur,2,Fonctionnaire,8.8,148000,62000,179,0,276200,Irrégulière,1,58.8,3.0,1,5,1,Pret en cours ailleurs,1,246000,Santé,412000,6,Bien matériel,1.09,0
CSWA-00453,42,Femme,Rurale,Célibataire,Aucun,0,Agriculture,14.2,202000,122000,35,0,43200,Irrégulière,3,77.2,1.0,1,13,1,Incident de paiement signale ailleurs,0,0,Santé,528000,9,Bien matériel,0.93,0
CSWA-00454,20,Femme,Urbaine,Marié(e),Primaire,2,Agriculture,10.4,109000,57000,57,1,84900,Régulière,3,81.8,10.0,0,0,0,Non consulté,0,0,Fonds de commerce,501000,18,Aval d'un tiers,0.81,0
CSWA-00455,47,Femme,Rurale,Marié(e),Secondaire,3,Commerce informel,7.5,144000,74000,41,0,51200,Irrégulière,0,,,1,7,0,Non consulté,0,0,Equipement/Matériel,199000,6,Caution solidaire,0.77,0
CSWA-00456,45,Femme,Rurale,Célibataire,Aucun,7,Elevage,4.8,70000,39000,175,0,128800,Aucune épargne,1,67.1,7.0,1,12,0,Non consulté,0,0,Intrants agricoles,123000,3,Bien matériel,1.21,0
CSWA-00457,25,Femme,Rurale,Marié(e),Aucun,1,Agriculture,6.6,106000,67000,147,0,42200,Aucune épargne,2,96.6,1.0,0,0,1,Jamais emprunté ailleurs,0,0,Elevage,408000,18,Bien matériel,0.87,0
CSWA-00458,48,Homme,Rurale,Marié(e),Aucun,3,Commerce informel,8.6,135000,48000,53,1,104200,Aucune épargne,2,70.3,10.0,0,0,1,Bon payeur ailleurs (solde sans incident),0,0,Intrants agricoles,438000,6,Caution solidaire,0.96,1
CSWA-00459,58,Homme,Rurale,Marié(e),Primaire,5,Fonctionnaire,4.6,142000,61000,134,0,283800,Aucune épargne,2,88.2,22.0,1,8,1,Bon payeur ailleurs (solde sans incident),0,0,Elevage,558000,9,Bien matériel,0.92,0
CSWA-00460,23,Femme,Rurale,Célibataire,Primaire,1,Commerce informel,8.5,50000,33000,12,1,6100,Régulière,1,65.5,9.0,0,0,0,Non consulté,0,0,Habitat/Réparation,138000,24,Caution solidaire,0.79,0
CSWA-00461,52,Femme,Urbaine,Divorcé(e),Secondaire,3,Restauration/Transformation,5.1,48000,35000,28,0,4600,Régulière,2,42.1,12.0,1,8,1,Bon payeur ailleurs (solde sans incident),0,0,Fonds de commerce,55000,12,Caution solidaire,0.84,0
CSWA-00462,25,Femme,Rurale,Célibataire,Primaire,0,Commerce informel,1.1,64000,44000,92,0,48800,Régulière,1,84.4,0.0,0,0,1,Jamais emprunté ailleurs,0,0,Santé,215000,9,Bien matériel,1.11,0
CSWA-00463,54,Homme,Rurale,Marié(e),Secondaire,1,Elevage,2.9,92000,78000,58,1,9500,Régulière,1,95.5,2.0,1,7,1,Bon payeur ailleurs (solde sans incident),0,0,Fonds de commerce,336000,9,Aval d'un tiers,1.3,0
CSWA-00464,38,Femme,Urbaine,Célibataire,Aucun,4,Restauration/Transformation,5.2,74000,28000,36,1,3100,Aucune épargne,1,85.0,9.0,0,0,1,Bon payeur ailleurs (solde sans incident),0,0,Intrants agricoles,61000,3,Bien matériel,0.69,0
CSWA-00465,19,Homme,Rurale,Marié(e),Secondaire,0,Commerce informel,6.1,62000,38000,93,1,27500,Irrégulière,2,79.2,4.0,1,9,1,Jamais emprunté ailleurs,0,0,Fonds de commerce,76000,12,Caution solidaire,0.73,0
CSWA-00466,64,Femme,Semi-urbaine,Veuf(ve),Secondaire,7,Commerce informel,9.8,117000,65000,162,1,68300,Régulière,1,95.8,2.0,1,10,1,Jamais emprunté ailleurs,0,0,Fonds de commerce,250000,9,Aval d'un tiers,0.82,0
CSWA-00467,26,Femme,Urbaine,Marié(e),Aucun,4,Artisanat,6.9,63000,28000,94,1,85200,Aucune épargne,1,91.3,14.0,0,0,1,Bon payeur ailleurs (solde sans incident),0,0,Santé,144000,3,Aval d'un tiers,1.3,1
CSWA-00468,47,Femme,Rurale,Marié(e),Aucun,4,Artisanat,1.7,58000,46000,78,1,51100,Régulière,2,81.8,2.0,0,0,1,Jamais emprunté ailleurs,0,0,Fonds de commerce,89000,3,Bien matériel,1.37,0
CSWA-00469,27,Femme,Semi-urbaine,Marié(e),Primaire,1,Agriculture,8.6,135000,57000,21,0,30600,Irrégulière,1,86.4,34.0,1,14,1,Jamais emprunté ailleurs,0,0,Fonds de commerce,661000,6,Caution solidaire,1.34,0
CSWA-00470,62,Homme,Semi-urbaine,Marié(e),Supérieur,2,Agriculture,4.7,109000,66000,80,0,100300,Irrégulière,0,,,0,0,0,Non consulté,0,0,Fonds de commerce,305000,6,Caution solidaire,1.13,1
CSWA-00471,53,Femme,Rurale,Marié(e),Primaire,8,Commerce informel,2.1,41000,18000,154,0,35400,Aucune épargne,0,,,0,0,1,Bon payeur ailleurs (solde sans incident),0,0,Evénement social,198000,12,Bien matériel,0.89,1
CSWA-00472,56,Femme,Rurale,Marié(e),Aucun,1,Commerce informel,8.5,39000,22000,71,0,41300,Irrégulière,0,,,1,8,1,Pret en cours ailleurs,3,298000,Intrants agricoles,124000,18,Aucune,1.45,0
CSWA-00473,39,Femme,Semi-urbaine,Célibataire,Aucun,5,Salarié secteur formel,9.3,84000,63000,155,1,115300,Régulière,2,84.9,0.0,1,10,1,Bon payeur ailleurs (solde sans incident),0,0,Evénement social,423000,18,Caution solidaire,1.06,0
CSWA-00474,40,Femme,Rurale,Célibataire,Aucun,2,Commerce informel,6.4,79000,55000,20,0,5400,Régulière,3,68.8,0.0,1,4,0,Non consulté,0,0,Equipement/Matériel,231000,24,Caution solidaire,0.83,0
CSWA-00475,48,Homme,Urbaine,Marié(e),Primaire,6,Elevage,7.1,155000,109000,113,1,178900,Irrégulière,0,,,1,6,1,Bon payeur ailleurs (solde sans incident),0,0,Intrants agricoles,504000,12,Caution solidaire,1.01,0
CSWA-00476,55,Homme,Urbaine,Marié(e),Secondaire,4,Restauration/Transformation,6.2,179000,82000,113,1,170700,Irrégulière,0,,,1,8,0,Non consulté,0,0,Evénement social,352000,18,Aucune,0.58,0
CSWA-00477,58,Homme,Semi-urbaine,Marié(e),Primaire,3,Transport,8.4,122000,44000,52,1,58800,Régulière,2,73.3,39.0,1,13,1,Jamais emprunté ailleurs,0,0,Education,639000,12,Caution solidaire,0.85,0
CSWA-00478,19,Homme,Rurale,Marié(e),Secondaire,5,Commerce informel,5.2,231000,164000,28,0,27500,Irrégulière,1,79.4,5.0,1,10,1,Jamais emprunté ailleurs,0,0,Evénement social,1178000,6,Caution solidaire,1.66,0
CSWA-00479,50,Homme,Urbaine,Marié(e),Aucun,1,Artisanat,1.0,90000,36000,126,0,101100,Irrégulière,1,73.0,2.0,0,0,1,Bon payeur ailleurs (solde sans incident),0,0,Fonds de commerce,96000,9,Caution solidaire,0.53,0
CSWA-00480,24,Femme,Urbaine,Veuf(ve),Primaire,6,Artisanat,3.0,149000,81000,116,1,24600,Régulière,2,81.9,5.0,1,5,1,Jamais emprunté ailleurs,0,0,Intrants agricoles,237000,6,Caution solidaire,0.84,0
CSWA-00481,32,Femme,Semi-urbaine,Divorcé(e),Secondaire,3,Commerce informel,3.4,59000,46000,72,0,52200,Régulière,2,91.5,9.0,1,4,1,Jamais emprunté ailleurs,0,0,Elevage,225000,18,Caution solidaire,1.02,0
CSWA-00482,57,Homme,Rurale,Marié(e),Secondaire,3,Commerce informel,4.7,34000,19000,73,0,22800,Régulière,1,75.2,7.0,0,0,1,Bon payeur ailleurs (solde sans incident),0,0,Fonds de commerce,175000,12,Caution solidaire,1.04,0
CSWA-00483,30,Homme,Semi-urbaine,Célibataire,Secondaire,2,Salarié secteur formel,5.0,59000,34000,165,0,97900,Régulière,1,80.0,4.0,1,10,1,Bon payeur ailleurs (solde sans incident),0,0,Education,81000,3,Caution solidaire,1.09,0
CSWA-00484,56,Homme,Rurale,Célibataire,Aucun,4,Agriculture,12.9,75000,62000,154,1,101500,Aucune épargne,2,87.6,2.0,1,11,1,Bon payeur ailleurs (solde sans incident),0,0,Intrants agricoles,181000,12,Bien matériel,1.05,0
CSWA-00485,40,Femme,Semi-urbaine,Marié(e),Primaire,3,Commerce informel,5.8,335000,270000,70,1,347400,Régulière,2,86.8,10.0,0,0,0,Non consulté,0,0,Habitat/Réparation,425000,12,Caution solidaire,0.92,0
CSWA-00486,29,Homme,Semi-urbaine,Célibataire,Secondaire,4,Artisanat,7.1,81000,32000,94,1,11800,Irrégulière,0,,,1,7,1,Incident de paiement signale ailleurs,0,0,Intrants agricoles,261000,18,Bien matériel,0.6,0
CSWA-00487,34,Femme,Urbaine,Marié(e),Aucun,3,Agriculture,5.3,46000,36000,75,1,24800,Aucune épargne,1,74.4,2.0,1,15,0,Non consulté,0,0,Fonds de commerce,54000,3,Caution solidaire,1.22,0
CSWA-00488,43,Femme,Rurale,Marié(e),Secondaire,2,Commerce informel,6.2,137000,82000,160,0,223200,Irrégulière,1,77.5,4.0,0,0,1,Bon payeur ailleurs (solde sans incident),0,0,Habitat/Réparation,331000,12,Aval d'un tiers,0.82,0
CSWA-00489,54,Homme,Urbaine,Divorcé(e),Primaire,4,Commerce informel,7.1,53000,40000,87,1,42300,Aucune épargne,1,90.6,3.0,0,0,1,Jamais emprunté ailleurs,0,0,Equipement/Matériel,276000,3,Caution solidaire,2.7,0
CSWA-00490,47,Femme,Semi-urbaine,Célibataire,Aucun,2,Agriculture,10.5,87000,46000,5,1,8600,Régulière,1,97.1,5.0,1,16,1,Bon payeur ailleurs (solde sans incident),0,0,Habitat/Réparation,430000,9,Caution solidaire,1.14,0
CSWA-00491,62,Femme,Urbaine,Marié(e),Secondaire,2,Artisanat,10.3,131000,109000,20,1,38500,Irrégulière,1,86.7,6.0,0,0,1,Pret en cours ailleurs,1,141000,Intrants agricoles,689000,18,Bien matériel,1.26,0
CSWA-00492,59,Homme,Rurale,Marié(e),Secondaire,2,Agriculture,2.0,48000,36000,131,0,46800,Irrégulière,2,94.5,1.0,1,7,1,Jamais emprunté ailleurs,0,0,Habitat/Réparation,46000,6,Caution solidaire,0.93,0
CSWA-00493,54,Homme,Semi-urbaine,Divorcé(e),Secondaire,3,Commerce informel,3.5,186000,107000,7,1,20100,Régulière,1,79.3,4.0,1,11,1,Bon payeur ailleurs (solde sans incident),0,0,Evénement social,266000,24,Bien matériel,0.64,0
CSWA-00494,47,Femme,Urbaine,Marié(e),Secondaire,4,Artisanat,4.7,150000,80000,101,1,115600,Irrégulière,1,61.4,4.0,1,9,1,Bon payeur ailleurs (solde sans incident),0,0,Fonds de commerce,196000,24,Caution solidaire,0.59,0
CSWA-00495,32,Femme,Semi-urbaine,Veuf(ve),Aucun,1,Restauration/Transformation,9.8,98000,45000,100,1,109700,Irrégulière,3,80.7,3.0,1,11,1,Pret en cours ailleurs,1,311000,Education,379000,3,Caution solidaire,2.19,0
CSWA-00496,38,Femme,Urbaine,Veuf(ve),Secondaire,5,Elevage,6.7,212000,103000,31,0,50300,Régulière,1,78.2,2.0,1,11,1,Jamais emprunté ailleurs,0,0,Evénement social,960000,18,Aucune,0.77,0
CSWA-00497,24,Femme,Rurale,Marié(e),Supérieur,0,Commerce informel,5.0,65000,37000,120,0,54300,Irrégulière,1,87.0,4.0,1,3,1,Pret en cours ailleurs,1,74000,Habitat/Réparation,350000,12,Caution solidaire,1.18,0
CSWA-00498,36,Homme,Rurale,Célibataire,Aucun,0,Commerce informel,2.5,125000,66000,20,0,36200,Irrégulière,0,,,0,0,1,Jamais emprunté ailleurs,0,0,Intrants agricoles,435000,6,Aucune,1.18,1
CSWA-00499,62,Femme,Urbaine,Célibataire,Primaire,5,Fonctionnaire,8.8,192000,129000,167,0,333100,Régulière,2,83.7,2.0,0,0,1,Bon payeur ailleurs (solde sans incident),0,0,Habitat/Réparation,797000,6,Caution solidaire,1.45,0
CSWA-00500,39,Femme,Rurale,Célibataire,Supérieur,3,Commerce informel,10.7,57000,38000,133,0,78400,Régulière,0,,,1,5,0,Non consulté,0,0,Equipement/Matériel,74000,12,Caution solidaire,0.79,0
CSWA-00501,24,Homme,Semi-urbaine,Marié(e),Aucun,2,Agriculture,3.1,58000,26000,30,1,13800,Aucune épargne,1,59.7,1.0,1,7,1,Bon payeur ailleurs (solde sans incident),0,0,Equipement/Matériel,177000,18,Aucune,0.64,0
CSWA-00502,49,Femme,Urbaine,Marié(e),Supérieur,1,Restauration/Transformation,1.7,247000,119000,68,0,22400,Aucune épargne,1,91.6,10.0,0,0,0,Non consulté,0,0,Equipement/Matériel,897000,12,Aval d'un tiers,0.82,0
CSWA-00503,64,Femme,Rurale,Marié(e),Primaire,2,Transport,5.5,145000,54000,162,1,131300,Régulière,4,82.1,7.0,1,10,1,Pret en cours ailleurs,1,179000,Habitat/Réparation,538000,3,Caution solidaire,1.87,0
CSWA-00504,59,Femme,Semi-urbaine,Marié(e),Secondaire,5,Fonctionnaire,5.6,158000,86000,14,0,2400,Irrégulière,3,93.4,5.0,1,3,1,Bon payeur ailleurs (solde sans incident),0,0,Equipement/Matériel,282000,12,Caution solidaire,0.71,0
CSWA-00505,31,Homme,Semi-urbaine,Célibataire,Secondaire,4,Agriculture,12.5,57000,33000,51,0,32500,Irrégulière,0,,,1,13,1,Bon payeur ailleurs (solde sans incident),0,0,Habitat/Réparation,131000,12,Bien matériel,0.79,0
CSWA-00506,40,Homme,Urbaine,Célibataire,Secondaire,0,Autre service,3.9,119000,48000,126,0,180300,Irrégulière,0,,,1,9,1,Bon payeur ailleurs (solde sans incident),0,0,Fonds de commerce,478000,6,Bien matériel,1.15,0
CSWA-00507,43,Femme,Semi-urbaine,Marié(e),Secondaire,1,Commerce informel,3.4,66000,26000,92,0,4800,Régulière,4,70.6,0.0,1,6,1,Bon payeur ailleurs (solde sans incident),0,0,Fonds de commerce,192000,6,Aval d'un tiers,0.94,0
CSWA-00508,30,Femme,Urbaine,Marié(e),Aucun,2,Salarié secteur formel,3.4,133000,64000,53,1,53900,Régulière,0,,,0,0,0,Non consulté,0,0,Santé,692000,12,Aval d'un tiers,0.97,0
CSWA-00509,31,Femme,Rurale,Marié(e),Secondaire,1,Commerce informel,2.6,157000,94000,30,0,63800,Régulière,3,46.8,2.0,1,7,1,Pret en cours ailleurs,1,219000,Santé,614000,9,Caution solidaire,1.21,0
CSWA-00510,30,Femme,Rurale,Célibataire,Supérieur,6,Fonctionnaire,5.1,206000,173000,55,1,21400,Régulière,0,,,1,9,0,Non consulté,0,0,Habitat/Réparation,429000,3,Aval d'un tiers,1.62,0
CSWA-00511,65,Femme,Semi-urbaine,Marié(e),Supérieur,1,Salarié secteur formel,9.1,86000,69000,82,0,39300,Régulière,0,,,0,0,1,Pret en cours ailleurs,1,617000,Intrants agricoles,141000,18,Bien matériel,1.55,1
CSWA-00512,54,Homme,Urbaine,Célibataire,Supérieur,4,Transport,9.3,77000,42000,15,1,2400,Régulière,0,,,1,12,1,Jamais emprunté ailleurs,0,0,Education,300000,12,Bien matériel,0.91,1
CSWA-00513,58,Homme,Urbaine,Marié(e),Secondaire,2,Artisanat,2.7,106000,67000,109,0,88300,Régulière,0,,,1,9,1,Pret en cours ailleurs,1,173000,Intrants agricoles,494000,6,Bien matériel,1.65,0
CSWA-00514,57,Homme,Semi-urbaine,Marié(e),Secondaire,3,Commerce informel,10.1,189000,119000,77,1,118600,Régulière,3,90.4,1.0,1,8,1,Jamais emprunté ailleurs,0,0,Intrants agricoles,448000,12,Caution solidaire,0.85,0
CSWA-00515,64,Homme,Urbaine,Veuf(ve),Primaire,6,Elevage,5.8,104000,54000,47,0,29700,Régulière,1,86.9,8.0,1,4,1,Jamais emprunté ailleurs,0,0,Intrants agricoles,538000,12,Caution solidaire,1.0,1
CSWA-00516,23,Femme,Rurale,Marié(e),Primaire,1,Commerce informel,1.3,51000,40000,165,0,106100,Aucune épargne,0,,,1,7,1,Bon payeur ailleurs (solde sans incident),0,0,Fonds de commerce,206000,3,Bien matériel,2.29,1
CSWA-00517,60,Homme,Rurale,Marié(e),Primaire,4,Restauration/Transformation,8.5,161000,80000,153,0,156200,Régulière,0,,,1,2,1,Jamais emprunté ailleurs,0,0,Fonds de commerce,884000,9,Bien matériel,1.18,0
CSWA-00518,22,Homme,Rurale,Célibataire,Aucun,0,Commerce informel,10.4,56000,32000,155,0,16800,Aucune épargne,2,87.0,1.0,1,14,1,Pret en cours ailleurs,1,139000,Fonds de commerce,166000,12,Aucune,1.07,1
CSWA-00519,41,Femme,Urbaine,Marié(e),Aucun,1,Commerce informel,4.0,80000,64000,170,0,163500,Irrégulière,2,99.5,0.0,1,8,0,Non consulté,0,0,Equipement/Matériel,281000,3,Caution solidaire,2.11,0
CSWA-00520,46,Homme,Urbaine,Divorcé(e),Primaire,2,Commerce informel,5.7,62000,32000,60,1,12900,Irrégulière,2,77.7,4.0,1,10,1,Incident de paiement signale ailleurs,0,0,Habitat/Réparation,223000,18,Aucune,0.74,1
CSWA-00521,35,Homme,Semi-urbaine,Veuf(ve),Primaire,2,Transport,5.0,20000,12000,64,1,14000,Régulière,2,59.2,6.0,1,5,1,Jamais emprunté ailleurs,0,0,Elevage,81000,12,Caution solidaire,0.98,0
CSWA-00522,25,Femme,Rurale,Célibataire,Primaire,3,Agriculture,6.1,89000,70000,56,0,33400,Aucune épargne,1,65.0,3.0,1,7,1,Jamais emprunté ailleurs,0,0,Habitat/Réparation,231000,24,Aval d'un tiers,0.91,1
CSWA-00523,28,Homme,Urbaine,Marié(e),Aucun,7,Elevage,4.9,267000,137000,43,0,40600,Régulière,3,88.8,13.0,1,10,1,Jamais emprunté ailleurs,0,0,Santé,1028000,6,Caution solidaire,1.23,0
CSWA-00524,57,Femme,Urbaine,Marié(e),Secondaire,4,Commerce informel,6.4,96000,80000,156,0,26800,Régulière,0,,,1,7,1,Jamais emprunté ailleurs,0,0,Evénement social,150000,3,Aucune,1.42,0
CSWA-00525,33,Femme,Urbaine,Veuf(ve),Supérieur,4,Agriculture,1.0,412000,186000,61,0,313100,Régulière,0,,,1,11,1,Jamais emprunté ailleurs,0,0,Fonds de commerce,2055000,6,Caution solidaire,1.38,0
CSWA-00526,33,Homme,Semi-urbaine,Marié(e),Secondaire,2,Elevage,3.9,74000,51000,134,0,35100,Régulière,1,84.2,0.0,1,10,0,Non consulté,0,0,Fonds de commerce,259000,12,Bien matériel,1.02,1
CSWA-00527,62,Femme,Urbaine,Divorcé(e),Supérieur,8,Commerce informel,5.2,91000,35000,175,1,236100,Régulière,5,95.4,0.0,1,11,1,Bon payeur ailleurs (solde sans incident),0,0,Santé,198000,18,Bien matériel,0.52,0
CSWA-00528,25,Femme,Urbaine,Célibataire,Secondaire,5,Restauration/Transformation,7.9,76000,47000,37,1,22500,Aucune épargne,1,65.7,0.0,1,5,1,Jamais emprunté ailleurs,0,0,Equipement/Matériel,221000,9,Bien matériel,0.98,0
CSWA-00529,62,Femme,Rurale,Marié(e),Aucun,3,Agriculture,1.0,84000,36000,56,1,51700,Irrégulière,0,,,1,11,1,Bon payeur ailleurs (solde sans incident),0,0,Evénement social,449000,12,Bien matériel,0.93,0
CSWA-00530,62,Femme,Urbaine,Marié(e),Aucun,5,Autre service,10.4,99000,66000,162,1,138500,Aucune épargne,0,,,1,6,1,Bon payeur ailleurs (solde sans incident),0,0,Intrants agricoles,264000,9,Caution solidaire,1.0,0
CSWA-00531,47,Femme,Urbaine,Célibataire,Aucun,2,Commerce informel,5.8,185000,122000,73,1,202200,Irrégulière,3,63.4,7.0,1,9,1,Pret en cours ailleurs,3,100000,Habitat/Réparation,982000,3,Aucune,2.69,1
CSWA-00532,26,Femme,Semi-urbaine,Marié(e),Aucun,3,Agriculture,9.9,51000,28000,165,1,32400,Régulière,3,76.9,0.0,1,8,1,Jamais emprunté ailleurs,0,0,Intrants agricoles,216000,3,Caution solidaire,2.13,0
CSWA-00533,26,Femme,Rurale,Marié(e),Primaire,7,Fonctionnaire,7.0,127000,103000,105,0,81000,Irrégulière,3,78.5,16.0,1,4,1,Pret en cours ailleurs,2,290000,Habitat/Réparation,268000,36,Bien matériel,1.08,0
CSWA-00534,32,Homme,Urbaine,Célibataire,Aucun,2,Salarié secteur formel,12.0,105000,84000,62,0,86400,Régulière,1,92.1,6.0,1,2,1,Incident de paiement signale ailleurs,0,0,Elevage,473000,3,Aval d'un tiers,2.48,0
CSWA-00535,46,Femme,Rurale,Marié(e),Supérieur,7,Elevage,7.3,163000,117000,82,1,42000,Aucune épargne,0,,,1,6,1,Incident de paiement signale ailleurs,0,0,Equipement/Matériel,812000,24,Aucune,0.95,1
CSWA-00536,26,Femme,Urbaine,Marié(e),Primaire,7,Commerce informel,1.7,25000,18000,161,1,38500,Irrégulière,2,79.0,4.0,1,16,1,Bon payeur ailleurs (solde sans incident),0,0,Intrants agricoles,57000,9,Aval d'un tiers,1.0,0
CSWA-00537,40,Femme,Urbaine,Célibataire,Primaire,2,Agriculture,8.1,37000,14000,8,0,4500,Régulière,0,,,0,0,1,Jamais emprunté ailleurs,0,0,Santé,139000,24,Aucune,0.55,0
CSWA-00538,24,Homme,Rurale,Célibataire,Supérieur,4,Artisanat,6.1,83000,42000,120,0,148200,Irrégulière,3,82.3,3.0,1,6,1,Jamais emprunté ailleurs,0,0,Fonds de commerce,330000,9,Bien matériel,1.0,0
CSWA-00539,44,Homme,Rurale,Marié(e),Supérieur,5,Commerce informel,3.8,150000,68000,154,0,278800,Irrégulière,1,74.3,1.0,0,0,0,Non consulté,0,0,Santé,397000,3,Bien matériel,1.44,0
CSWA-00540,19,Femme,Rurale,Divorcé(e),Secondaire,2,Commerce informel,6.3,62000,34000,158,1,13300,Aucune épargne,0,,,0,0,1,Jamais emprunté ailleurs,0,0,Fonds de commerce,269000,12,Caution solidaire,0.95,1
CSWA-00541,52,Femme,Semi-urbaine,Veuf(ve),Secondaire,2,Elevage,7.4,117000,47000,99,0,100300,Irrégulière,1,93.0,13.0,0,0,1,Pret en cours ailleurs,2,223000,Santé,373000,12,Caution solidaire,0.87,0
CSWA-00542,21,Femme,Urbaine,Marié(e),Supérieur,4,Commerce informel,6.5,240000,122000,70,1,174900,Irrégulière,4,57.7,8.0,0,0,1,Bon payeur ailleurs (solde sans incident),0,0,Evénement social,724000,6,Caution solidaire,1.07,0
CSWA-00543,28,Homme,Semi-urbaine,Marié(e),Primaire,0,Salarié secteur formel,2.1,108000,69000,177,0,92100,Régulière,1,87.8,0.0,1,5,1,Pret en cours ailleurs,2,876000,Fonds de commerce,153000,18,Bien matériel,1.46,0
CSWA-00544,27,Homme,Rurale,Célibataire,Secondaire,2,Commerce informel,12.6,71000,31000,72,0,52500,Régulière,1,86.3,4.0,1,17,1,Bon payeur ailleurs (solde sans incident),0,0,Equipement/Matériel,223000,6,Aucune,1.02,0
CSWA-00545,58,Femme,Urbaine,Marié(e),Aucun,3,Autre service,8.9,105000,42000,71,1,102000,Régulière,6,90.4,3.0,1,7,0,Non consulté,0,0,Evénement social,205000,3,Aval d'un tiers,1.13,0
CSWA-00546,21,Homme,Semi-urbaine,Célibataire,Primaire,4,Elevage,5.5,89000,63000,91,1,79500,Irrégulière,6,88.0,3.0,0,0,1,Bon payeur ailleurs (solde sans incident),0,0,Fonds de commerce,316000,18,Bien matériel,0.93,0
CSWA-00547,39,Femme,Urbaine,Marié(e),Primaire,2,Autre service,4.7,93000,44000,88,1,62000,Aucune épargne,0,,,1,5,1,Jamais emprunté ailleurs,0,0,Fonds de commerce,216000,36,Bien matériel,0.55,0
CSWA-00548,46,Homme,Rurale,Marié(e),Aucun,2,Restauration/Transformation,12.2,73000,43000,48,1,40200,Irrégulière,1,70.3,5.0,1,10,1,Jamais emprunté ailleurs,0,0,Equipement/Matériel,313000,24,Bien matériel,0.79,0
CSWA-00549,43,Homme,Rurale,Marié(e),Aucun,2,Commerce informel,6.5,70000,54000,72,0,23600,Aucune épargne,0,,,1,16,1,Bon payeur ailleurs (solde sans incident),0,0,Equipement/Matériel,297000,3,Aval d'un tiers,2.36,1
CSWA-00550,50,Homme,Urbaine,Marié(e),Aucun,2,Commerce informel,2.2,47000,25000,97,1,46200,Irrégulière,0,,,0,0,1,Bon payeur ailleurs (solde sans incident),0,0,Elevage,175000,6,Caution solidaire,1.23,0
CSWA-00551,56,Femme,Semi-urbaine,Veuf(ve),Aucun,2,Commerce informel,12.2,113000,45000,23,1,20200,Irrégulière,1,85.2,2.0,1,7,1,Jamais emprunté ailleurs,0,0,Habitat/Réparation,296000,36,Bien matériel,0.48,0
CSWA-00552,37,Femme,Urbaine,Marié(e),Aucun,1,Restauration/Transformation,4.2,46000,34000,92,1,39300,Régulière,5,65.8,7.0,0,0,1,Jamais emprunté ailleurs,0,0,Fonds de commerce,42000,36,Aucune,0.77,0
CSWA-00553,57,Femme,Semi-urbaine,Veuf(ve),Primaire,6,Commerce informel,2.1,52000,37000,132,0,51700,Irrégulière,4,75.5,24.0,1,12,1,Jamais emprunté ailleurs,0,0,Fonds de commerce,130000,12,Caution solidaire,0.94,0
CSWA-00554,33,Femme,Urbaine,Marié(e),Secondaire,2,Restauration/Transformation,6.5,42000,28000,34,1,9200,Régulière,1,88.4,1.0,1,10,1,Incident de paiement signale ailleurs,0,0,Fonds de commerce,117000,12,Caution solidaire,0.93,0
CSWA-00555,65,Homme,Urbaine,Célibataire,Primaire,1,Salarié secteur formel,3.6,98000,61000,43,1,4600,Irrégulière,1,98.6,10.0,1,8,1,Pret en cours ailleurs,1,111000,Fonds de commerce,392000,9,Caution solidaire,1.22,0
CSWA-00556,42,Femme,Rurale,Veuf(ve),Secondaire,3,Agriculture,5.2,82000,60000,162,1,125600,Irrégulière,1,87.3,1.0,1,10,0,Non consulté,0,0,Intrants agricoles,236000,9,Caution solidaire,1.09,0
CSWA-00557,53,Homme,Semi-urbaine,Marié(e),Aucun,6,Restauration/Transformation,7.2,44000,23000,163,1,105200,Irrégulière,3,97.0,1.0,1,8,1,Pret en cours ailleurs,1,177000,Education,168000,12,Aval d'un tiers,1.24,0
CSWA-00558,60,Homme,Urbaine,Marié(e),Secondaire,3,Salarié secteur formel,0.5,172000,89000,19,1,18100,Aucune épargne,0,,,1,7,0,Non consulté,0,0,Equipement/Matériel,617000,18,Aucune,0.74,0
CSWA-00559,56,Femme,Semi-urbaine,Célibataire,Aucun,4,Restauration/Transformation,6.0,88000,58000,9,0,7500,Irrégulière,0,,,1,4,1,Jamais emprunté ailleurs,0,0,Intrants agricoles,184000,12,Caution solidaire,0.85,1
CSWA-00560,59,Homme,Urbaine,Célibataire,Primaire,4,Commerce informel,10.7,34000,15000,159,0,59200,Irrégulière,4,75.7,3.0,1,7,1,Jamais emprunté ailleurs,0,0,Fonds de commerce,150000,3,Caution solidaire,2.09,0
CSWA-00561,44,Femme,Rurale,Marié(e),Primaire,5,Commerce informel,2.3,53000,35000,177,1,86200,Irrégulière,3,68.2,4.0,1,14,1,Jamais emprunté ailleurs,0,0,Habitat/Réparation,223000,6,Aucune,1.45,0
CSWA-00562,21,Femme,Urbaine,Marié(e),Supérieur,3,Elevage,0.8,218000,171000,97,1,286200,Régulière,2,88.1,6.0,1,12,1,Bon payeur ailleurs (solde sans incident),0,0,Education,347000,18,Caution solidaire,0.88,0
CSWA-00563,42,Femme,Urbaine,Célibataire,Supérieur,2,Commerce informel,9.0,55000,33000,154,1,118600,Régulière,2,76.3,3.0,1,6,1,Bon payeur ailleurs (solde sans incident),0,0,Fonds de commerce,173000,9,Bien matériel,0.99,0
CSWA-00564,27,Femme,Semi-urbaine,Marié(e),Secondaire,2,Elevage,5.9,119000,47000,87,1,135700,Régulière,1,86.0,1.0,1,10,1,Pret en cours ailleurs,1,105000,Habitat/Réparation,126000,18,Aucune,0.54,0
CSWA-00565,60,Femme,Rurale,Célibataire,Secondaire,2,Autre service,7.7,61000,42000,55,0,21800,Aucune épargne,1,57.4,1.0,1,11,1,Jamais emprunté ailleurs,0,0,Elevage,161000,3,Aucune,1.67,1
CSWA-00566,30,Homme,Rurale,Marié(e),Primaire,6,Agriculture,4.3,90000,71000,155,0,33300,Régulière,2,81.5,14.0,1,17,1,Jamais emprunté ailleurs,0,0,Education,112000,12,Aucune,0.91,0
CSWA-00567,29,Homme,Rurale,Marié(e),Secondaire,2,Commerce informel,6.4,52000,23000,89,1,28700,Aucune épargne,1,83.8,5.0,1,10,1,Bon payeur ailleurs (solde sans incident),0,0,Equipement/Matériel,92000,24,Bien matériel,0.52,0
CSWA-00568,30,Homme,Rurale,Célibataire,Aucun,3,Commerce informel,12.3,28000,18000,82,1,18400,Régulière,4,94.5,6.0,1,12,1,Bon payeur ailleurs (solde sans incident),0,0,Fonds de commerce,73000,6,Aval d'un tiers,1.13,0
CSWA-00569,49,Femme,Rurale,Marié(e),Aucun,1,Fonctionnaire,7.7,165000,74000,106,1,16700,Irrégulière,1,65.3,3.0,1,7,1,Jamais emprunté ailleurs,0,0,Equipement/Matériel,850000,9,Bien matériel,1.09,0
CSWA-00570,45,Femme,Semi-urbaine,Veuf(ve),Supérieur,4,Commerce informel,2.5,103000,78000,55,1,71500,Irrégulière,1,76.2,5.0,1,12,1,Pret en cours ailleurs,1,44000,Evénement social,338000,6,Bien matériel,1.41,0
CSWA-00571,63,Homme,Rurale,Marié(e),Supérieur,3,Commerce informel,10.2,117000,56000,51,0,79500,Régulière,1,90.3,13.0,0,0,1,Bon payeur ailleurs (solde sans incident),0,0,Elevage,234000,3,Aucune,1.23,0
CSWA-00572,38,Femme,Rurale,Marié(e),Primaire,2,Artisanat,5.4,87000,58000,29,0,24200,Régulière,1,74.7,9.0,1,6,1,Jamais emprunté ailleurs,0,0,Fonds de commerce,155000,24,Aval d'un tiers,0.75,0
CSWA-00573,32,Femme,Rurale,Marié(e),Aucun,3,Elevage,1.1,53000,34000,17,1,8000,Irrégulière,0,,,1,9,1,Bon payeur ailleurs (solde sans incident),0,0,Equipement/Matériel,149000,9,Caution solidaire,0.99,0
CSWA-00574,21,Femme,Rurale,Marié(e),Aucun,3,Agriculture,3.2,134000,72000,124,1,99900,Régulière,1,60.1,2.0,1,6,1,Jamais emprunté ailleurs,0,0,Elevage,539000,18,Bien matériel,0.79,0
CSWA-00575,19,Femme,Rurale,Célibataire,Primaire,6,Artisanat,2.7,54000,43000,82,0,65000,Régulière,1,89.8,5.0,1,12,0,Non consulté,0,0,Fonds de commerce,156000,3,Aval d'un tiers,1.87,1
CSWA-00576,36,Femme,Rurale,Célibataire,Aucun,4,Artisanat,5.2,56000,45000,150,0,56500,Irrégulière,2,87.1,9.0,1,8,1,Incident de paiement signale ailleurs,0,0,Santé,282000,9,Caution solidaire,1.43,1
CSWA-00577,62,Femme,Rurale,Célibataire,Secondaire,4,Commerce informel,10.4,47000,24000,105,1,16600,Irrégulière,2,87.9,4.0,1,7,1,Jamais emprunté ailleurs,0,0,Fonds de commerce,211000,12,Aval d'un tiers,0.93,0
CSWA-00578,43,Femme,Semi-urbaine,Marié(e),Aucun,3,Agriculture,8.8,64000,34000,92,0,84900,Aucune épargne,3,91.8,7.0,0,0,1,Jamais emprunté ailleurs,0,0,Habitat/Réparation,265000,6,Bien matériel,1.3,0
CSWA-00579,60,Homme,Semi-urbaine,Marié(e),Aucun,3,Restauration/Transformation,3.7,69000,47000,176,0,152800,Régulière,0,,,1,9,1,Jamais emprunté ailleurs,0,0,Equipement/Matériel,64000,6,Bien matériel,0.85,0
CSWA-00580,23,Femme,Semi-urbaine,Marié(e),Aucun,1,Agriculture,7.3,95000,47000,51,1,24900,Régulière,1,97.8,6.0,1,12,1,Bon payeur ailleurs (solde sans incident),0,0,Equipement/Matériel,387000,6,Aucune,1.25,0
CSWA-00581,23,Homme,Semi-urbaine,Célibataire,Secondaire,3,Autre service,4.1,38000,19000,153,0,49600,Irrégulière,2,57.7,15.0,1,13,0,Non consulté,0,0,Equipement/Matériel,81000,6,Aucune,0.9,1
CSWA-00582,58,Femme,Rurale,Marié(e),Primaire,3,Commerce informel,4.6,63000,23000,170,0,95500,Irrégulière,0,,,1,9,1,Jamais emprunté ailleurs,0,0,Fonds de commerce,100000,18,Aval d'un tiers,0.46,0
CSWA-00583,24,Homme,Rurale,Marié(e),Primaire,3,Elevage,6.7,52000,21000,105,1,72100,Régulière,0,,,1,9,1,Bon payeur ailleurs (solde sans incident),0,0,Equipement/Matériel,79000,24,Bien matériel,0.48,0
CSWA-00584,21,Homme,Urbaine,Marié(e),Secondaire,7,Restauration/Transformation,2.3,102000,69000,117,0,99800,Régulière,0,,,1,4,0,Non consulté,0,0,Fonds de commerce,477000,24,Aval d'un tiers,0.9,0
CSWA-00585,37,Homme,Rurale,Marié(e),Secondaire,6,Artisanat,4.9,95000,48000,155,1,95200,Régulière,2,75.5,1.0,1,12,0,Non consulté,0,0,Evénement social,349000,6,Aval d'un tiers,1.19,0
CSWA-00586,62,Femme,Urbaine,Célibataire,Primaire,5,Commerce informel,4.9,46000,18000,99,1,41000,Régulière,4,91.4,0.0,1,7,1,Pret en cours ailleurs,3,86000,Fonds de commerce,194000,6,Aval d'un tiers,1.35,0
CSWA-00587,51,Homme,Urbaine,Marié(e),Secondaire,3,Elevage,3.4,106000,86000,81,0,125300,Régulière,2,96.6,1.0,0,0,1,Bon payeur ailleurs (solde sans incident),0,0,Habitat/Réparation,322000,9,Aucune,1.19,0
CSWA-00588,23,Homme,Semi-urbaine,Divorcé(e),Aucun,4,Autre service,7.2,79000,39000,143,1,12400,Régulière,4,48.3,5.0,1,6,1,Jamais emprunté ailleurs,0,0,Equipement/Matériel,396000,6,Caution solidaire,1.43,0
CSWA-00589,58,Femme,Semi-urbaine,Marié(e),Secondaire,2,Agriculture,7.3,125000,57000,160,1,196500,Régulière,1,87.8,5.0,1,12,1,Jamais emprunté ailleurs,0,0,Fonds de commerce,661000,6,Bien matériel,1.44,0
CSWA-00590,58,Homme,Rurale,Marié(e),Primaire,4,Commerce informel,2.9,57000,35000,61,0,5400,Irrégulière,5,52.8,11.0,1,4,1,Jamais emprunté ailleurs,0,0,Intrants agricoles,244000,9,Caution solidaire,1.15,0
CSWA-00591,56,Femme,Urbaine,Marié(e),Supérieur,2,Commerce informel,2.2,112000,86000,84,0,39400,Régulière,2,81.1,17.0,1,14,1,Bon payeur ailleurs (solde sans incident),0,0,Fonds de commerce,595000,18,Bien matériel,1.1,0
CSWA-00592,61,Femme,Rurale,Célibataire,Supérieur,8,Agriculture,5.4,130000,102000,133,1,182200,Irrégulière,3,82.5,6.0,1,9,1,Jamais emprunté ailleurs,0,0,Education,681000,9,Aucune,1.44,0
CSWA-00593,30,Femme,Rurale,Marié(e),Secondaire,4,Commerce informel,3.1,84000,42000,123,0,111100,Aucune épargne,2,96.0,5.0,1,19,1,Jamais emprunté ailleurs,0,0,Fonds de commerce,124000,12,Bien matériel,0.64,0
CSWA-00594,65,Homme,Semi-urbaine,Marié(e),Supérieur,8,Salarié secteur formel,4.3,42000,30000,64,1,33800,Régulière,4,88.0,5.0,1,6,1,Jamais emprunté ailleurs,0,0,Fonds de commerce,145000,18,Aval d'un tiers,0.93,0
CSWA-00595,34,Homme,Semi-urbaine,Célibataire,Aucun,3,Autre service,0.4,106000,65000,130,1,113800,Régulière,0,,,1,7,1,Bon payeur ailleurs (solde sans incident),0,0,Elevage,441000,18,Aucune,0.87,0
CSWA-00596,56,Femme,Urbaine,Marié(e),Secondaire,5,Fonctionnaire,4.9,150000,97000,47,0,85300,Régulière,4,67.0,6.0,0,0,0,Non consulté,0,0,Intrants agricoles,335000,18,Bien matériel,0.79,0
CSWA-00597,46,Homme,Urbaine,Marié(e),Aucun,3,Agriculture,4.4,324000,185000,25,0,62500,Régulière,2,76.1,4.0,0,0,1,Bon payeur ailleurs (solde sans incident),0,0,Intrants agricoles,1126000,6,Aucune,1.22,0
CSWA-00598,55,Homme,Urbaine,Marié(e),Aucun,5,Agriculture,2.4,32000,14000,42,1,4400,Régulière,1,89.9,4.0,1,10,1,Bon payeur ailleurs (solde sans incident),0,0,Equipement/Matériel,61000,12,Aucune,0.62,0
CSWA-00599,48,Femme,Urbaine,Marié(e),Primaire,2,Agriculture,8.5,152000,116000,176,1,183700,Aucune épargne,0,,,1,11,1,Jamais emprunté ailleurs,0,0,Evénement social,674000,6,Aucune,1.59,1
CSWA-00600,49,Femme,Rurale,Veuf(ve),Secondaire,4,Commerce informel,4.4,107000,67000,160,0,49000,Régulière,1,79.5,2.0,1,8,0,Non consulté,0,0,Fonds de commerce,195000,6,Aucune,0.97,0
CSWA-00601,47,Homme,Urbaine,Célibataire,Secondaire,3,Artisanat,5.8,92000,51000,24,1,18400,Régulière,2,87.4,0.0,1,9,0,Non consulté,0,0,Fonds de commerce,330000,3,Caution solidaire,1.89,0
CSWA-00602,55,Femme,Urbaine,Célibataire,Secondaire,0,Commerce informel,8.2,56000,39000,145,0,64200,Régulière,1,88.1,2.0,1,8,1,Jamais emprunté ailleurs,0,0,Santé,274000,36,Caution solidaire,0.85,0
CSWA-00603,53,Femme,Urbaine,Veuf(ve),Primaire,4,Commerce informel,7.5,50000,28000,67,0,14000,Régulière,2,51.5,7.0,1,14,1,Jamais emprunté ailleurs,0,0,Habitat/Réparation,252000,6,Bien matériel,1.5,0
CSWA-00604,25,Femme,Urbaine,Célibataire,Supérieur,6,Salarié secteur formel,1.9,136000,105000,38,0,38600,Régulière,1,88.4,1.0,0,0,1,Bon payeur ailleurs (solde sans incident),0,0,Fonds de commerce,309000,18,Caution solidaire,0.91,0
CSWA-00605,57,Homme,Rurale,Marié(e),Secondaire,3,Transport,6.0,275000,115000,50,0,126300,Aucune épargne,0,,,1,9,0,Non consulté,0,0,Equipement/Matériel,616000,12,Aval d'un tiers,0.63,0
CSWA-00606,44,Homme,Urbaine,Marié(e),Secondaire,4,Fonctionnaire,3.4,117000,43000,13,1,10200,Régulière,0,,,1,8,1,Bon payeur ailleurs (solde sans incident),0,0,Fonds de commerce,179000,24,Bien matériel,0.44,0
CSWA-00607,34,Femme,Semi-urbaine,Marié(e),Aucun,3,Agriculture,9.9,38000,24000,37,0,5100,Irrégulière,1,91.7,12.0,1,10,1,Bon payeur ailleurs (solde sans incident),0,0,Elevage,106000,24,Caution solidaire,0.76,0
CSWA-00608,43,Homme,Urbaine,Veuf(ve),Primaire,2,Salarié secteur formel,13.8,138000,66000,28,0,55300,Régulière,3,89.2,0.0,1,12,1,Jamais emprunté ailleurs,0,0,Elevage,676000,3,Aucune,2.31,0
CSWA-00609,64,Femme,Urbaine,Veuf(ve),Secondaire,1,Agriculture,10.6,27000,11000,29,0,9500,Irrégulière,1,86.2,0.0,1,9,1,Pret en cours ailleurs,2,189000,Elevage,30000,12,Caution solidaire,1.14,0
CSWA-00610,59,Homme,Urbaine,Célibataire,Supérieur,3,Commerce informel,8.4,156000,57000,56,1,30200,Aucune épargne,2,94.3,33.0,1,12,1,Jamais emprunté ailleurs,0,0,Intrants agricoles,477000,24,Bien matériel,0.51,0
CSWA-00611,58,Femme,Rurale,Marié(e),Aucun,4,Agriculture,5.2,83000,61000,164,0,99700,Régulière,0,,,0,0,1,Jamais emprunté ailleurs,0,0,Equipement/Matériel,411000,6,Caution solidaire,1.66,0
CSWA-00612,40,Femme,Urbaine,Marié(e),Primaire,3,Artisanat,8.8,107000,89000,110,0,69200,Irrégulière,2,71.0,3.0,1,8,1,Pret en cours ailleurs,3,42000,Elevage,293000,9,Caution solidaire,1.21,0
CSWA-00613,55,Femme,Rurale,Veuf(ve),Primaire,1,Agriculture,1.5,81000,53000,34,0,41200,Irrégulière,2,70.9,16.0,0,0,1,Jamais emprunté ailleurs,0,0,Fonds de commerce,286000,3,Caution solidaire,1.97,0
CSWA-00614,37,Femme,Urbaine,Marié(e),Aucun,8,Transport,3.6,136000,100000,120,0,178100,Régulière,0,,,0,0,1,Bon payeur ailleurs (solde sans incident),0,0,Evénement social,702000,3,Bien matériel,2.66,1
CSWA-00615,51,Homme,Semi-urbaine,Marié(e),Secondaire,5,Agriculture,7.3,65000,50000,168,1,107600,Régulière,2,87.7,24.0,1,12,1,Bon payeur ailleurs (solde sans incident),0,0,Santé,311000,24,Aucune,0.99,1
CSWA-00616,49,Femme,Urbaine,Marié(e),Aucun,3,Fonctionnaire,4.8,164000,123000,21,0,8600,Régulière,0,,,0,0,1,Jamais emprunté ailleurs,0,0,Education,731000,6,Bien matériel,1.58,0
CSWA-00617,30,Homme,Rurale,Marié(e),Primaire,2,Commerce informel,2.6,94000,48000,45,0,13200,Régulière,3,70.0,6.0,1,11,1,Jamais emprunté ailleurs,0,0,Habitat/Réparation,321000,3,Aucune,1.79,0
CSWA-00618,31,Femme,Semi-urbaine,Célibataire,Secondaire,2,Restauration/Transformation,7.2,43000,15000,82,0,49300,Régulière,1,87.0,0.0,0,0,1,Jamais emprunté ailleurs,0,0,Santé,88000,12,Aucune,0.54,0
CSWA-00619,21,Femme,Urbaine,Divorcé(e),Primaire,1,Fonctionnaire,11.8,80000,53000,27,1,14900,Irrégulière,1,84.3,2.0,1,9,1,Bon payeur ailleurs (solde sans incident),0,0,Equipement/Matériel,321000,12,Aval d'un tiers,1.04,0
CSWA-00620,25,Femme,Urbaine,Célibataire,Aucun,2,Artisanat,11.2,68000,56000,94,1,3500,Régulière,1,65.4,1.0,0,0,0,Non consulté,0,0,Equipement/Matériel,188000,6,Bien matériel,1.34,0
CSWA-00621,39,Femme,Semi-urbaine,Marié(e),Primaire,1,Salarié secteur formel,3.7,152000,121000,112,0,129700,Irrégulière,4,94.2,12.0,1,11,1,Pret en cours ailleurs,1,28000,Santé,737000,12,Bien matériel,1.27,0
CSWA-00622,41,Femme,Urbaine,Marié(e),Primaire,0,Restauration/Transformation,13.0,173000,61000,47,1,76400,Régulière,1,92.6,6.0,1,8,1,Bon payeur ailleurs (solde sans incident),0,0,Fonds de commerce,525000,6,Bien matériel,0.92,0
CSWA-00623,26,Homme,Urbaine,Veuf(ve),Supérieur,4,Commerce informel,4.1,86000,69000,46,0,18200,Régulière,1,95.4,16.0,1,14,1,Jamais emprunté ailleurs,0,0,Fonds de commerce,449000,6,Bien matériel,1.78,0
CSWA-00624,38,Femme,Rurale,Marié(e),Secondaire,7,Restauration/Transformation,6.0,77000,27000,132,0,66800,Régulière,0,,,1,6,1,Bon payeur ailleurs (solde sans incident),0,0,Intrants agricoles,386000,12,Aval d'un tiers,0.82,0
CSWA-00625,47,Femme,Urbaine,Marié(e),Supérieur,4,Restauration/Transformation,9.6,96000,59000,100,1,42100,Irrégulière,0,,,0,0,0,Non consulté,0,0,Intrants agricoles,446000,12,Bien matériel,1.05,0
CSWA-00626,29,Femme,Semi-urbaine,Célibataire,Aucun,2,Commerce informel,0.9,74000,57000,108,1,54500,Régulière,1,56.9,0.0,1,13,1,Bon payeur ailleurs (solde sans incident),0,0,Santé,213000,18,Aucune,0.95,0
CSWA-00627,34,Femme,Rurale,Marié(e),Secondaire,3,Agriculture,5.8,80000,45000,12,1,14200,Irrégulière,0,,,0,0,1,Pret en cours ailleurs,1,68000,Evénement social,278000,6,Aucune,1.29,1
CSWA-00628,36,Homme,Rurale,Marié(e),Primaire,5,Commerce informel,3.1,186000,129000,132,1,173500,Irrégulière,1,92.3,5.0,1,5,1,Pret en cours ailleurs,1,277000,Santé,371000,18,Aval d'un tiers,0.95,0
CSWA-00629,42,Homme,Urbaine,Célibataire,Secondaire,4,Commerce informel,4.4,71000,33000,102,1,88100,Régulière,0,,,0,0,0,Non consulté,0,0,Fonds de commerce,65000,9,Aucune,0.58,0
CSWA-00630,36,Homme,Rurale,Marié(e),Primaire,4,Autre service,9.6,93000,78000,126,0,26000,Régulière,4,71.6,3.0,0,0,1,Bon payeur ailleurs (solde sans incident),0,0,Equipement/Matériel,329000,18,Caution solidaire,1.06,0
CSWA-00631,53,Homme,Rurale,Marié(e),Aucun,4,Fonctionnaire,4.1,120000,45000,60,0,85800,Aucune épargne,1,90.5,1.0,0,0,0,Non consulté,0,0,Habitat/Réparation,406000,9,Caution solidaire,0.8,0
CSWA-00632,34,Femme,Urbaine,Marié(e),Aucun,1,Restauration/Transformation,5.2,162000,108000,162,0,203700,Régulière,1,54.0,34.0,1,8,0,Non consulté,0,0,Equipement/Matériel,577000,24,Aval d'un tiers,0.83,1
CSWA-00633,39,Femme,Semi-urbaine,Divorcé(e),Secondaire,5,Agriculture,5.4,49000,18000,3,0,2500,Irrégulière,3,51.8,8.0,1,6,1,Bon payeur ailleurs (solde sans incident),0,0,Equipement/Matériel,221000,3,Caution solidaire,2.05,0
CSWA-00634,36,Femme,Rurale,Célibataire,Secondaire,2,Agriculture,8.1,78000,29000,122,0,83600,Irrégulière,2,79.6,0.0,0,0,1,Incident de paiement signale ailleurs,0,0,Intrants agricoles,71000,12,Bien matériel,0.46,0
CSWA-00635,27,Femme,Semi-urbaine,Célibataire,Aucun,2,Commerce informel,9.3,139000,67000,11,1,8400,Irrégulière,0,,,1,5,1,Pret en cours ailleurs,1,366000,Elevage,521000,24,Aucune,0.89,1
CSWA-00636,51,Femme,Urbaine,Marié(e),Secondaire,4,Agriculture,6.5,50000,18000,145,0,88500,Irrégulière,1,61.9,10.0,1,10,0,Non consulté,0,0,Elevage,63000,12,Caution solidaire,0.48,0
CSWA-00637,30,Femme,Urbaine,Divorcé(e),Secondaire,3,Transport,4.4,130000,59000,150,1,232200,Régulière,1,81.3,8.0,1,5,1,Bon payeur ailleurs (solde sans incident),0,0,Intrants agricoles,482000,12,Aucune,0.8,0
CSWA-00638,32,Homme,Rurale,Veuf(ve),Primaire,3,Elevage,6.2,26000,11000,92,0,8900,Irrégulière,1,88.1,3.0,0,0,1,Jamais emprunté ailleurs,0,0,Intrants agricoles,41000,3,Caution solidaire,1.01,0
CSWA-00639,56,Femme,Semi-urbaine,Marié(e),Primaire,6,Elevage,4.2,44000,35000,100,0,29300,Aucune épargne,1,33.6,3.0,1,8,1,Pret en cours ailleurs,2,208000,Fonds de commerce,228000,24,Aucune,1.46,0
CSWA-00640,63,Homme,Rurale,Marié(e),Secondaire,1,Commerce informel,13.6,77000,29000,43,1,7800,Irrégulière,0,,,0,0,1,Bon payeur ailleurs (solde sans incident),0,0,Education,387000,6,Caution solidaire,1.31,0
CSWA-00641,50,Femme,Urbaine,Célibataire,Secondaire,1,Fonctionnaire,5.2,222000,146000,2,0,1000,Régulière,0,,,1,9,1,Jamais emprunté ailleurs,0,0,Education,1211000,6,Aucune,1.68,0
CSWA-00642,62,Femme,Semi-urbaine,Célibataire,Secondaire,5,Commerce informel,10.5,88000,60000,17,0,7000,Irrégulière,0,,,1,8,1,Bon payeur ailleurs (solde sans incident),0,0,Elevage,210000,6,Aval d'un tiers,1.13,0
CSWA-00643,59,Femme,Urbaine,Célibataire,Secondaire,4,Agriculture,10.5,89000,68000,42,0,32000,Irrégulière,0,,,0,0,1,Incident de paiement signale ailleurs,0,0,Evénement social,223000,24,Aval d'un tiers,0.88,1
CSWA-00644,41,Femme,Urbaine,Divorcé(e),Secondaire,4,Agriculture,6.6,152000,81000,89,0,155200,Régulière,0,,,1,5,1,Bon payeur ailleurs (solde sans incident),0,0,Equipement/Matériel,816000,6,Aucune,1.53,0
CSWA-00645,55,Homme,Rurale,Célibataire,Aucun,3,Agriculture,7.0,44000,19000,35,1,22000,Irrégulière,2,87.3,15.0,1,6,0,Non consulté,0,0,Education,74000,6,Aval d'un tiers,0.75,0
CSWA-00646,34,Femme,Urbaine,Marié(e),Supérieur,5,Artisanat,7.1,20000,8000,144,1,18800,Irrégulière,2,75.1,10.0,1,8,1,Pret en cours ailleurs,1,97000,Habitat/Réparation,74000,3,Caution solidaire,2.22,0
CSWA-00647,40,Femme,Urbaine,Marié(e),Aucun,7,Artisanat,7.9,210000,88000,128,1,10300,Irrégulière,3,87.5,2.0,1,6,1,Jamais emprunté ailleurs,0,0,Fonds de commerce,340000,3,Caution solidaire,1.02,0
CSWA-00648,44,Femme,Urbaine,Célibataire,Secondaire,7,Artisanat,2.5,113000,69000,106,0,118200,Irrégulière,3,93.2,2.0,1,6,0,Non consulté,0,0,Education,144000,6,Caution solidaire,0.85,0
CSWA-00649,64,Femme,Semi-urbaine,Marié(e),Secondaire,3,Commerce informel,17.1,63000,41000,120,1,25400,Aucune épargne,0,,,0,0,1,Pret en cours ailleurs,3,62000,Fonds de commerce,164000,24,Bien matériel,0.86,1
CSWA-00650,58,Femme,Urbaine,Marié(e),Secondaire,2,Autre service,6.2,83000,62000,5,1,6600,Aucune épargne,2,97.5,19.0,0,0,1,Pret en cours ailleurs,1,282000,Elevage,340000,3,Caution solidaire,2.58,0
CSWA-00651,41,Femme,Rurale,Célibataire,Primaire,0,Restauration/Transformation,11.8,144000,108000,47,1,47100,Aucune épargne,0,,,0,0,1,Pret en cours ailleurs,1,723000,Fonds de commerce,376000,6,Caution solidaire,1.69,0
CSWA-00652,49,Femme,Semi-urbaine,Marié(e),Aucun,5,Salarié secteur formel,6.3,120000,93000,44,1,23300,Aucune épargne,2,64.5,2.0,0,0,1,Bon payeur ailleurs (solde sans incident),0,0,Evénement social,292000,12,Caution solidaire,1.0,0
CSWA-00653,28,Femme,Rurale,Célibataire,Primaire,5,Commerce informel,6.5,88000,38000,4,1,3700,Régulière,0,,,1,13,1,Bon payeur ailleurs (solde sans incident),0,0,Habitat/Réparation,342000,6,Caution solidaire,1.16,0
CSWA-00654,56,Femme,Rurale,Marié(e),Primaire,4,Fonctionnaire,3.8,163000,118000,80,1,69800,Régulière,0,,,0,0,1,Jamais emprunté ailleurs,0,0,Fonds de commerce,189000,12,Bien matériel,0.83,0
CSWA-00655,44,Femme,Rurale,Marié(e),Aucun,2,Restauration/Transformation,4.2,41000,16000,70,1,8300,Régulière,3,80.0,7.0,0,0,1,Jamais emprunté ailleurs,0,0,Fonds de commerce,211000,3,Bien matériel,2.31,0
CSWA-00656,44,Femme,Urbaine,Marié(e),Aucun,2,Elevage,1.3,107000,85000,73,0,83500,Irrégulière,3,80.7,10.0,1,17,1,Jamais emprunté ailleurs,0,0,Fonds de commerce,535000,9,Bien matériel,1.42,0
CSWA-00657,55,Homme,Rurale,Célibataire,Supérieur,5,Commerce informel,15.3,41000,25000,121,1,30400,Irrégulière,2,87.8,0.0,1,5,0,Non consulté,0,0,Equipement/Matériel,44000,6,Aucune,0.81,0
CSWA-00658,48,Femme,Semi-urbaine,Célibataire,Primaire,5,Commerce informel,10.7,191000,128000,126,1,261500,Aucune épargne,2,75.1,11.0,1,8,1,Jamais emprunté ailleurs,0,0,Fonds de commerce,462000,24,Aucune,0.78,0
CSWA-00659,22,Homme,Semi-urbaine,Marié(e),Primaire,1,Salarié secteur formel,3.8,124000,82000,60,0,66000,Irrégulière,1,51.3,4.0,1,9,1,Pret en cours ailleurs,1,63000,Education,490000,12,Caution solidaire,1.08,1
CSWA-00660,32,Homme,Rurale,Marié(e),Aucun,3,Agriculture,5.9,55000,35000,32,1,6400,Irrégulière,3,87.3,0.0,1,11,1,Bon payeur ailleurs (solde sans incident),0,0,Fonds de commerce,75000,12,Aval d'un tiers,0.76,0
CSWA-00661,27,Femme,Urbaine,Marié(e),Secondaire,3,Restauration/Transformation,7.9,35000,21000,68,0,12000,Aucune épargne,1,96.9,11.0,1,13,1,Bon payeur ailleurs (solde sans incident),0,0,Equipement/Matériel,37000,6,Aucune,0.8,0
CSWA-00662,53,Homme,Semi-urbaine,Célibataire,Primaire,2,Restauration/Transformation,2.7,67000,54000,67,0,62300,Irrégulière,0,,,1,8,1,Jamais emprunté ailleurs,0,0,Habitat/Réparation,341000,9,Bien matériel,1.44,0
CSWA-00663,20,Homme,Urbaine,Divorcé(e),Secondaire,8,Transport,3.5,90000,47000,16,0,9400,Régulière,2,95.8,0.0,1,10,1,Pret en cours ailleurs,2,155000,Habitat/Réparation,437000,18,Caution solidaire,0.98,0
CSWA-00664,28,Homme,Semi-urbaine,Célibataire,Primaire,5,Agriculture,5.4,153000,113000,97,1,29600,Irrégulière,0,,,1,13,1,Jamais emprunté ailleurs,0,0,Equipement/Matériel,156000,3,Aucune,1.12,0
CSWA-00665,47,Femme,Urbaine,Marié(e),Aucun,6,Fonctionnaire,12.2,113000,60000,69,1,76200,Aucune épargne,1,91.3,9.0,1,7,1,Jamais emprunté ailleurs,0,0,Fonds de commerce,487000,9,Bien matériel,1.07,0
CSWA-00666,51,Femme,Rurale,Célibataire,Primaire,1,Commerce informel,3.7,51000,19000,178,0,48600,Irrégulière,1,68.0,23.0,1,9,1,Incident de paiement signale ailleurs,0,0,Fonds de commerce,130000,12,Caution solidaire,0.61,1
CSWA-00667,42,Femme,Semi-urbaine,Marié(e),Aucun,3,Salarié secteur formel,8.1,216000,116000,25,1,38700,Régulière,0,,,0,0,1,Jamais emprunté ailleurs,0,0,Education,952000,24,Aval d'un tiers,0.74,0
CSWA-00668,59,Homme,Rurale,Marié(e),Secondaire,4,Agriculture,14.8,53000,23000,167,1,29700,Régulière,2,84.7,0.0,0,0,1,Jamais emprunté ailleurs,0,0,Fonds de commerce,102000,3,Caution solidaire,1.15,0
CSWA-00669,62,Femme,Urbaine,Marié(e),Aucun,3,Commerce informel,10.7,61000,35000,62,0,2000,Irrégulière,1,80.7,8.0,0,0,1,Jamais emprunté ailleurs,0,0,Intrants agricoles,135000,9,Aval d'un tiers,0.85,0
CSWA-00670,25,Femme,Semi-urbaine,Marié(e),Aucun,3,Agriculture,2.4,48000,19000,69,1,29500,Irrégulière,1,93.7,12.0,1,7,1,Jamais emprunté ailleurs,0,0,Intrants agricoles,143000,24,Caution solidaire,0.54,0
CSWA-00671,63,Femme,Urbaine,Marié(e),Primaire,8,Transport,4.2,102000,76000,47,0,32100,Aucune épargne,0,,,0,0,1,Bon payeur ailleurs (solde sans incident),0,0,Evénement social,416000,6,Caution solidaire,1.51,0
CSWA-00672,47,Femme,Urbaine,Célibataire,Aucun,5,Artisanat,5.4,62000,40000,61,0,23800,Régulière,2,62.6,3.0,1,9,0,Non consulté,0,0,Santé,139000,9,Bien matériel,0.92,0
CSWA-00673,48,Homme,Rurale,Marié(e),Primaire,3,Commerce informel,3.4,81000,30000,9,0,10100,Aucune épargne,1,74.9,3.0,1,9,0,Non consulté,0,0,Habitat/Réparation,255000,12,Caution solidaire,0.66,0
CSWA-00674,23,Femme,Rurale,Célibataire,Primaire,2,Commerce informel,1.3,96000,65000,171,1,68400,Aucune épargne,3,93.7,2.0,1,10,1,Jamais emprunté ailleurs,0,0,Equipement/Matériel,104000,6,Caution solidaire,0.88,0
CSWA-00675,48,Femme,Rurale,Veuf(ve),Supérieur,6,Restauration/Transformation,9.8,38000,31000,61,1,20700,Irrégulière,3,93.7,5.0,0,0,1,Jamais emprunté ailleurs,0,0,Habitat/Réparation,199000,12,Aucune,1.31,0
CSWA-00676,53,Femme,Urbaine,Marié(e),Aucun,4,Commerce informel,2.3,112000,43000,156,1,217700,Irrégulière,1,79.2,6.0,1,8,1,Jamais emprunté ailleurs,0,0,Fonds de commerce,242000,6,Aucune,0.79,0
CSWA-00677,46,Femme,Rurale,Marié(e),Primaire,2,Commerce informel,3.8,91000,48000,139,1,88600,Régulière,0,,,1,7,1,Bon payeur ailleurs (solde sans incident),0,0,Fonds de commerce,177000,12,Caution solidaire,0.71,0
CSWA-00678,22,Femme,Semi-urbaine,Célibataire,Secondaire,6,Restauration/Transformation,7.0,91000,73000,128,0,132600,Régulière,2,89.4,3.0,1,14,1,Bon payeur ailleurs (solde sans incident),0,0,Habitat/Réparation,413000,12,Aucune,1.23,0
CSWA-00679,43,Femme,Urbaine,Marié(e),Aucun,1,Agriculture,5.7,75000,28000,70,0,44800,Régulière,1,83.2,1.0,1,6,1,Pret en cours ailleurs,2,81000,Intrants agricoles,333000,12,Aucune,0.89,1
CSWA-00680,62,Homme,Rurale,Marié(e),Secondaire,1,Commerce informel,3.3,70000,57000,112,1,43000,Régulière,2,79.7,5.0,1,9,1,Bon payeur ailleurs (solde sans incident),0,0,Equipement/Matériel,165000,18,Bien matériel,0.96,0
CSWA-00681,53,Femme,Rurale,Marié(e),Secondaire,2,Agriculture,13.0,83000,70000,64,1,72400,Régulière,2,61.8,15.0,1,8,1,Jamais emprunté ailleurs,0,0,Fonds de commerce,422000,3,Caution solidaire,2.74,0
CSWA-00682,25,Femme,Semi-urbaine,Célibataire,Secondaire,1,Artisanat,2.8,85000,46000,132,0,65700,Irrégulière,3,79.4,20.0,1,10,1,Jamais emprunté ailleurs,0,0,Fonds de commerce,127000,12,Bien matériel,0.68,0
CSWA-00683,64,Homme,Rurale,Célibataire,Supérieur,1,Artisanat,9.0,42000,24000,149,1,44200,Régulière,4,78.0,11.0,1,10,1,Bon payeur ailleurs (solde sans incident),0,0,Equipement/Matériel,108000,9,Caution solidaire,0.89,0
CSWA-00684,64,Femme,Semi-urbaine,Célibataire,Secondaire,3,Commerce informel,7.7,192000,162000,128,1,241700,Aucune épargne,0,,,0,0,1,Jamais emprunté ailleurs,0,0,Evénement social,223000,9,Bien matériel,0.99,0
CSWA-00685,26,Homme,Urbaine,Célibataire,Primaire,3,Agriculture,8.0,55000,21000,74,0,36800,Aucune épargne,0,,,1,9,1,Bon payeur ailleurs (solde sans incident),0,0,Fonds de commerce,224000,3,Aucune,1.9,0
CSWA-00686,56,Femme,Urbaine,Marié(e),Supérieur,5,Agriculture,1.8,84000,43000,151,0,99600,Régulière,0,,,1,9,1,Incident de paiement signale ailleurs,0,0,Equipement/Matériel,424000,9,Bien matériel,1.14,0
CSWA-00687,38,Homme,Semi-urbaine,Célibataire,Aucun,1,Agriculture,5.5,153000,58000,2,1,14400,Aucune épargne,1,78.5,1.0,1,8,0,Non consulté,0,0,Intrants agricoles,618000,9,Caution solidaire,0.88,0
CSWA-00688,46,Femme,Semi-urbaine,Veuf(ve),Primaire,3,Commerce informel,6.6,67000,48000,131,0,92200,Irrégulière,3,90.4,11.0,1,6,1,Bon payeur ailleurs (solde sans incident),0,0,Intrants agricoles,323000,9,Aucune,1.32,0
CSWA-00689,39,Homme,Rurale,Marié(e),Secondaire,3,Commerce informel,7.2,92000,62000,151,0,112500,Aucune épargne,1,83.8,4.0,1,11,1,Bon payeur ailleurs (solde sans incident),0,0,Elevage,347000,12,Bien matériel,1.03,0
CSWA-00690,55,Femme,Rurale,Divorcé(e),Secondaire,1,Restauration/Transformation,5.1,24000,19000,118,0,21900,Irrégulière,2,87.2,2.0,1,10,1,Jamais emprunté ailleurs,0,0,Intrants agricoles,30000,9,Aucune,0.95,0
CSWA-00691,65,Femme,Rurale,Veuf(ve),Supérieur,5,Commerce informel,8.1,27000,12000,87,1,6500,Régulière,2,79.2,30.0,1,11,1,Jamais emprunté ailleurs,0,0,Fonds de commerce,86000,12,Aucune,0.74,0
CSWA-00692,56,Homme,Urbaine,Marié(e),Aucun,2,Autre service,5.3,80000,50000,169,0,145500,Irrégulière,2,75.9,7.0,1,6,0,Non consulté,0,0,Intrants agricoles,194000,3,Aucune,1.53,0
CSWA-00693,62,Femme,Semi-urbaine,Marié(e),Secondaire,2,Autre service,3.2,90000,64000,7,0,12000,Irrégulière,1,54.9,8.0,0,0,1,Bon payeur ailleurs (solde sans incident),0,0,Equipement/Matériel,478000,3,Caution solidaire,2.69,0
CSWA-00694,63,Femme,Semi-urbaine,Marié(e),Aucun,4,Agriculture,3.4,149000,73000,170,1,116500,Aucune épargne,1,65.1,5.0,1,10,1,Jamais emprunté ailleurs,0,0,Habitat/Réparation,661000,6,Caution solidaire,1.32,0
CSWA-00695,23,Femme,Rurale,Célibataire,Secondaire,4,Restauration/Transformation,7.4,126000,100000,49,1,20200,Irrégulière,1,86.5,18.0,0,0,1,Jamais emprunté ailleurs,0,0,Fonds de commerce,631000,12,Aucune,1.26,0
CSWA-00696,30,Homme,Urbaine,Marié(e),Secondaire,1,Artisanat,3.5,34000,15000,76,1,36500,Irrégulière,2,80.8,6.0,1,7,1,Pret en cours ailleurs,1,85000,Equipement/Matériel,134000,6,Aval d'un tiers,1.4,0
CSWA-00697,52,Femme,Urbaine,Marié(e),Aucun,3,Commerce informel,8.5,162000,66000,49,0,50500,Irrégulière,3,85.4,2.0,1,3,1,Jamais emprunté ailleurs,0,0,Education,366000,12,Caution solidaire,0.62,0
CSWA-00698,46,Homme,Urbaine,Marié(e),Secondaire,5,Agriculture,3.5,42000,21000,180,0,79300,Aucune épargne,2,69.4,13.0,1,7,1,Bon payeur ailleurs (solde sans incident),0,0,Evénement social,217000,36,Caution solidaire,0.66,0
CSWA-00699,21,Homme,Rurale,Veuf(ve),Primaire,3,Autre service,2.6,130000,97000,69,1,65000,Irrégulière,2,79.1,1.0,1,12,1,Jamais emprunté ailleurs,0,0,Intrants agricoles,632000,3,Aucune,2.56,0
CSWA-00700,23,Femme,Rurale,Célibataire,Primaire,4,Commerce informel,15.4,63000,45000,71,1,38400,Irrégulière,1,79.1,1.0,1,8,1,Jamais emprunté ailleurs,0,0,Fonds de commerce,151000,12,Aucune,0.94,0
CSWA-00701,43,Femme,Urbaine,Célibataire,Supérieur,8,Artisanat,11.6,360000,286000,110,1,207100,Régulière,0,,,1,8,0,Non consulté,0,0,Santé,1849000,3,Aucune,2.71,0
CSWA-00702,47,Femme,Rurale,Marié(e),Secondaire,3,Artisanat,6.1,58000,38000,45,1,30400,Aucune épargne,1,55.6,12.0,0,0,1,Jamais emprunté ailleurs,0,0,Evénement social,140000,6,Aval d'un tiers,1.11,1
CSWA-00703,26,Homme,Semi-urbaine,Marié(e),Primaire,4,Commerce informel,4.1,78000,63000,61,0,36800,Aucune épargne,2,75.4,11.0,1,7,1,Jamais emprunté ailleurs,0,0,Education,312000,12,Bien matériel,1.18,0
CSWA-00704,27,Femme,Urbaine,Célibataire,Aucun,2,Elevage,8.6,88000,55000,38,0,24800,Irrégulière,0,,,1,8,1,Bon payeur ailleurs (solde sans incident),0,0,Intrants agricoles,343000,12,Caution solidaire,0.99,0
CSWA-00705,25,Femme,Rurale,Marié(e),Aucun,4,Fonctionnaire,17.3,78000,63000,130,1,86800,Aucune épargne,2,96.2,24.0,1,9,0,Non consulté,0,0,Habitat/Réparation,149000,12,Caution solidaire,0.99,0
CSWA-00706,45,Femme,Rurale,Marié(e),Aucun,3,Commerce informel,4.5,47000,37000,22,0,14600,Irrégulière,0,,,1,15,1,Jamais emprunté ailleurs,0,0,Fonds de commerce,257000,9,Caution solidaire,1.47,0
CSWA-00707,19,Femme,Urbaine,Divorcé(e),Primaire,2,Commerce informel,15.0,272000,160000,120,0,402600,Irrégulière,5,86.3,3.0,0,0,1,Bon payeur ailleurs (solde sans incident),0,0,Elevage,1187000,6,Aucune,1.4,0
CSWA-00708,45,Homme,Rurale,Marié(e),Primaire,6,Commerce informel,4.1,58000,20000,66,1,4600,Aucune épargne,0,,,1,5,1,Jamais emprunté ailleurs,0,0,Elevage,287000,18,Aval d'un tiers,0.65,0
CSWA-00709,41,Homme,Rurale,Célibataire,Primaire,7,Restauration/Transformation,2.0,57000,48000,20,0,6400,Régulière,3,54.0,4.0,0,0,1,Bon payeur ailleurs (solde sans incident),0,0,Habitat/Réparation,145000,12,Caution solidaire,1.08,1
CSWA-00710,40,Femme,Urbaine,Célibataire,Secondaire,4,Artisanat,5.9,76000,45000,175,1,34500,Irrégulière,0,,,1,10,1,Jamais emprunté ailleurs,0,0,Evénement social,403000,3,Bien matériel,2.57,0
CSWA-00711,50,Femme,Urbaine,Célibataire,Aucun,2,Elevage,1.8,90000,65000,62,0,76500,Aucune épargne,0,,,1,11,1,Jamais emprunté ailleurs,0,0,Habitat/Réparation,257000,12,Caution solidaire,0.99,0
CSWA-00712,43,Homme,Semi-urbaine,Marié(e),Primaire,6,Transport,8.3,55000,32000,59,1,12800,Aucune épargne,2,88.5,9.0,1,8,0,Non consulté,0,0,Fonds de commerce,131000,12,Bien matériel,0.8,0
CSWA-00713,53,Homme,Urbaine,Marié(e),Supérieur,5,Autre service,2.5,137000,73000,15,0,23800,Irrégulière,2,95.4,1.0,0,0,1,Bon payeur ailleurs (solde sans incident),0,0,Equipement/Matériel,319000,12,Caution solidaire,0.75,0
CSWA-00714,54,Homme,Rurale,Marié(e),Aucun,7,Commerce informel,7.6,88000,47000,166,0,136500,Régulière,2,58.4,13.0,1,6,1,Jamais emprunté ailleurs,0,0,Habitat/Réparation,307000,12,Caution solidaire,0.86,0
CSWA-00715,62,Femme,Rurale,Marié(e),Secondaire,4,Transport,9.4,82000,43000,164,1,155800,Irrégulière,1,90.2,6.0,0,0,1,Pret en cours ailleurs,2,242000,Education,354000,24,Aval d'un tiers,0.99,0
CSWA-00716,56,Homme,Semi-urbaine,Marié(e),Aucun,3,Agriculture,14.2,110000,70000,20,1,22300,Régulière,3,52.2,13.0,1,6,1,Bon payeur ailleurs (solde sans incident),0,0,Fonds de commerce,526000,18,Caution solidaire,0.93,0
CSWA-00717,43,Femme,Rurale,Marié(e),Primaire,6,Commerce informel,2.1,51000,38000,52,0,12100,Irrégulière,4,92.0,1.0,0,0,1,Jamais emprunté ailleurs,0,0,Fonds de commerce,180000,24,Caution solidaire,0.91,0
CSWA-00718,42,Femme,Semi-urbaine,Célibataire,Secondaire,4,Commerce informel,3.8,59000,37000,27,1,12200,Irrégulière,0,,,0,0,1,Jamais emprunté ailleurs,0,0,Intrants agricoles,118000,12,Caution solidaire,0.81,0
CSWA-00719,30,Homme,Rurale,Marié(e),Aucun,3,Agriculture,4.6,80000,49000,127,1,29100,Aucune épargne,1,74.7,7.0,1,11,1,Bon payeur ailleurs (solde sans incident),0,0,Habitat/Réparation,75000,6,Aval d'un tiers,0.79,0
CSWA-00720,47,Femme,Rurale,Marié(e),Primaire,4,Salarié secteur formel,7.9,116000,58000,30,0,13000,Régulière,2,82.6,4.0,0,0,1,Pret en cours ailleurs,1,91000,Elevage,582000,9,Aval d'un tiers,1.19,0
CSWA-00721,25,Femme,Rurale,Marié(e),Secondaire,4,Elevage,5.3,71000,41000,71,0,10900,Irrégulière,1,96.9,6.0,1,10,1,Pret en cours ailleurs,2,159000,Fonds de commerce,80000,24,Aval d'un tiers,0.83,0
CSWA-00722,62,Femme,Urbaine,Marié(e),Aucun,2,Artisanat,2.9,68000,30000,99,0,88700,Irrégulière,2,96.5,1.0,1,8,0,Non consulté,0,0,Intrants agricoles,144000,12,Caution solidaire,0.64,0
CSWA-00723,58,Homme,Rurale,Marié(e),Secondaire,2,Commerce informel,4.1,25000,18000,173,1,19600,Irrégulière,3,64.9,7.0,1,12,1,Bon payeur ailleurs (solde sans incident),0,0,Habitat/Réparation,33000,24,Aval d'un tiers,0.78,0
CSWA-00724,24,Homme,Urbaine,Marié(e),Primaire,4,Commerce informel,6.5,55000,41000,179,1,22300,Irrégulière,2,75.7,2.0,1,13,1,Bon payeur ailleurs (solde sans incident),0,0,Elevage,156000,24,Caution solidaire,0.88,0
CSWA-00725,55,Homme,Rurale,Divorcé(e),Aucun,5,Fonctionnaire,4.4,139000,65000,77,1,41400,Régulière,1,87.7,6.0,1,6,1,Bon payeur ailleurs (solde sans incident),0,0,Habitat/Réparation,728000,24,Bien matériel,0.71,0
CSWA-00726,24,Femme,Rurale,Divorcé(e),Secondaire,0,Salarié secteur formel,13.1,156000,99000,37,1,24200,Irrégulière,0,,,1,9,1,Jamais emprunté ailleurs,0,0,Fonds de commerce,761000,3,Caution solidaire,2.46,0
CSWA-00727,52,Femme,Urbaine,Célibataire,Primaire,1,Elevage,7.2,99000,49000,104,1,22400,Régulière,2,87.1,2.0,1,12,1,Pret en cours ailleurs,2,395000,Evénement social,298000,3,Bien matériel,1.98,0
CSWA-00728,23,Homme,Urbaine,Marié(e),Aucun,2,Commerce informel,2.9,502000,421000,61,0,323500,Aucune épargne,1,73.0,4.0,0,0,0,Non consulté,0,0,Elevage,2200000,12,Aucune,1.25,0
CSWA-00729,41,Homme,Semi-urbaine,Célibataire,Supérieur,3,Commerce informel,5.6,90000,45000,81,1,73700,Régulière,0,,,1,7,1,Incident de paiement signale ailleurs,0,0,Fonds de commerce,168000,6,Caution solidaire,0.85,0
CSWA-00730,49,Femme,Rurale,Veuf(ve),Primaire,1,Autre service,8.2,97000,76000,154,1,134100,Aucune épargne,1,87.1,7.0,1,11,1,Pret en cours ailleurs,2,134000,Habitat/Réparation,483000,9,Aval d'un tiers,1.53,0
CSWA-00731,53,Homme,Semi-urbaine,Marié(e),Secondaire,4,Commerce informel,6.8,53000,37000,77,0,53400,Régulière,0,,,1,7,1,Jamais emprunté ailleurs,0,0,Fonds de commerce,72000,24,Caution solidaire,0.76,0
CSWA-00732,38,Homme,Rurale,Marié(e),Aucun,4,Commerce informel,4.3,45000,37000,96,0,4900,Régulière,2,98.5,1.0,1,7,1,Pret en cours ailleurs,3,152000,Fonds de commerce,176000,12,Aucune,1.49,0
CSWA-00733,62,Femme,Semi-urbaine,Célibataire,Aucun,7,Restauration/Transformation,5.1,250000,177000,101,0,233200,Irrégulière,1,83.0,1.0,1,4,0,Non consulté,0,0,Elevage,251000,6,Caution solidaire,0.9,0
CSWA-00734,55,Homme,Semi-urbaine,Divorcé(e),Secondaire,4,Fonctionnaire,5.5,160000,105000,63,1,90300,Irrégulière,0,,,1,8,1,Jamais emprunté ailleurs,0,0,Intrants agricoles,440000,9,Aucune,1.0,0
CSWA-00735,28,Homme,Urbaine,Marié(e),Secondaire,2,Commerce informel,10.0,27000,16000,162,1,47500,Irrégulière,2,95.1,21.0,1,11,1,Bon payeur ailleurs (solde sans incident),0,0,Santé,55000,24,Aucune,0.69,0
CSWA-00736,50,Femme,Semi-urbaine,Marié(e),Aucun,1,Transport,8.3,93000,54000,77,0,36600,Irrégulière,0,,,1,5,1,Jamais emprunté ailleurs,0,0,Education,360000,12,Aucune,0.94,1
CSWA-00737,53,Homme,Urbaine,Marié(e),Secondaire,4,Agriculture,2.0,64000,22000,108,0,45500,Régulière,2,88.0,18.0,0,0,1,Incident de paiement signale ailleurs,0,0,Habitat/Réparation,348000,9,Aval d'un tiers,1.02,0
CSWA-00738,34,Femme,Rurale,Marié(e),Primaire,4,Restauration/Transformation,12.7,112000,95000,133,1,79000,Irrégulière,1,68.7,10.0,1,6,1,Jamais emprunté ailleurs,0,0,Education,277000,3,Aucune,1.77,0
CSWA-00739,53,Femme,Semi-urbaine,Célibataire,Primaire,2,Commerce informel,15.0,191000,121000,149,0,172400,Irrégulière,3,85.2,6.0,1,17,1,Incident de paiement signale ailleurs,0,0,Fonds de commerce,970000,12,Caution solidaire,1.11,0
CSWA-00740,61,Femme,Urbaine,Marié(e),Secondaire,1,Salarié secteur formel,4.5,108000,69000,66,0,69300,Irrégulière,1,77.7,10.0,1,5,1,Jamais emprunté ailleurs,0,0,Intrants agricoles,396000,18,Caution solidaire,0.87,0
CSWA-00741,57,Homme,Rurale,Veuf(ve),Primaire,5,Restauration/Transformation,7.6,92000,41000,7,1,3400,Irrégulière,0,,,1,12,1,Jamais emprunté ailleurs,0,0,Equipement/Matériel,453000,3,Aval d'un tiers,2.28,0
CSWA-00742,54,Femme,Urbaine,Célibataire,Primaire,2,Autre service,21.0,116000,66000,120,0,181900,Irrégulière,1,78.4,2.0,0,0,1,Jamais emprunté ailleurs,0,0,Intrants agricoles,294000,12,Caution solidaire,0.81,0
CSWA-00743,48,Homme,Urbaine,Marié(e),Secondaire,5,Elevage,5.8,358000,165000,19,1,101400,Régulière,2,49.6,4.0,1,9,0,Non consulté,0,0,Intrants agricoles,1153000,12,Aval d'un tiers,0.76,0
CSWA-00744,31,Femme,Urbaine,Célibataire,Primaire,2,Salarié secteur formel,6.5,119000,55000,145,1,113600,Irrégulière,0,,,1,7,1,Incident de paiement signale ailleurs,0,0,Fonds de commerce,140000,18,Bien matériel,0.54,0
CSWA-00745,56,Homme,Urbaine,Célibataire,Supérieur,6,Artisanat,8.6,68000,42000,180,1,181900,Irrégulière,2,82.2,1.0,1,9,1,Bon payeur ailleurs (solde sans incident),0,0,Elevage,127000,9,Aucune,0.85,0
CSWA-00746,36,Femme,Urbaine,Marié(e),Secondaire,1,Elevage,11.8,136000,64000,11,1,11100,Régulière,3,74.1,22.0,1,5,1,Bon payeur ailleurs (solde sans incident),0,0,Equipement/Matériel,177000,24,Caution solidaire,0.53,0
CSWA-00747,44,Homme,Rurale,Marié(e),Primaire,1,Commerce informel,1.6,216000,148000,4,1,1200,Régulière,1,93.5,11.0,1,11,1,Pret en cours ailleurs,1,345000,Santé,740000,12,Aucune,1.15,0
CSWA-00748,33,Homme,Rurale,Célibataire,Primaire,5,Transport,5.7,118000,64000,135,0,216200,Régulière,1,70.7,4.0,1,9,1,Jamais emprunté ailleurs,0,0,Equipement/Matériel,220000,12,Caution solidaire,0.72,0
CSWA-00749,33,Femme,Rurale,Marié(e),Supérieur,4,Agriculture,11.8,78000,42000,128,0,52600,Aucune épargne,1,82.0,7.0,1,12,1,Pret en cours ailleurs,1,355000,Fonds de commerce,370000,9,Caution solidaire,1.54,0
CSWA-00750,26,Homme,Rurale,Marié(e),Secondaire,2,Artisanat,8.8,61000,43000,170,1,12600,Irrégulière,1,76.8,11.0,1,5,1,Jamais emprunté ailleurs,0,0,Habitat/Réparation,200000,6,Aval d'un tiers,1.32,0
CSWA-00751,64,Homme,Urbaine,Marié(e),Aucun,2,Restauration/Transformation,7.2,85000,58000,24,1,6200,Régulière,1,67.8,1.0,1,8,1,Jamais emprunté ailleurs,0,0,Fonds de commerce,222000,36,Caution solidaire,0.76,0
CSWA-00752,25,Femme,Urbaine,Marié(e),Aucun,5,Transport,6.5,43000,24000,15,0,7100,Aucune épargne,2,85.0,4.0,1,8,1,Bon payeur ailleurs (solde sans incident),0,0,Equipement/Matériel,46000,18,Caution solidaire,0.63,0
CSWA-00753,23,Femme,Semi-urbaine,Célibataire,Primaire,2,Artisanat,11.5,132000,108000,67,1,33200,Irrégulière,1,93.9,1.0,0,0,1,Bon payeur ailleurs (solde sans incident),0,0,Fonds de commerce,393000,6,Bien matériel,1.37,0
CSWA-00754,62,Homme,Semi-urbaine,Marié(e),Secondaire,2,Artisanat,8.2,174000,89000,15,1,28900,Irrégulière,2,79.0,0.0,1,7,1,Jamais emprunté ailleurs,0,0,Elevage,502000,3,Aucune,1.59,0
CSWA-00755,45,Femme,Rurale,Célibataire,Supérieur,2,Elevage,14.4,65000,46000,163,1,132800,Aucune épargne,1,94.9,1.0,0,0,1,Jamais emprunté ailleurs,0,0,Equipement/Matériel,86000,6,Bien matériel,0.96,0
CSWA-00756,39,Femme,Urbaine,Marié(e),Secondaire,3,Artisanat,5.2,63000,47000,111,0,95700,Irrégulière,1,85.4,6.0,0,0,1,Jamais emprunté ailleurs,0,0,Intrants agricoles,308000,6,Bien matériel,1.66,0
CSWA-00757,53,Femme,Semi-urbaine,Célibataire,Aucun,7,Agriculture,1.1,45000,21000,121,0,74200,Irrégulière,2,91.5,9.0,1,2,1,Jamais emprunté ailleurs,0,0,Habitat/Réparation,56000,18,Caution solidaire,0.54,0
CSWA-00758,37,Femme,Semi-urbaine,Marié(e),Secondaire,2,Transport,10.7,104000,61000,122,1,37800,Irrégulière,2,82.8,6.0,1,11,1,Pret en cours ailleurs,1,382000,Intrants agricoles,160000,6,Caution solidaire,1.2,0
CSWA-00759,25,Femme,Rurale,Veuf(ve),Aucun,3,Transport,4.9,80000,29000,94,0,64100,Régulière,3,81.5,12.0,0,0,0,Non consulté,0,0,Habitat/Réparation,223000,6,Caution solidaire,0.88,0
CSWA-00760,53,Femme,Urbaine,Veuf(ve),Primaire,0,Elevage,6.0,37000,19000,84,0,41300,Irrégulière,2,88.8,3.0,1,10,1,Jamais emprunté ailleurs,0,0,Fonds de commerce,182000,24,Caution solidaire,0.74,0
CSWA-00761,27,Femme,Urbaine,Marié(e),Primaire,5,Commerce informel,6.8,402000,195000,40,0,62700,Régulière,0,,,1,4,1,Jamais emprunté ailleurs,0,0,Santé,646000,12,Bien matériel,0.64,0
CSWA-00762,44,Femme,Rurale,Célibataire,Primaire,2,Agriculture,4.2,30000,22000,169,0,76000,Régulière,2,83.8,10.0,1,8,0,Non consulté,0,0,Education,116000,6,Caution solidaire,1.46,0
CSWA-00763,63,Homme,Semi-urbaine,Marié(e),Primaire,2,Salarié secteur formel,2.4,190000,87000,100,1,211500,Irrégulière,0,,,0,0,1,Pret en cours ailleurs,1,380000,Fonds de commerce,314000,6,Aucune,0.95,0
CSWA-00764,62,Homme,Rurale,Célibataire,Aucun,5,Fonctionnaire,10.3,189000,69000,23,1,61000,Régulière,2,73.0,4.0,1,9,1,Pret en cours ailleurs,1,94000,Evénement social,520000,6,Aucune,0.92,0
CSWA-00765,35,Homme,Urbaine,Célibataire,Aucun,1,Commerce informel,0.5,116000,42000,31,1,17600,Régulière,1,76.0,3.0,1,14,1,Jamais emprunté ailleurs,0,0,Intrants agricoles,411000,6,Aval d'un tiers,1.02,0
CSWA-00766,55,Femme,Rurale,Marié(e),Secondaire,3,Fonctionnaire,17.7,163000,119000,22,1,11900,Aucune épargne,0,,,1,3,1,Jamais emprunté ailleurs,0,0,Intrants agricoles,355000,9,Caution solidaire,1.0,0
CSWA-00767,47,Femme,Semi-urbaine,Marié(e),Aucun,2,Commerce informel,6.1,53000,22000,162,0,122400,Régulière,4,89.2,4.0,0,0,1,Pret en cours ailleurs,1,404000,Equipement/Matériel,90000,6,Aucune,1.42,0
CSWA-00768,41,Femme,Rurale,Marié(e),Primaire,2,Fonctionnaire,1.1,198000,133000,2,1,8000,Aucune épargne,3,83.5,16.0,1,9,1,Pret en cours ailleurs,1,209000,Santé,996000,6,Bien matériel,1.71,0
CSWA-00769,25,Femme,Semi-urbaine,Célibataire,Aucun,3,Fonctionnaire,11.2,149000,67000,167,0,338300,Irrégulière,4,88.3,5.0,1,8,1,Bon payeur ailleurs (solde sans incident),0,0,Intrants agricoles,548000,12,Caution solidaire,0.79,0
CSWA-00770,36,Femme,Rurale,Célibataire,Primaire,4,Elevage,1.5,55000,25000,148,1,23000,Régulière,1,81.9,9.0,1,10,1,Bon payeur ailleurs (solde sans incident),0,0,Equipement/Matériel,150000,12,Caution solidaire,0.71,0
CSWA-00771,49,Homme,Urbaine,Marié(e),Aucun,3,Autre service,4.1,140000,105000,26,0,20400,Régulière,0,,,1,11,1,Jamais emprunté ailleurs,0,0,Fonds de commerce,307000,9,Caution solidaire,1.02,0
CSWA-00772,65,Femme,Rurale,Marié(e),Secondaire,5,Artisanat,15.3,111000,77000,17,1,18000,Irrégulière,1,76.3,5.0,1,12,1,Pret en cours ailleurs,2,131000,Habitat/Réparation,600000,12,Bien matériel,1.3,0
CSWA-00773,19,Femme,Rurale,Marié(e),Primaire,4,Agriculture,7.8,169000,114000,168,0,389200,Régulière,1,56.9,1.0,1,10,0,Non consulté,0,0,Habitat/Réparation,491000,6,Aucune,1.22,1
CSWA-00774,52,Homme,Semi-urbaine,Marié(e),Aucun,2,Transport,7.1,79000,64000,109,0,61100,Irrégulière,0,,,1,6,0,Non consulté,0,0,Equipement/Matériel,266000,36,Aucune,0.92,0
CSWA-00775,58,Femme,Rurale,Marié(e),Secondaire,3,Commerce informel,7.7,126000,99000,166,0,190800,Régulière,2,82.6,1.0,1,9,1,Bon payeur ailleurs (solde sans incident),0,0,Evénement social,693000,6,Bien matériel,1.81,0
CSWA-00776,63,Homme,Rurale,Marié(e),Aucun,3,Commerce informel,3.2,71000,55000,168,1,61100,Régulière,2,49.2,4.0,1,12,1,Incident de paiement signale ailleurs,0,0,Intrants agricoles,381000,9,Aucune,1.44,1
CSWA-00777,38,Femme,Rurale,Veuf(ve),Secondaire,3,Commerce informel,0.9,109000,46000,2,0,3100,Irrégulière,1,96.5,15.0,1,6,0,Non consulté,0,0,Fonds de commerce,473000,12,Caution solidaire,0.83,0
CSWA-00778,24,Femme,Rurale,Marié(e),Aucun,5,Artisanat,8.0,98000,42000,10,0,11000,Régulière,0,,,1,12,1,Jamais emprunté ailleurs,0,0,Education,190000,6,Aucune,0.79,0
CSWA-00779,31,Homme,Urbaine,Célibataire,Supérieur,4,Restauration/Transformation,7.4,129000,108000,143,0,205000,Régulière,2,79.5,15.0,0,0,1,Bon payeur ailleurs (solde sans incident),0,0,Elevage,442000,9,Aucune,1.26,0
CSWA-00780,58,Homme,Rurale,Marié(e),Aucun,3,Salarié secteur formel,5.4,89000,57000,22,1,25500,Régulière,3,80.8,12.0,1,15,1,Jamais emprunté ailleurs,0,0,Education,234000,36,Aucune,0.72,0
CSWA-00781,60,Homme,Rurale,Marié(e),Primaire,5,Salarié secteur formel,12.8,172000,107000,149,1,65200,Régulière,1,63.5,4.0,1,5,1,Incident de paiement signale ailleurs,0,0,Education,670000,12,Bien matériel,0.99,0
CSWA-00782,48,Homme,Rurale,Célibataire,Secondaire,0,Salarié secteur formel,9.4,76000,46000,157,0,14200,Irrégulière,0,,,1,9,0,Non consulté,0,0,Santé,260000,12,Aucune,0.92,0
CSWA-00783,24,Femme,Rurale,Marié(e),Primaire,1,Restauration/Transformation,2.7,85000,61000,88,1,71100,Irrégulière,3,97.9,2.0,0,0,1,Bon payeur ailleurs (solde sans incident),0,0,Fonds de commerce,86000,12,Caution solidaire,0.81,0
CSWA-00784,24,Homme,Urbaine,Marié(e),Secondaire,4,Fonctionnaire,4.6,79000,51000,50,0,29600,Aucune épargne,1,77.6,7.0,0,0,1,Jamais emprunté ailleurs,0,0,Santé,92000,12,Caution solidaire,0.75,0
CSWA-00785,41,Homme,Rurale,Divorcé(e),Aucun,1,Commerce informel,4.0,127000,54000,179,0,216200,Irrégulière,1,79.9,5.0,1,7,1,Bon payeur ailleurs (solde sans incident),0,0,Evénement social,298000,24,Aucune,0.53,0
CSWA-00786,46,Femme,Rurale,Veuf(ve),Primaire,5,Restauration/Transformation,3.3,109000,44000,77,1,32200,Aucune épargne,1,90.1,6.0,1,11,1,Jamais emprunté ailleurs,0,0,Elevage,280000,6,Bien matériel,0.88,0
CSWA-00787,20,Femme,Rurale,Célibataire,Secondaire,5,Commerce informel,11.9,55000,28000,44,1,30100,Régulière,0,,,0,0,1,Pret en cours ailleurs,2,59000,Evénement social,58000,12,Caution solidaire,0.7,0
CSWA-00788,51,Femme,Rurale,Marié(e),Secondaire,7,Commerce informel,4.6,134000,105000,105,1,96500,Irrégulière,1,77.1,3.0,0,0,1,Bon payeur ailleurs (solde sans incident),0,0,Equipement/Matériel,129000,6,Aval d'un tiers,0.96,0
CSWA-00789,44,Femme,Semi-urbaine,Marié(e),Primaire,3,Commerce informel,9.5,52000,29000,61,1,32600,Aucune épargne,1,98.5,14.0,1,8,0,Non consulté,0,0,Fonds de commerce,248000,12,Bien matériel,1.0,0
CSWA-00790,19,Homme,Semi-urbaine,Marié(e),Primaire,5,Commerce informel,8.1,162000,127000,129,0,66700,Aucune épargne,0,,,1,7,1,Bon payeur ailleurs (solde sans incident),0,0,Intrants agricoles,263000,12,Bien matériel,0.94,0
CSWA-00791,23,Femme,Urbaine,Veuf(ve),Secondaire,8,Autre service,2.6,168000,107000,178,1,31700,Aucune épargne,1,85.7,22.0,1,12,1,Jamais emprunté ailleurs,0,0,Fonds de commerce,694000,9,Caution solidaire,1.15,0
CSWA-00792,40,Homme,Urbaine,Célibataire,Secondaire,4,Elevage,11.9,80000,65000,34,0,15200,Régulière,0,,,0,0,1,Jamais emprunté ailleurs,0,0,Fonds de commerce,351000,12,Aucune,1.22,1
CSWA-00793,52,Femme,Rurale,Marié(e),Secondaire,4,Fonctionnaire,5.8,207000,164000,45,1,61300,Irrégulière,0,,,1,4,1,Bon payeur ailleurs (solde sans incident),0,0,Intrants agricoles,656000,9,Aucune,1.19,0
CSWA-00794,57,Femme,Rurale,Divorcé(e),Secondaire,3,Elevage,4.6,55000,30000,158,1,57600,Régulière,0,,,1,3,1,Jamais emprunté ailleurs,0,0,Fonds de commerce,48000,12,Aval d'un tiers,0.63,0
CSWA-00795,39,Femme,Rurale,Marié(e),Primaire,0,Restauration/Transformation,2.1,44000,28000,151,1,25500,Régulière,2,81.4,6.0,0,0,0,Non consulté,0,0,Equipement/Matériel,117000,6,Aucune,1.13,0
CSWA-00796,32,Femme,Rurale,Marié(e),Secondaire,3,Agriculture,3.4,49000,35000,140,1,49300,Régulière,1,97.9,2.0,1,7,0,Non consulté,0,0,Habitat/Réparation,192000,3,Caution solidaire,2.18,0
CSWA-00797,64,Femme,Semi-urbaine,Marié(e),Primaire,4,Autre service,2.9,73000,27000,27,0,15300,Régulière,0,,,1,9,1,Jamais emprunté ailleurs,0,0,Fonds de commerce,326000,6,Caution solidaire,1.2,0
CSWA-00798,40,Homme,Urbaine,Marié(e),Aucun,3,Commerce informel,1.7,59000,25000,17,1,4500,Régulière,2,99.0,6.0,1,12,0,Non consulté,0,0,Equipement/Matériel,276000,9,Caution solidaire,1.01,0
CSWA-00799,33,Femme,Rurale,Veuf(ve),Secondaire,5,Restauration/Transformation,7.7,33000,24000,54,1,9300,Régulière,2,96.6,25.0,0,0,0,Non consulté,0,0,Habitat/Réparation,36000,6,Aval d'un tiers,0.93,0
CSWA-00800,39,Femme,Urbaine,Veuf(ve),Primaire,4,Autre service,3.0,62000,50000,20,0,10600,Irrégulière,2,62.5,20.0,0,0,1,Jamais emprunté ailleurs,0,0,Fonds de commerce,172000,6,Bien matériel,1.32,0
CSWA-00801,19,Femme,Rurale,Marié(e),Aucun,3,Transport,6.3,85000,43000,86,1,7200,Aucune épargne,2,86.2,4.0,1,7,1,Bon payeur ailleurs (solde sans incident),0,0,Evénement social,295000,24,Caution solidaire,0.67,0
CSWA-00802,33,Femme,Rurale,Marié(e),Secondaire,5,Salarié secteur formel,11.2,88000,48000,128,0,10600,Irrégulière,2,89.3,1.0,1,7,1,Pret en cours ailleurs,3,120000,Education,439000,36,Caution solidaire,0.82,0
CSWA-00803,43,Homme,Rurale,Marié(e),Aucun,2,Commerce informel,8.9,49000,39000,130,1,42500,Aucune épargne,1,85.9,2.0,1,10,1,Pret en cours ailleurs,1,228000,Santé,217000,36,Aval d'un tiers,1.35,0
CSWA-00804,62,Femme,Urbaine,Marié(e),Aucun,2,Agriculture,6.9,22000,11000,86,0,2400,Aucune épargne,1,70.3,7.0,1,5,1,Bon payeur ailleurs (solde sans incident),0,0,Habitat/Réparation,94000,6,Bien matériel,1.3,0
CSWA-00805,53,Homme,Semi-urbaine,Marié(e),Primaire,1,Commerce informel,1.2,152000,124000,67,1,114900,Régulière,1,76.8,1.0,1,13,1,Incident de paiement signale ailleurs,0,0,Intrants agricoles,288000,6,Aucune,1.17,0
CSWA-00806,55,Homme,Semi-urbaine,Marié(e),Secondaire,2,Agriculture,1.7,79000,33000,82,0,57900,Aucune épargne,1,89.8,1.0,1,5,1,Jamais emprunté ailleurs,0,0,Intrants agricoles,245000,36,Bien matériel,0.51,0
CSWA-00807,44,Homme,Rurale,Marié(e),Primaire,3,Commerce informel,3.9,96000,46000,128,0,8800,Régulière,2,90.7,0.0,1,4,1,Pret en cours ailleurs,1,125000,Education,414000,18,Caution solidaire,0.86,0
CSWA-00808,24,Femme,Semi-urbaine,Marié(e),Aucun,1,Transport,7.3,89000,33000,40,1,18400,Régulière,1,83.9,0.0,1,10,1,Jamais emprunté ailleurs,0,0,Intrants agricoles,328000,6,Bien matériel,1.06,0
CSWA-00809,37,Homme,Rurale,Marié(e),Primaire,8,Autre service,3.0,106000,42000,1,0,1500,Régulière,2,69.9,6.0,1,7,1,Bon payeur ailleurs (solde sans incident),0,0,Intrants agricoles,303000,12,Bien matériel,0.66,0
CSWA-00810,65,Homme,Semi-urbaine,Veuf(ve),Aucun,6,Restauration/Transformation,2.9,92000,44000,129,0,161700,Irrégulière,0,,,1,10,1,Jamais emprunté ailleurs,0,0,Equipement/Matériel,326000,3,Aval d'un tiers,1.8,0
CSWA-00811,21,Homme,Urbaine,Marié(e),Supérieur,3,Transport,10.9,85000,58000,115,0,47800,Irrégulière,0,,,1,10,1,Jamais emprunté ailleurs,0,0,Equipement/Matériel,183000,18,Aval d'un tiers,0.82,0
CSWA-00812,60,Femme,Urbaine,Marié(e),Aucun,5,Elevage,5.0,123000,55000,21,1,15300,Régulière,2,64.8,4.0,1,9,0,Non consulté,0,0,Santé,350000,18,Caution solidaire,0.62,0
CSWA-00813,51,Femme,Urbaine,Marié(e),Secondaire,3,Commerce informel,1.8,138000,113000,109,1,178700,Irrégulière,0,,,0,0,1,Jamais emprunté ailleurs,0,0,Intrants agricoles,402000,9,Aval d'un tiers,1.18,0
CSWA-00814,32,Homme,Urbaine,Célibataire,Aucun,1,Restauration/Transformation,7.4,173000,91000,68,0,41300,Aucune épargne,3,61.9,2.0,1,8,1,Jamais emprunté ailleurs,0,0,Intrants agricoles,786000,18,Aucune,0.81,1
CSWA-00815,55,Homme,Rurale,Marié(e),Aucun,1,Commerce informel,2.3,51000,31000,164,1,28300,Irrégulière,3,82.9,5.0,1,7,1,Jamais emprunté ailleurs,0,0,Equipement/Matériel,113000,6,Aval d'un tiers,1.02,0
CSWA-00816,58,Femme,Urbaine,Marié(e),Primaire,1,Agriculture,7.2,93000,63000,130,0,147200,Régulière,2,71.6,3.0,1,9,1,Jamais emprunté ailleurs,0,0,Santé,290000,24,Caution solidaire,0.82,1
CSWA-00817,21,Homme,Rurale,Célibataire,Secondaire,5,Fonctionnaire,4.5,106000,44000,87,0,75200,Aucune épargne,0,,,0,0,0,Non consulté,0,0,Education,567000,3,Bien matériel,2.41,0
CSWA-00818,24,Femme,Urbaine,Célibataire,Supérieur,2,Agriculture,6.0,62000,43000,177,1,45000,Régulière,1,78.3,9.0,1,7,1,Incident de paiement signale ailleurs,0,0,Intrants agricoles,118000,18,Caution solidaire,0.81,0
CSWA-00819,50,Femme,Urbaine,Marié(e),Primaire,7,Commerce informel,2.9,73000,30000,127,1,24500,Aucune épargne,1,61.0,2.0,1,12,1,Bon payeur ailleurs (solde sans incident),0,0,Equipement/Matériel,128000,3,Caution solidaire,1.07,0
CSWA-00820,65,Femme,Semi-urbaine,Marié(e),Primaire,2,Commerce informel,4.3,121000,92000,39,1,56400,Régulière,2,91.0,3.0,1,9,1,Jamais emprunté ailleurs,0,0,Santé,445000,6,Aucune,1.45,0
CSWA-00821,20,Homme,Rurale,Divorcé(e),Aucun,2,Restauration/Transformation,3.9,76000,45000,112,0,28300,Aucune épargne,1,95.4,22.0,1,7,1,Bon payeur ailleurs (solde sans incident),0,0,Intrants agricoles,274000,6,Caution solidaire,1.26,0
CSWA-00822,50,Femme,Semi-urbaine,Marié(e),Primaire,4,Commerce informel,3.1,117000,46000,115,0,101400,Régulière,0,,,1,10,0,Non consulté,0,0,Fonds de commerce,415000,12,Bien matériel,0.72,1
CSWA-00823,25,Homme,Rurale,Marié(e),Primaire,4,Artisanat,4.4,67000,47000,145,0,30300,Régulière,3,86.3,10.0,1,9,1,Bon payeur ailleurs (solde sans incident),0,0,Habitat/Réparation,244000,3,Aucune,2.06,0
CSWA-00824,49,Femme,Urbaine,Marié(e),Supérieur,3,Agriculture,1.2,59000,23000,12,1,4100,Aucune épargne,2,57.2,0.0,1,8,1,Jamais emprunté ailleurs,0,0,Intrants agricoles,187000,36,Bien matériel,0.49,0
CSWA-00825,48,Femme,Rurale,Marié(e),Primaire,3,Transport,8.6,52000,44000,163,0,13300,Irrégulière,3,92.5,4.0,1,11,1,Jamais emprunté ailleurs,0,0,Intrants agricoles,230000,9,Caution solidaire,1.4,0
CSWA-00826,23,Femme,Rurale,Célibataire,Secondaire,4,Salarié secteur formel,8.3,126000,73000,49,0,3000,Irrégulière,0,,,1,8,1,Bon payeur ailleurs (solde sans incident),0,0,Fonds de commerce,475000,18,Caution solidaire,0.81,0
CSWA-00827,50,Femme,Urbaine,Célibataire,Secondaire,5,Commerce informel,4.6,66000,36000,92,0,53400,Irrégulière,0,,,0,0,1,Jamais emprunté ailleurs,0,0,Equipement/Matériel,80000,18,Aval d'un tiers,0.62,1
CSWA-00828,61,Homme,Semi-urbaine,Marié(e),Aucun,3,Transport,4.7,21000,11000,18,1,3300,Irrégulière,1,79.9,18.0,1,10,1,Bon payeur ailleurs (solde sans incident),0,0,Intrants agricoles,100000,24,Aucune,0.75,0
CSWA-00829,59,Femme,Rurale,Marié(e),Primaire,3,Commerce informel,4.3,115000,66000,30,1,10800,Régulière,1,82.3,3.0,1,8,1,Jamais emprunté ailleurs,0,0,Evénement social,456000,36,Aucune,0.7,0
CSWA-00830,20,Femme,Rurale,Marié(e),Secondaire,2,Commerce informel,8.6,48000,36000,150,1,23200,Irrégulière,0,,,1,8,1,Jamais emprunté ailleurs,0,0,Santé,131000,12,Bien matériel,1.0,0
CSWA-00831,30,Homme,Rurale,Célibataire,Primaire,7,Agriculture,3.8,90000,55000,135,0,141800,Irrégulière,2,77.4,8.0,1,8,1,Pret en cours ailleurs,1,116000,Education,331000,24,Bien matériel,0.9,0
CSWA-00832,30,Femme,Rurale,Marié(e),Primaire,6,Agriculture,9.7,43000,29000,76,0,22500,Régulière,0,,,0,0,1,Jamais emprunté ailleurs,0,0,Evénement social,158000,12,Aucune,1.02,1
CSWA-00833,40,Femme,Urbaine,Marié(e),Secondaire,8,Autre service,2.2,81000,31000,14,0,10400,Régulière,1,70.4,10.0,0,0,1,Jamais emprunté ailleurs,0,0,Fonds de commerce,116000,6,Aucune,0.65,0
CSWA-00834,25,Femme,Semi-urbaine,Célibataire,Aucun,4,Transport,9.8,20000,16000,161,0,14300,Régulière,0,,,1,12,1,Jamais emprunté ailleurs,0,0,Equipement/Matériel,87000,6,Aval d'un tiers,1.61,0
CSWA-00835,59,Femme,Rurale,Marié(e),Secondaire,3,Salarié secteur formel,0.9,74000,45000,31,1,20500,Irrégulière,3,69.1,15.0,1,8,1,Pret en cours ailleurs,1,288000,Fonds de commerce,305000,12,Caution solidaire,1.34,0
CSWA-00836,55,Femme,Urbaine,Marié(e),Primaire,0,Commerce informel,4.2,50000,31000,8,1,2900,Régulière,4,77.0,12.0,0,0,0,Non consulté,0,0,Habitat/Réparation,235000,18,Aval d'un tiers,0.91,0
CSWA-00837,56,Femme,Urbaine,Marié(e),Primaire,2,Restauration/Transformation,8.7,40000,19000,43,1,7500,Régulière,0,,,1,10,1,Bon payeur ailleurs (solde sans incident),0,0,Santé,135000,9,Caution solidaire,0.9,0
CSWA-00838,28,Homme,Rurale,Célibataire,Primaire,1,Artisanat,9.5,123000,48000,126,1,131000,Régulière,2,73.3,11.0,1,4,1,Pret en cours ailleurs,1,76000,Fonds de commerce,217000,24,Aval d'un tiers,0.53,0
CSWA-00839,19,Homme,Semi-urbaine,Marié(e),Primaire,2,Commerce informel,2.2,76000,39000,54,1,5500,Irrégulière,1,85.0,12.0,1,10,1,Incident de paiement signale ailleurs,0,0,Equipement/Matériel,376000,12,Aucune,0.98,0
CSWA-00840,61,Homme,Semi-urbaine,Célibataire,Aucun,2,Transport,7.5,71000,54000,93,1,14500,Régulière,0,,,1,7,0,Non consulté,0,0,Habitat/Réparation,155000,12,Aval d'un tiers,0.96,0
CSWA-00841,32,Femme,Rurale,Célibataire,Aucun,3,Salarié secteur formel,7.0,195000,122000,22,0,29300,Régulière,0,,,1,6,1,Pret en cours ailleurs,1,167000,Equipement/Matériel,503000,6,Aucune,1.18,0
CSWA-00842,49,Femme,Semi-urbaine,Célibataire,Primaire,2,Fonctionnaire,7.7,123000,59000,125,1,74600,Irrégulière,0,,,1,8,1,Jamais emprunté ailleurs,0,0,Fonds de commerce,671000,6,Bien matériel,1.5,0
CSWA-00843,61,Femme,Rurale,Marié(e),Primaire,4,Fonctionnaire,19.7,172000,111000,175,0,366200,Régulière,1,66.6,9.0,1,10,1,Jamais emprunté ailleurs,0,0,Intrants agricoles,308000,12,Aucune,0.81,0
CSWA-00844,20,Homme,Urbaine,Célibataire,Primaire,5,Commerce informel,20.9,183000,96000,175,1,103000,Aucune épargne,0,,,1,8,1,Bon payeur ailleurs (solde sans incident),0,0,Habitat/Réparation,468000,6,Bien matériel,1.0,0
CSWA-00845,19,Homme,Rurale,Marié(e),Aucun,4,Salarié secteur formel,11.2,128000,59000,163,0,48000,Aucune épargne,0,,,1,11,1,Jamais emprunté ailleurs,0,0,Fonds de commerce,281000,12,Bien matériel,0.67,0
CSWA-00846,19,Femme,Urbaine,Veuf(ve),Aucun,5,Fonctionnaire,3.0,83000,60000,176,0,19200,Régulière,3,75.7,0.0,0,0,1,Jamais emprunté ailleurs,0,0,Fonds de commerce,424000,24,Caution solidaire,0.96,0
CSWA-00847,26,Homme,Urbaine,Célibataire,Aucun,4,Restauration/Transformation,4.1,138000,60000,152,1,258200,Régulière,3,92.6,6.0,1,5,1,Jamais emprunté ailleurs,0,0,Equipement/Matériel,481000,6,Aucune,1.09,0
CSWA-00848,21,Homme,Rurale,Marié(e),Primaire,2,Commerce informel,6.1,58000,37000,150,1,112700,Régulière,0,,,1,10,0,Non consulté,0,0,Santé,69000,12,Aval d'un tiers,0.75,0
CSWA-00849,57,Femme,Urbaine,Célibataire,Aucun,4,Agriculture,4.2,83000,59000,137,0,154100,Irrégulière,1,76.6,3.0,1,13,1,Jamais emprunté ailleurs,0,0,Habitat/Réparation,162000,24,Caution solidaire,0.8,0
CSWA-00850,47,Homme,Semi-urbaine,Marié(e),Aucun,4,Commerce informel,3.0,72000,27000,38,0,36500,Irrégulière,1,49.0,3.0,1,6,1,Jamais emprunté ailleurs,0,0,Habitat/Réparation,222000,18,Bien matériel,0.57,0
CSWA-00851,65,Homme,Semi-urbaine,Marié(e),Primaire,5,Commerce informel,9.6,128000,89000,33,0,55500,Régulière,1,55.0,4.0,1,5,1,Bon payeur ailleurs (solde sans incident),0,0,Education,626000,36,Bien matériel,0.85,1
CSWA-00852,56,Femme,Urbaine,Marié(e),Secondaire,6,Fonctionnaire,2.2,218000,78000,137,1,437000,Irrégulière,5,76.3,8.0,0,0,1,Bon payeur ailleurs (solde sans incident),0,0,Elevage,1011000,36,Caution solidaire,0.5,0
CSWA-00853,64,Femme,Rurale,Marié(e),Secondaire,2,Autre service,1.0,71000,54000,51,0,22400,Irrégulière,1,72.6,1.0,1,5,0,Non consulté,0,0,Intrants agricoles,125000,9,Bien matériel,0.98,0
CSWA-00854,30,Homme,Rurale,Célibataire,Aucun,2,Fonctionnaire,8.3,146000,71000,173,0,252200,Régulière,1,95.5,12.0,1,10,1,Jamais emprunté ailleurs,0,0,Elevage,473000,9,Aucune,0.89,0
CSWA-00855,32,Femme,Urbaine,Veuf(ve),Secondaire,4,Commerce informel,8.1,68000,29000,121,0,7800,Régulière,1,96.4,8.0,1,7,1,Bon payeur ailleurs (solde sans incident),0,0,Elevage,220000,9,Aval d'un tiers,0.83,0
CSWA-00856,58,Femme,Urbaine,Marié(e),Primaire,3,Artisanat,1.8,57000,24000,63,0,46800,Irrégulière,3,94.8,21.0,1,12,1,Bon payeur ailleurs (solde sans incident),0,0,Elevage,292000,18,Caution solidaire,0.74,0
CSWA-00857,30,Femme,Urbaine,Célibataire,Primaire,3,Elevage,1.8,65000,37000,95,0,15200,Irrégulière,1,83.2,12.0,0,0,1,Bon payeur ailleurs (solde sans incident),0,0,Education,272000,3,Caution solidaire,2.13,0
CSWA-00858,21,Femme,Urbaine,Célibataire,Aucun,1,Elevage,5.3,146000,72000,63,1,95100,Irrégulière,0,,,1,18,1,Jamais emprunté ailleurs,0,0,Evénement social,734000,12,Aucune,0.96,0
CSWA-00859,50,Femme,Urbaine,Célibataire,Aucun,3,Agriculture,6.4,90000,53000,41,0,18900,Aucune épargne,1,95.6,10.0,1,7,1,Bon payeur ailleurs (solde sans incident),0,0,Equipement/Matériel,453000,6,Aval d'un tiers,1.53,1
CSWA-00860,56,Femme,Urbaine,Marié(e),Primaire,4,Fonctionnaire,4.3,120000,93000,87,1,93500,Régulière,3,69.4,3.0,0,0,1,Jamais emprunté ailleurs,0,0,Elevage,178000,12,Caution solidaire,0.91,0
CSWA-00861,64,Homme,Urbaine,Marié(e),Aucun,3,Transport,3.8,92000,37000,108,1,118900,Irrégulière,2,74.4,5.0,1,4,1,Jamais emprunté ailleurs,0,0,Fonds de commerce,496000,36,Aval d'un tiers,0.57,0
CSWA-00862,62,Femme,Semi-urbaine,Célibataire,Secondaire,2,Salarié secteur formel,5.1,71000,34000,126,0,69700,Irrégulière,1,21.0,3.0,1,8,1,Jamais emprunté ailleurs,0,0,Habitat/Réparation,68000,3,Aval d'un tiers,0.84,0
CSWA-00863,24,Homme,Urbaine,Marié(e),Primaire,4,Commerce informel,7.9,45000,18000,63,0,40500,Irrégulière,3,95.1,0.0,1,8,0,Non consulté,0,0,Fonds de commerce,154000,6,Aval d'un tiers,1.04,0
CSWA-00864,55,Homme,Urbaine,Marié(e),Aucun,2,Agriculture,1.9,69000,46000,45,0,15100,Aucune épargne,2,89.7,1.0,1,8,1,Pret en cours ailleurs,1,402000,Equipement/Matériel,367000,3,Aval d'un tiers,3.18,1
CSWA-00865,58,Homme,Rurale,Marié(e),Aucun,2,Artisanat,5.8,96000,64000,28,0,23000,Régulière,4,81.2,1.0,1,9,0,Non consulté,0,0,Fonds de commerce,420000,9,Caution solidaire,1.21,0
CSWA-00866,51,Homme,Urbaine,Marié(e),Aucun,5,Restauration/Transformation,3.0,47000,36000,29,0,17600,Aucune épargne,0,,,1,11,0,Non consulté,0,0,Equipement/Matériel,81000,9,Aval d'un tiers,0.98,1
CSWA-00867,57,Homme,Rurale,Marié(e),Primaire,3,Salarié secteur formel,18.2,140000,100000,105,0,123800,Régulière,2,77.3,4.0,1,11,1,Incident de paiement signale ailleurs,0,0,Equipement/Matériel,133000,3,Aucune,1.07,0
CSWA-00868,58,Femme,Urbaine,Marié(e),Aucun,3,Commerce informel,6.0,68000,48000,52,1,28900,Régulière,0,,,1,7,1,Pret en cours ailleurs,1,163000,Equipement/Matériel,336000,12,Aval d'un tiers,1.38,0
CSWA-00869,39,Femme,Rurale,Célibataire,Primaire,2,Commerce informel,12.4,168000,72000,111,0,111900,Aucune épargne,2,58.1,11.0,1,10,1,Bon payeur ailleurs (solde sans incident),0,0,Fonds de commerce,692000,18,Caution solidaire,0.69,0
CSWA-00870,20,Homme,Rurale,Divorcé(e),Aucun,2,Salarié secteur formel,7.7,172000,131000,117,0,236300,Régulière,1,87.2,6.0,0,0,1,Incident de paiement signale ailleurs,0,0,Equipement/Matériel,739000,18,Aucune,1.03,0
CSWA-00871,40,Femme,Rurale,Marié(e),Primaire,5,Elevage,15.1,20000,7000,150,1,16800,Irrégulière,2,96.4,0.0,1,10,0,Non consulté,0,0,Santé,90000,3,Bien matériel,2.03,0
CSWA-00872,28,Femme,Rurale,Marié(e),Supérieur,5,Elevage,5.1,210000,149000,8,1,7500,Irrégulière,1,62.1,7.0,1,9,0,Non consulté,0,0,Fonds de commerce,283000,18,Aucune,0.79,0
CSWA-00873,24,Homme,Rurale,Célibataire,Secondaire,5,Salarié secteur formel,5.6,172000,130000,162,1,61900,Irrégulière,0,,,1,4,1,Bon payeur ailleurs (solde sans incident),0,0,Equipement/Matériel,371000,12,Aucune,0.96,0
CSWA-00874,24,Homme,Urbaine,Marié(e),Primaire,3,Restauration/Transformation,4.7,65000,30000,167,0,71700,Régulière,0,,,1,6,1,Incident de paiement signale ailleurs,0,0,Habitat/Réparation,160000,9,Bien matériel,0.77,0
CSWA-00875,51,Homme,Urbaine,Divorcé(e),Primaire,3,Restauration/Transformation,3.3,35000,18000,82,1,13000,Régulière,3,92.9,0.0,0,0,1,Pret en cours ailleurs,1,172000,Santé,71000,9,Caution solidaire,1.21,0
CSWA-00876,42,Homme,Rurale,Marié(e),Secondaire,3,Commerce informel,2.0,68000,32000,101,0,102000,Aucune épargne,4,78.1,2.0,1,5,1,Bon payeur ailleurs (solde sans incident),0,0,Elevage,362000,12,Aval d'un tiers,0.97,0
CSWA-00877,44,Homme,Urbaine,Marié(e),Supérieur,6,Artisanat,6.4,75000,57000,166,0,115700,Régulière,2,92.8,3.0,1,8,1,Pret en cours ailleurs,2,196000,Habitat/Réparation,156000,3,Caution solidaire,1.77,0
CSWA-00878,54,Homme,Urbaine,Marié(e),Primaire,3,Agriculture,9.4,196000,110000,20,0,58400,Irrégulière,1,79.6,4.0,1,11,1,Jamais emprunté ailleurs,0,0,Fonds de commerce,862000,36,Bien matériel,0.7,0
CSWA-00879,44,Femme,Rurale,Marié(e),Aucun,4,Artisanat,4.9,120000,64000,174,1,219900,Régulière,1,86.6,6.0,1,9,1,Bon payeur ailleurs (solde sans incident),0,0,Intrants agricoles,477000,12,Aucune,0.9,0
CSWA-00880,48,Homme,Urbaine,Célibataire,Secondaire,0,Artisanat,3.9,40000,24000,131,0,66900,Régulière,0,,,0,0,1,Pret en cours ailleurs,1,213000,Intrants agricoles,48000,12,Caution solidaire,1.19,0
CSWA-00881,23,Homme,Urbaine,Marié(e),Aucun,7,Commerce informel,12.2,28000,20000,128,1,7100,Régulière,1,78.3,4.0,1,8,1,Jamais emprunté ailleurs,0,0,Education,44000,3,Aucune,1.3,1
CSWA-00882,59,Homme,Rurale,Célibataire,Secondaire,2,Agriculture,2.6,106000,72000,52,0,57700,Régulière,1,64.2,30.0,1,11,1,Pret en cours ailleurs,1,171000,Habitat/Réparation,403000,12,Caution solidaire,1.18,0
CSWA-00883,40,Femme,Rurale,Célibataire,Aucun,1,Agriculture,5.4,61000,43000,180,1,22700,Aucune épargne,1,93.0,11.0,1,7,1,Bon payeur ailleurs (solde sans incident),0,0,Evénement social,205000,6,Bien matériel,1.33,0
CSWA-00884,26,Homme,Semi-urbaine,Veuf(ve),Aucun,3,Elevage,8.4,54000,44000,138,0,18500,Irrégulière,1,62.2,5.0,1,7,1,Bon payeur ailleurs (solde sans incident),0,0,Intrants agricoles,210000,24,Aval d'un tiers,1.0,0
CSWA-00885,57,Femme,Semi-urbaine,Veuf(ve),Secondaire,8,Commerce informel,3.0,155000,74000,170,0,38700,Irrégulière,2,87.9,0.0,1,5,1,Pret en cours ailleurs,1,216000,Intrants agricoles,694000,6,Caution solidaire,1.44,0
CSWA-00886,53,Homme,Semi-urbaine,Marié(e),Secondaire,1,Salarié secteur formel,5.5,232000,105000,159,1,349800,Irrégulière,2,68.9,5.0,1,13,1,Bon payeur ailleurs (solde sans incident),0,0,Elevage,449000,36,Aucune,0.51,0
CSWA-00887,21,Homme,Rurale,Marié(e),Primaire,6,Agriculture,9.6,66000,45000,121,0,78900,Aucune épargne,1,90.8,1.0,0,0,1,Jamais emprunté ailleurs,0,0,Evénement social,259000,18,Caution solidaire,0.93,1
CSWA-00888,28,Femme,Urbaine,Célibataire,Secondaire,2,Elevage,3.0,114000,48000,91,0,47600,Régulière,1,70.3,3.0,0,0,0,Non consulté,0,0,Fonds de commerce,334000,6,Aval d'un tiers,0.97,0
CSWA-00889,19,Homme,Rurale,Marié(e),Secondaire,3,Restauration/Transformation,7.8,42000,28000,69,0,39000,Irrégulière,0,,,0,0,1,Incident de paiement signale ailleurs,0,0,Intrants agricoles,127000,12,Caution solidaire,0.95,1
CSWA-00890,31,Homme,Rurale,Marié(e),Primaire,5,Restauration/Transformation,1.5,165000,137000,34,0,77800,Régulière,1,82.2,3.0,0,0,1,Jamais emprunté ailleurs,0,0,Fonds de commerce,791000,24,Caution solidaire,1.05,0
CSWA-00891,23,Homme,Rurale,Marié(e),Supérieur,1,Agriculture,4.9,46000,27000,8,0,5000,Aucune épargne,2,82.6,6.0,0,0,1,Jamais emprunté ailleurs,0,0,Intrants agricoles,83000,24,Caution solidaire,0.67,0
CSWA-00892,52,Femme,Urbaine,Marié(e),Primaire,0,Commerce informel,10.5,78000,36000,86,1,63800,Aucune épargne,1,61.0,5.0,1,8,1,Jamais emprunté ailleurs,0,0,Habitat/Réparation,120000,6,Caution solidaire,0.75,0
CSWA-00893,43,Femme,Urbaine,Veuf(ve),Aucun,4,Commerce informel,8.0,55000,47000,107,0,53600,Aucune épargne,2,84.6,8.0,1,9,0,Non consulté,0,0,Evénement social,223000,24,Aval d'un tiers,1.04,0
CSWA-00894,65,Femme,Urbaine,Marié(e),Secondaire,5,Commerce informel,10.9,20000,11000,103,1,12600,Régulière,0,,,1,15,1,Jamais emprunté ailleurs,0,0,Evénement social,82000,6,Aval d'un tiers,1.32,0
CSWA-00895,54,Femme,Urbaine,Célibataire,Primaire,7,Commerce informel,0.8,64000,26000,86,1,38700,Régulière,2,65.7,13.0,1,7,1,Bon payeur ailleurs (solde sans incident),0,0,Habitat/Réparation,259000,24,Aucune,0.6,0
CSWA-00896,47,Homme,Urbaine,Divorcé(e),Secondaire,3,Artisanat,5.0,125000,70000,65,1,19500,Aucune épargne,0,,,1,11,1,Jamais emprunté ailleurs,0,0,Santé,102000,9,Caution solidaire,0.66,1
CSWA-00897,42,Femme,Semi-urbaine,Marié(e),Aucun,4,Elevage,3.2,46000,18000,74,0,48800,Irrégulière,0,,,1,8,1,Bon payeur ailleurs (solde sans incident),0,0,Equipement/Matériel,72000,12,Aucune,0.54,0
CSWA-00898,21,Homme,Urbaine,Célibataire,Aucun,3,Commerce informel,5.2,57000,22000,139,0,71100,Régulière,0,,,1,7,1,Bon payeur ailleurs (solde sans incident),0,0,Santé,110000,6,Aucune,0.75,0
CSWA-00899,22,Femme,Rurale,Marié(e),Aucun,2,Restauration/Transformation,9.8,61000,23000,168,1,60600,Régulière,1,77.3,1.0,1,9,1,Bon payeur ailleurs (solde sans incident),0,0,Intrants agricoles,69000,12,Caution solidaire,0.48,0
CSWA-00900,47,Femme,Semi-urbaine,Marié(e),Primaire,5,Commerce informel,13.1,109000,63000,49,0,17600,Régulière,2,77.0,14.0,1,9,1,Jamais emprunté ailleurs,0,0,Fonds de commerce,188000,9,Bien matériel,0.79,0
CSWA-00901,19,Homme,Urbaine,Marié(e),Secondaire,2,Fonctionnaire,16.6,190000,110000,117,0,140000,Irrégulière,2,69.7,3.0,1,8,0,Non consulté,0,0,Intrants agricoles,363000,3,Caution solidaire,1.29,0
CSWA-00902,20,Femme,Rurale,Marié(e),Primaire,2,Artisanat,4.0,82000,59000,152,0,34800,Irrégulière,2,84.0,3.0,1,11,0,Non consulté,0,0,Equipement/Matériel,98000,9,Bien matériel,0.87,1
CSWA-00903,29,Homme,Rurale,Marié(e),Aucun,1,Artisanat,1.4,82000,51000,73,0,72100,Aucune épargne,3,78.2,14.0,1,8,1,Bon payeur ailleurs (solde sans incident),0,0,Fonds de commerce,279000,6,Aval d'un tiers,1.26,0
CSWA-00904,60,Femme,Urbaine,Marié(e),Primaire,1,Commerce informel,1.1,61000,48000,79,0,52600,Irrégulière,1,81.1,2.0,1,16,1,Incident de paiement signale ailleurs,0,0,Santé,119000,6,Caution solidaire,1.15,0
CSWA-00905,40,Homme,Rurale,Marié(e),Primaire,2,Elevage,2.2,205000,161000,100,0,231300,Aucune épargne,1,87.9,2.0,1,15,1,Bon payeur ailleurs (solde sans incident),0,0,Elevage,840000,6,Aucune,1.55,0
CSWA-00906,52,Femme,Semi-urbaine,Marié(e),Secondaire,4,Agriculture,9.2,46000,20000,106,0,50600,Régulière,3,78.9,11.0,1,12,1,Incident de paiement signale ailleurs,0,0,Fonds de commerce,88000,3,Bien matériel,1.15,1
CSWA-00907,38,Femme,Rurale,Célibataire,Secondaire,10,Autre service,7.1,119000,44000,166,0,265600,Irrégulière,1,80.7,8.0,1,7,1,Bon payeur ailleurs (solde sans incident),0,0,Fonds de commerce,569000,12,Caution solidaire,0.82,0
CSWA-00908,27,Homme,Semi-urbaine,Marié(e),Aucun,1,Commerce informel,13.1,163000,115000,11,1,5400,Aucune épargne,3,95.8,1.0,1,8,0,Non consulté,0,0,Evénement social,483000,6,Aval d'un tiers,1.26,0
CSWA-00909,36,Femme,Semi-urbaine,Célibataire,Primaire,3,Agriculture,7.4,75000,27000,148,1,89100,Irrégulière,1,61.6,3.0,0,0,0,Non consulté,0,0,Fonds de commerce,62000,12,Bien matériel,0.44,0
CSWA-00910,23,Femme,Urbaine,Veuf(ve),Secondaire,4,Transport,5.1,84000,46000,38,1,29900,Irrégulière,3,88.7,3.0,0,0,1,Jamais emprunté ailleurs,0,0,Habitat/Réparation,379000,6,Bien matériel,1.39,0
CSWA-00911,55,Femme,Rurale,Célibataire,Aucun,5,Artisanat,4.0,108000,41000,66,1,105000,Régulière,4,99.6,2.0,1,8,1,Pret en cours ailleurs,2,49000,Elevage,96000,18,Caution solidaire,0.48,0
CSWA-00912,27,Homme,Rurale,Marié(e),Primaire,4,Artisanat,12.1,66000,38000,79,0,29500,Régulière,3,69.7,10.0,1,6,0,Non consulté,0,0,Education,334000,6,Caution solidaire,1.52,0
CSWA-00913,36,Femme,Rurale,Célibataire,Primaire,5,Fonctionnaire,0.8,96000,55000,92,1,38800,Irrégulière,2,85.6,1.0,1,8,1,Jamais emprunté ailleurs,0,0,Fonds de commerce,79000,6,Bien matériel,0.73,0
CSWA-00914,65,Femme,Rurale,Célibataire,Primaire,5,Agriculture,2.3,70000,54000,134,0,11300,Irrégulière,3,52.7,11.0,1,8,1,Bon payeur ailleurs (solde sans incident),0,0,Fonds de commerce,305000,6,Aval d'un tiers,1.58,0
CSWA-00915,46,Femme,Rurale,Veuf(ve),Aucun,4,Commerce informel,8.2,200000,135000,31,0,90300,Aucune épargne,2,91.3,3.0,1,7,0,Non consulté,0,0,Education,545000,36,Aucune,0.76,0
CSWA-00916,40,Homme,Semi-urbaine,Divorcé(e),Aucun,4,Fonctionnaire,4.2,198000,109000,175,1,140400,Irrégulière,0,,,0,0,1,Jamais emprunté ailleurs,0,0,Education,374000,6,Aucune,0.9,1
CSWA-00917,44,Homme,Urbaine,Marié(e),Secondaire,2,Commerce informel,9.0,84000,51000,151,0,24900,Irrégulière,2,90.5,4.0,1,8,0,Non consulté,0,0,Santé,325000,9,Caution solidaire,1.09,0
CSWA-00918,55,Femme,Rurale,Marié(e),Aucun,6,Transport,8.5,123000,77000,14,0,23200,Irrégulière,1,75.3,10.0,1,9,1,Jamais emprunté ailleurs,0,0,Fonds de commerce,195000,36,Aval d'un tiers,0.68,0
CSWA-00919,30,Homme,Urbaine,Célibataire,Secondaire,3,Commerce informel,7.9,75000,35000,102,0,107100,Irrégulière,2,72.6,3.0,1,8,0,Non consulté,0,0,Equipement/Matériel,171000,36,Caution solidaire,0.54,0
CSWA-00920,48,Femme,Rurale,Marié(e),Primaire,2,Commerce informel,7.7,82000,60000,169,0,114600,Irrégulière,1,88.6,9.0,1,7,1,Bon payeur ailleurs (solde sans incident),0,0,Fonds de commerce,185000,6,Aval d'un tiers,1.15,0
CSWA-00921,60,Femme,Semi-urbaine,Marié(e),Primaire,1,Agriculture,9.6,64000,37000,7,0,2500,Irrégulière,0,,,1,6,1,Jamais emprunté ailleurs,0,0,Equipement/Matériel,91000,6,Caution solidaire,0.84,0
CSWA-00922,45,Homme,Semi-urbaine,Célibataire,Secondaire,4,Salarié secteur formel,9.6,108000,72000,56,1,45900,Irrégulière,2,98.9,3.0,1,13,1,Jamais emprunté ailleurs,0,0,Elevage,126000,18,Aucune,0.74,0
CSWA-00923,39,Homme,Rurale,Célibataire,Primaire,1,Commerce informel,5.5,60000,22000,83,0,9800,Régulière,0,,,1,10,1,Jamais emprunté ailleurs,0,0,Santé,241000,24,Caution solidaire,0.55,0
CSWA-00924,25,Femme,Rurale,Marié(e),Aucun,3,Commerce informel,4.6,68000,28000,177,0,27500,Aucune épargne,1,87.6,2.0,0,0,1,Pret en cours ailleurs,1,386000,Intrants agricoles,173000,18,Aucune,1.08,0
CSWA-00925,30,Homme,Urbaine,Marié(e),Aucun,4,Commerce informel,6.8,131000,84000,101,1,97500,Régulière,2,84.5,0.0,1,9,1,Jamais emprunté ailleurs,0,0,Fonds de commerce,135000,3,Caution solidaire,1.03,0
CSWA-00926,63,Femme,Urbaine,Marié(e),Secondaire,2,Commerce informel,11.1,73000,53000,9,0,8400,Régulière,0,,,1,8,1,Bon payeur ailleurs (solde sans incident),0,0,Santé,393000,6,Aucune,1.73,0
CSWA-00927,44,Femme,Urbaine,Marié(e),Primaire,4,Commerce informel,3.2,110000,56000,115,1,31000,Aucune épargne,1,73.9,4.0,1,6,1,Jamais emprunté ailleurs,0,0,Fonds de commerce,416000,18,Aucune,0.74,0
CSWA-00928,33,Femme,Semi-urbaine,Veuf(ve),Secondaire,2,Fonctionnaire,4.9,113000,93000,92,1,101700,Irrégulière,2,72.4,1.0,1,14,1,Bon payeur ailleurs (solde sans incident),0,0,Fonds de commerce,163000,12,Aval d'un tiers,0.96,0
CSWA-00929,38,Homme,Urbaine,Veuf(ve),Primaire,1,Restauration/Transformation,3.8,77000,60000,107,0,43000,Aucune épargne,2,60.6,0.0,1,11,1,Jamais emprunté ailleurs,0,0,Equipement/Matériel,403000,6,Caution solidaire,1.76,0
CSWA-00930,46,Femme,Semi-urbaine,Marié(e),Primaire,4,Agriculture,2.8,67000,41000,140,0,10800,Régulière,0,,,1,10,1,Bon payeur ailleurs (solde sans incident),0,0,Elevage,124000,9,Aval d'un tiers,0.84,0
CSWA-00931,44,Femme,Urbaine,Marié(e),Aucun,4,Commerce informel,4.1,39000,26000,18,1,2800,Régulière,1,58.8,1.0,1,8,1,Bon payeur ailleurs (solde sans incident),0,0,Santé,190000,12,Aval d'un tiers,1.12,0
CSWA-00932,51,Homme,Rurale,Célibataire,Aucun,4,Commerce informel,2.1,44000,28000,64,0,3800,Irrégulière,4,90.4,2.0,1,15,0,Non consulté,0,0,Elevage,44000,12,Caution solidaire,0.73,0
CSWA-00933,31,Femme,Rurale,Célibataire,Secondaire,2,Agriculture,1.9,113000,57000,24,1,8400,Irrégulière,3,91.4,9.0,1,9,0,Non consulté,0,0,Intrants agricoles,140000,6,Aucune,0.74,0
CSWA-00934,49,Femme,Rurale,Marié(e),Aucun,3,Agriculture,14.0,112000,43000,176,0,94800,Aucune épargne,1,84.0,3.0,1,13,0,Non consulté,0,0,Intrants agricoles,219000,6,Caution solidaire,0.75,0
CSWA-00935,39,Femme,Rurale,Marié(e),Supérieur,2,Fonctionnaire,2.6,191000,144000,167,0,91800,Irrégulière,1,72.8,17.0,1,8,0,Non consulté,0,0,Fonds de commerce,377000,6,Aucune,1.12,0
CSWA-00936,63,Femme,Rurale,Marié(e),Aucun,3,Commerce informel,7.9,101000,59000,167,0,105600,Irrégulière,4,65.1,1.0,1,14,1,Jamais emprunté ailleurs,0,0,Fonds de commerce,213000,12,Aval d'un tiers,0.78,0
CSWA-00937,26,Homme,Semi-urbaine,Célibataire,Primaire,2,Agriculture,16.6,91000,70000,48,0,1700,Aucune épargne,1,92.2,6.0,1,9,1,Pret en cours ailleurs,1,115000,Santé,179000,12,Caution solidaire,1.07,1
CSWA-00938,25,Homme,Rurale,Marié(e),Aucun,2,Restauration/Transformation,10.6,135000,73000,60,1,6100,Irrégulière,3,58.1,9.0,1,12,1,Incident de paiement signale ailleurs,0,0,Equipement/Matériel,131000,6,Aval d'un tiers,0.72,0
CSWA-00939,40,Homme,Urbaine,Marié(e),Secondaire,3,Agriculture,7.7,266000,95000,84,0,258300,Régulière,1,95.2,1.0,1,13,1,Bon payeur ailleurs (solde sans incident),0,0,Evénement social,453000,24,Caution solidaire,0.44,0
CSWA-00940,42,Homme,Urbaine,Veuf(ve),Aucun,0,Transport,8.5,111000,46000,1,0,11700,Régulière,2,80.7,4.0,1,14,1,Bon payeur ailleurs (solde sans incident),0,0,Intrants agricoles,600000,18,Bien matériel,0.75,0
CSWA-00941,51,Femme,Rurale,Célibataire,Primaire,4,Restauration/Transformation,3.9,55000,24000,156,1,51100,Régulière,0,,,0,0,1,Jamais emprunté ailleurs,0,0,Equipement/Matériel,243000,12,Bien matériel,0.85,0
CSWA-00942,37,Homme,Rurale,Veuf(ve),Supérieur,1,Commerce informel,10.7,122000,87000,32,0,57600,Irrégulière,1,61.0,4.0,1,12,1,Jamais emprunté ailleurs,0,0,Evénement social,234000,12,Bien matériel,0.89,0
CSWA-00943,61,Femme,Rurale,Marié(e),Secondaire,0,Salarié secteur formel,14.7,130000,48000,124,1,70000,Aucune épargne,1,94.3,38.0,1,6,0,Non consulté,0,0,Elevage,122000,6,Aucune,0.54,0
CSWA-00944,41,Homme,Rurale,Marié(e),Aucun,2,Agriculture,4.4,274000,208000,6,0,27900,Irrégulière,1,87.7,4.0,1,10,1,Jamais emprunté ailleurs,0,0,Intrants agricoles,316000,6,Aucune,0.97,0
CSWA-00945,25,Homme,Rurale,Veuf(ve),Secondaire,1,Commerce informel,1.8,41000,29000,25,1,7000,Irrégulière,1,85.2,10.0,0,0,1,Bon payeur ailleurs (solde sans incident),0,0,Fonds de commerce,111000,6,Bien matériel,1.21,0
CSWA-00946,24,Homme,Semi-urbaine,Divorcé(e),Primaire,1,Restauration/Transformation,9.3,103000,53000,123,0,67800,Régulière,0,,,1,7,1,Bon payeur ailleurs (solde sans incident),0,0,Fonds de commerce,504000,6,Aucune,1.43,1
CSWA-00947,64,Homme,Rurale,Divorcé(e),Aucun,4,Restauration/Transformation,19.4,81000,49000,11,0,4100,Irrégulière,0,,,0,0,1,Pret en cours ailleurs,1,230000,Equipement/Matériel,403000,3,Bien matériel,2.72,0
CSWA-00948,25,Femme,Rurale,Célibataire,Primaire,3,Commerce informel,2.8,64000,52000,26,0,6200,Irrégulière,1,85.6,5.0,1,5,1,Bon payeur ailleurs (solde sans incident),0,0,Santé,133000,6,Caution solidaire,1.2,0
CSWA-00949,63,Femme,Rurale,Marié(e),Secondaire,0,Agriculture,0.7,62000,24000,37,0,23100,Irrégulière,1,82.1,8.0,1,10,1,Jamais emprunté ailleurs,0,0,Education,213000,6,Bien matériel,1.03,1
CSWA-00950,32,Femme,Semi-urbaine,Marié(e),Primaire,7,Salarié secteur formel,4.9,74000,39000,87,1,4900,Régulière,0,,,1,10,1,Jamais emprunté ailleurs,0,0,Fonds de commerce,122000,18,Aval d'un tiers,0.63,0
CSWA-00951,23,Homme,Rurale,Marié(e),Secondaire,2,Restauration/Transformation,3.7,110000,60000,39,1,58400,Irrégulière,1,90.8,15.0,1,14,1,Jamais emprunté ailleurs,0,0,Equipement/Matériel,546000,18,Aucune,0.85,0
CSWA-00952,33,Femme,Semi-urbaine,Veuf(ve),Secondaire,1,Elevage,6.3,74000,62000,34,0,10200,Irrégulière,1,47.3,2.0,1,10,1,Pret en cours ailleurs,1,150000,Intrants agricoles,362000,12,Bien matériel,1.48,0
CSWA-00953,47,Homme,Urbaine,Marié(e),Primaire,3,Elevage,3.3,210000,176000,34,1,52800,Régulière,0,,,1,11,1,Jamais emprunté ailleurs,0,0,Equipement/Matériel,563000,6,Caution solidaire,1.34,0
CSWA-00954,39,Femme,Rurale,Célibataire,Primaire,3,Artisanat,4.8,76000,59000,157,1,72400,Irrégulière,0,,,0,0,1,Jamais emprunté ailleurs,0,0,Fonds de commerce,181000,18,Aval d'un tiers,0.92,1
CSWA-00955,55,Femme,Rurale,Veuf(ve),Secondaire,2,Restauration/Transformation,2.6,121000,65000,147,0,253500,Régulière,1,73.0,2.0,0,0,0,Non consulté,0,0,Habitat/Réparation,542000,12,Bien matériel,0.96,0
CSWA-00956,47,Homme,Rurale,Divorcé(e),Primaire,6,Commerce informel,1.1,39000,31000,54,0,5900,Régulière,3,76.5,1.0,1,6,1,Bon payeur ailleurs (solde sans incident),0,0,Equipement/Matériel,182000,12,Bien matériel,1.23,0
CSWA-00957,37,Homme,Urbaine,Veuf(ve),Aucun,6,Agriculture,5.2,40000,24000,117,0,26600,Régulière,1,86.3,15.0,1,13,1,Jamais emprunté ailleurs,0,0,Fonds de commerce,196000,24,Aucune,0.83,0
CSWA-00958,48,Homme,Rurale,Marié(e),Primaire,1,Elevage,8.2,119000,80000,126,0,150500,Irrégulière,2,93.8,7.0,0,0,1,Jamais emprunté ailleurs,0,0,Fonds de commerce,155000,12,Caution solidaire,0.79,0
CSWA-00959,64,Homme,Urbaine,Marié(e),Secondaire,2,Restauration/Transformation,2.1,96000,78000,45,0,19300,Régulière,2,94.3,10.0,0,0,1,Pret en cours ailleurs,1,165000,Education,382000,9,Aucune,1.46,0
CSWA-00960,38,Femme,Semi-urbaine,Divorcé(e),Aucun,5,Restauration/Transformation,17.6,263000,125000,106,0,232000,Régulière,3,29.7,4.0,1,4,0,Non consulté,0,0,Habitat/Réparation,600000,9,Aval d'un tiers,0.76,0
CSWA-00961,26,Femme,Urbaine,Marié(e),Aucun,2,Artisanat,7.4,55000,43000,11,0,1000,Irrégulière,1,29.0,0.0,1,9,1,Jamais emprunté ailleurs,0,0,Habitat/Réparation,115000,6,Caution solidaire,1.17,0
CSWA-00962,38,Femme,Urbaine,Marié(e),Aucun,6,Artisanat,3.9,117000,64000,68,1,107900,Irrégulière,2,71.3,1.0,1,7,1,Jamais emprunté ailleurs,0,0,Santé,213000,9,Caution solidaire,0.77,0
CSWA-00963,58,Homme,Rurale,Divorcé(e),Aucun,5,Agriculture,11.8,71000,56000,108,0,96900,Irrégulière,3,84.5,3.0,1,9,1,Jamais emprunté ailleurs,0,0,Fonds de commerce,324000,18,Caution solidaire,1.07,0
CSWA-00964,29,Femme,Rurale,Célibataire,Supérieur,2,Salarié secteur formel,9.6,59000,37000,137,1,17400,Irrégulière,3,84.2,9.0,1,10,1,Incident de paiement signale ailleurs,0,0,Fonds de commerce,174000,3,Caution solidaire,1.73,0
CSWA-00965,63,Homme,Urbaine,Marié(e),Primaire,9,Fonctionnaire,8.0,162000,77000,67,1,119700,Régulière,1,74.4,17.0,1,4,1,Jamais emprunté ailleurs,0,0,Fonds de commerce,345000,3,Aucune,1.27,0
CSWA-00966,46,Femme,Rurale,Marié(e),Secondaire,4,Salarié secteur formel,6.1,110000,81000,21,0,2800,Régulière,1,65.2,19.0,0,0,1,Pret en cours ailleurs,1,264000,Fonds de commerce,206000,18,Aucune,1.07,0
CSWA-00967,47,Homme,Rurale,Marié(e),Secondaire,1,Salarié secteur formel,4.0,122000,50000,128,1,216500,Régulière,0,,,1,16,1,Bon payeur ailleurs (solde sans incident),0,0,Evénement social,137000,6,Aucune,0.62,0
CSWA-00968,33,Homme,Urbaine,Veuf(ve),Primaire,7,Fonctionnaire,6.9,138000,58000,128,0,37000,Régulière,2,70.8,4.0,1,9,1,Bon payeur ailleurs (solde sans incident),0,0,Elevage,336000,9,Aval d'un tiers,0.72,0
CSWA-00969,62,Femme,Rurale,Marié(e),Secondaire,4,Commerce informel,6.1,44000,19000,19,0,4700,Régulière,1,80.7,10.0,1,6,1,Incident de paiement signale ailleurs,0,0,Equipement/Matériel,132000,18,Caution solidaire,0.62,0
CSWA-00970,20,Homme,Rurale,Marié(e),Supérieur,4,Elevage,11.4,99000,76000,33,0,42200,Aucune épargne,0,,,1,12,1,Jamais emprunté ailleurs,0,0,Education,496000,36,Caution solidaire,0.92,1
CSWA-00971,33,Femme,Semi-urbaine,Marié(e),Secondaire,2,Elevage,7.6,20000,16000,50,0,3400,Régulière,0,,,0,0,1,Pret en cours ailleurs,1,123000,Intrants agricoles,30000,12,Aval d'un tiers,1.5,0
CSWA-00972,38,Femme,Urbaine,Veuf(ve),Secondaire,2,Elevage,4.5,59000,38000,15,1,12300,Régulière,1,62.7,1.0,1,9,0,Non consulté,0,0,Intrants agricoles,171000,18,Aucune,0.82,0
CSWA-00973,41,Homme,Urbaine,Veuf(ve),Primaire,3,Salarié secteur formel,4.4,181000,89000,142,1,260100,Aucune épargne,2,96.8,4.0,1,3,1,Bon payeur ailleurs (solde sans incident),0,0,Fonds de commerce,550000,18,Aucune,0.68,0
CSWA-00974,41,Femme,Semi-urbaine,Marié(e),Secondaire,6,Agriculture,3.2,131000,72000,175,1,167300,Irrégulière,3,97.9,3.0,1,10,1,Pret en cours ailleurs,2,66000,Education,106000,18,Caution solidaire,0.65,0
CSWA-00975,25,Femme,Rurale,Marié(e),Aucun,2,Commerce informel,6.3,33000,15000,152,1,10700,Aucune épargne,2,92.5,4.0,1,6,1,Pret en cours ailleurs,1,188000,Santé,49000,18,Aucune,1.06,1
CSWA-00976,29,Femme,Urbaine,Marié(e),Secondaire,5,Commerce informel,4.1,111000,39000,31,1,34300,Régulière,2,79.3,10.0,0,0,1,Jamais emprunté ailleurs,0,0,Fonds de commerce,107000,6,Aucune,0.53,0
CSWA-00977,23,Femme,Semi-urbaine,Marié(e),Primaire,1,Commerce informel,2.3,43000,33000,49,1,18900,Irrégulière,1,79.4,3.0,1,14,1,Jamais emprunté ailleurs,0,0,Fonds de commerce,228000,18,Aucune,1.1,0
CSWA-00978,45,Femme,Urbaine,Marié(e),Primaire,2,Agriculture,9.1,66000,30000,48,1,20700,Aucune épargne,2,75.1,3.0,1,11,1,Jamais emprunté ailleurs,0,0,Equipement/Matériel,211000,12,Aval d'un tiers,0.75,0
CSWA-00979,35,Femme,Semi-urbaine,Marié(e),Secondaire,5,Commerce informel,3.8,123000,48000,84,1,64600,Aucune épargne,1,87.1,5.0,1,7,1,Jamais emprunté ailleurs,0,0,Elevage,610000,6,Aval d'un tiers,1.32,0
CSWA-00980,45,Femme,Rurale,Marié(e),Primaire,3,Commerce informel,4.7,47000,20000,2,1,3800,Régulière,0,,,1,7,1,Bon payeur ailleurs (solde sans incident),0,0,Fonds de commerce,150000,3,Caution solidaire,1.62,0
CSWA-00981,46,Femme,Semi-urbaine,Marié(e),Aucun,6,Agriculture,12.8,177000,144000,41,1,46200,Irrégulière,0,,,0,0,0,Non consulté,0,0,Habitat/Réparation,517000,3,Aucune,1.9,1
CSWA-00982,51,Homme,Semi-urbaine,Marié(e),Secondaire,1,Artisanat,9.9,93000,49000,122,1,117500,Régulière,1,96.4,7.0,1,11,1,Jamais emprunté ailleurs,0,0,Equipement/Matériel,214000,9,Bien matériel,0.81,0
CSWA-00983,44,Homme,Urbaine,Marié(e),Supérieur,1,Artisanat,7.6,104000,70000,119,1,83300,Irrégulière,1,90.1,4.0,0,0,1,Pret en cours ailleurs,1,186000,Habitat/Réparation,357000,6,Aucune,1.47,0
CSWA-00984,49,Femme,Semi-urbaine,Marié(e),Secondaire,3,Commerce informel,6.2,146000,53000,137,1,294100,Régulière,0,,,1,8,0,Non consulté,0,0,Education,606000,6,Bien matériel,1.14,0
CSWA-00985,46,Homme,Urbaine,Célibataire,Secondaire,3,Autre service,14.5,132000,81000,77,0,86000,Irrégulière,3,75.4,29.0,1,11,1,Pret en cours ailleurs,1,232000,Fonds de commerce,247000,18,Aucune,0.89,0
CSWA-00986,49,Homme,Rurale,Marié(e),Secondaire,6,Commerce informel,4.8,126000,91000,4,1,2700,Régulière,1,90.1,5.0,0,0,1,Pret en cours ailleurs,2,20000,Santé,675000,9,Aval d'un tiers,1.4,0
CSWA-00987,47,Homme,Rurale,Marié(e),Secondaire,0,Restauration/Transformation,3.3,56000,21000,177,1,144000,Régulière,1,85.7,8.0,1,5,0,Non consulté,0,0,Fonds de commerce,79000,24,Aval d'un tiers,0.44,0
CSWA-00988,33,Femme,Urbaine,Divorcé(e),Primaire,2,Salarié secteur formel,11.4,105000,52000,94,0,146000,Aucune épargne,0,,,1,8,1,Bon payeur ailleurs (solde sans incident),0,0,Santé,531000,18,Caution solidaire,0.81,0
CSWA-00989,30,Homme,Urbaine,Marié(e),Primaire,5,Salarié secteur formel,7.6,167000,85000,165,0,410500,Irrégulière,2,78.3,9.0,1,11,1,Jamais emprunté ailleurs,0,0,Intrants agricoles,844000,3,Aval d'un tiers,2.4,0
CSWA-00990,56,Femme,Urbaine,Veuf(ve),Secondaire,2,Elevage,2.8,105000,83000,153,0,77400,Aucune épargne,1,76.8,4.0,1,15,1,Pret en cours ailleurs,2,361000,Education,556000,36,Caution solidaire,1.26,0
CSWA-00991,35,Femme,Urbaine,Marié(e),Supérieur,4,Commerce informel,7.6,40000,27000,23,1,4900,Régulière,1,81.5,5.0,1,16,1,Jamais emprunté ailleurs,0,0,Elevage,197000,6,Bien matériel,1.6,0
CSWA-00992,44,Femme,Urbaine,Célibataire,Aucun,0,Salarié secteur formel,1.8,116000,91000,142,0,7000,Irrégulière,2,81.3,1.0,1,8,1,Jamais emprunté ailleurs,0,0,Fonds de commerce,501000,12,Aval d'un tiers,1.19,0
CSWA-00993,28,Homme,Semi-urbaine,Marié(e),Aucun,1,Artisanat,10.0,99000,53000,117,1,154700,Régulière,0,,,0,0,1,Jamais emprunté ailleurs,0,0,Education,409000,12,Aucune,0.92,0
CSWA-00994,39,Femme,Rurale,Marié(e),Primaire,3,Transport,6.4,73000,47000,145,0,113700,Régulière,3,96.1,9.0,1,4,0,Non consulté,0,0,Equipement/Matériel,356000,9,Caution solidaire,1.25,0
CSWA-00995,43,Femme,Semi-urbaine,Célibataire,Secondaire,5,Agriculture,7.0,84000,51000,127,0,47600,Aucune épargne,1,85.4,10.0,1,8,1,Jamais emprunté ailleurs,0,0,Elevage,399000,18,Aucune,0.9,0
CSWA-00996,48,Femme,Semi-urbaine,Célibataire,Secondaire,3,Fonctionnaire,7.3,129000,63000,13,1,5100,Régulière,1,60.6,2.0,1,9,1,Jamais emprunté ailleurs,0,0,Evénement social,209000,24,Aucune,0.56,1
CSWA-00997,43,Femme,Rurale,Marié(e),Primaire,3,Fonctionnaire,7.5,62000,35000,19,1,15800,Régulière,0,,,1,9,1,Pret en cours ailleurs,2,205000,Intrants agricoles,235000,9,Bien matériel,1.33,0
CSWA-00998,35,Homme,Rurale,Célibataire,Aucun,4,Restauration/Transformation,5.3,122000,58000,51,1,34500,Aucune épargne,1,67.3,4.0,0,0,0,Non consulté,0,0,Intrants agricoles,179000,6,Aval d'un tiers,0.75,0
CSWA-00999,64,Femme,Semi-urbaine,Marié(e),Primaire,2,Fonctionnaire,5.7,109000,39000,37,0,34600,Régulière,3,68.6,3.0,1,10,0,Non consulté,0,0,Evénement social,254000,18,Aucune,0.5,0
CSWA-01000,43,Homme,Rurale,Veuf(ve),Secondaire,1,Agriculture,4.1,89000,74000,94,0,22200,Aucune épargne,3,90.1,3.0,0,0,1,Pret en cours ailleurs,1,130000,Fonds de commerce,312000,9,Aval d'un tiers,1.4,0
CSWA-01001,56,Femme,Rurale,Célibataire,Primaire,1,Commerce informel,6.3,57000,47000,179,0,29700,Régulière,0,,,1,12,1,Jamais emprunté ailleurs,0,0,Intrants agricoles,261000,6,Bien matériel,1.68,0
CSWA-01002,53,Femme,Semi-urbaine,Marié(e),Aucun,2,Restauration/Transformation,5.3,28000,21000,92,0,15500,Régulière,3,72.8,4.0,1,9,0,Non consulté,0,0,Habitat/Réparation,153000,18,Bien matériel,1.09,0
CSWA-01003,45,Homme,Rurale,Veuf(ve),Primaire,0,Restauration/Transformation,5.9,37000,16000,61,1,9000,Irrégulière,2,75.1,10.0,0,0,1,Pret en cours ailleurs,1,706000,Equipement/Matériel,130000,36,Aval d'un tiers,2.26,0
CSWA-01004,60,Femme,Rurale,Divorcé(e),Secondaire,6,Elevage,2.2,53000,19000,137,1,26100,Régulière,2,90.8,4.0,0,0,1,Jamais emprunté ailleurs,0,0,Intrants agricoles,67000,12,Aval d'un tiers,0.48,0
CSWA-01005,25,Homme,Semi-urbaine,Célibataire,Primaire,3,Commerce informel,3.6,118000,53000,88,0,65500,Irrégulière,2,92.3,17.0,1,8,1,Pret en cours ailleurs,1,235000,Intrants agricoles,631000,12,Aval d'un tiers,1.13,0
CSWA-01006,62,Femme,Rurale,Marié(e),Aucun,3,Artisanat,0.9,65000,51000,166,1,36700,Aucune épargne,1,98.0,1.0,1,12,1,Jamais emprunté ailleurs,0,0,Evénement social,118000,12,Bien matériel,0.95,0
CSWA-01007,58,Femme,Semi-urbaine,Célibataire,Primaire,2,Commerce informel,5.0,101000,43000,78,1,111700,Régulière,6,85.2,10.0,1,10,1,Jamais emprunté ailleurs,0,0,Habitat/Réparation,103000,3,Aucune,0.81,0
CSWA-01008,42,Homme,Urbaine,Célibataire,Supérieur,7,Restauration/Transformation,2.6,54000,25000,130,1,62500,Irrégulière,3,92.1,0.0,0,0,1,Bon payeur ailleurs (solde sans incident),0,0,Evénement social,286000,9,Caution solidaire,1.12,0
CSWA-01009,53,Homme,Urbaine,Marié(e),Primaire,3,Fonctionnaire,1.5,86000,60000,15,1,1300,Régulière,1,77.3,6.0,1,11,1,Jamais emprunté ailleurs,0,0,Fonds de commerce,90000,3,Aval d'un tiers,1.09,0
CSWA-01010,43,Femme,Rurale,Veuf(ve),Primaire,3,Commerce informel,6.3,131000,77000,87,0,40600,Irrégulière,0,,,1,12,1,Jamais emprunté ailleurs,0,0,Fonds de commerce,111000,3,Caution solidaire,0.9,0
CSWA-01011,31,Homme,Urbaine,Marié(e),Aucun,6,Salarié secteur formel,2.8,156000,106000,78,1,84100,Irrégulière,2,83.0,10.0,1,5,1,Bon payeur ailleurs (solde sans incident),0,0,Fonds de commerce,456000,12,Caution solidaire,0.95,0
CSWA-01012,56,Femme,Semi-urbaine,Célibataire,Primaire,1,Commerce informel,3.6,103000,65000,107,1,73200,Irrégulière,1,81.4,24.0,1,9,0,Non consulté,0,0,Education,347000,6,Aucune,1.26,0
CSWA-01013,30,Femme,Urbaine,Célibataire,Secondaire,2,Elevage,6.9,63000,40000,139,1,91200,Régulière,1,89.6,1.0,1,6,1,Jamais emprunté ailleurs,0,0,Habitat/Réparation,118000,6,Bien matériel,0.98,0
CSWA-01014,33,Femme,Rurale,Marié(e),Secondaire,3,Fonctionnaire,8.9,150000,118000,1,0,15700,Irrégulière,2,93.9,2.0,1,8,1,Jamais emprunté ailleurs,0,0,Fonds de commerce,348000,9,Caution solidaire,1.08,0
CSWA-01015,43,Homme,Urbaine,Divorcé(e),Primaire,6,Commerce informel,4.2,110000,50000,55,1,52600,Irrégulière,0,,,1,4,1,Bon payeur ailleurs (solde sans incident),0,0,Equipement/Matériel,595000,12,Aucune,0.96,0
CSWA-01016,58,Femme,Semi-urbaine,Marié(e),Secondaire,1,Commerce informel,10.0,101000,42000,82,0,46100,Régulière,1,83.4,4.0,1,17,1,Bon payeur ailleurs (solde sans incident),0,0,Fonds de commerce,221000,3,Caution solidaire,1.23,0
CSWA-01017,37,Femme,Rurale,Marié(e),Primaire,0,Autre service,11.5,112000,62000,117,1,40400,Irrégulière,4,62.4,4.0,1,7,1,Bon payeur ailleurs (solde sans incident),0,0,Elevage,454000,3,Aucune,2.07,0
CSWA-01018,42,Homme,Urbaine,Marié(e),Secondaire,3,Commerce informel,5.2,137000,85000,21,1,2500,Régulière,0,,,1,8,1,Incident de paiement signale ailleurs,0,0,Intrants agricoles,504000,36,Aval d'un tiers,0.74,0
CSWA-01019,20,Homme,Urbaine,Marié(e),Aucun,4,Agriculture,5.2,70000,42000,127,0,10800,Régulière,2,67.5,4.0,1,11,1,Jamais emprunté ailleurs,0,0,Elevage,94000,3,Aval d'un tiers,1.1,0
CSWA-01020,24,Homme,Rurale,Célibataire,Primaire,3,Agriculture,3.5,73000,45000,132,1,61200,Régulière,3,78.6,2.0,1,9,1,Jamais emprunté ailleurs,0,0,Fonds de commerce,164000,3,Aucune,1.45,0
CSWA-01021,21,Homme,Semi-urbaine,Marié(e),Secondaire,3,Commerce informel,6.0,69000,41000,97,0,2400,Régulière,0,,,1,8,1,Jamais emprunté ailleurs,0,0,Fonds de commerce,187000,12,Bien matériel,0.85,0
CSWA-01022,22,Femme,Semi-urbaine,Veuf(ve),Supérieur,4,Commerce informel,8.9,98000,60000,141,0,73200,Régulière,0,,,1,6,0,Non consulté,0,0,Fonds de commerce,368000,3,Caution solidaire,2.01,0
CSWA-01023,59,Femme,Urbaine,Divorcé(e),Secondaire,6,Salarié secteur formel,11.1,93000,76000,93,1,3800,Régulière,0,,,1,6,1,Bon payeur ailleurs (solde sans incident),0,0,Santé,462000,12,Aucune,1.28,0
CSWA-01024,58,Femme,Rurale,Célibataire,Secondaire,3,Elevage,2.8,87000,33000,180,0,203000,Irrégulière,1,83.8,5.0,1,11,1,Pret en cours ailleurs,1,397000,Santé,320000,6,Bien matériel,1.48,1
CSWA-01025,57,Homme,Urbaine,Marié(e),Secondaire,2,Agriculture,5.4,54000,44000,10,1,1900,Régulière,0,,,1,12,1,Jamais emprunté ailleurs,0,0,Intrants agricoles,158000,6,Bien matériel,1.36,0
CSWA-01026,21,Homme,Rurale,Célibataire,Secondaire,7,Restauration/Transformation,8.0,46000,30000,84,0,38900,Régulière,2,88.3,8.0,1,11,0,Non consulté,0,0,Fonds de commerce,211000,18,Bien matériel,0.94,0
CSWA-01027,22,Homme,Rurale,Marié(e),Aucun,4,Agriculture,1.5,49000,18000,131,0,86100,Irrégulière,1,80.8,8.0,1,13,1,Jamais emprunté ailleurs,0,0,Fonds de commerce,43000,3,Aval d'un tiers,0.7,0
CSWA-01028,32,Femme,Urbaine,Célibataire,Primaire,2,Agriculture,0.4,102000,38000,16,1,21800,Irrégulière,3,91.0,16.0,1,6,1,Pret en cours ailleurs,1,107000,Habitat/Réparation,459000,18,Caution solidaire,0.75,0
CSWA-01029,45,Femme,Rurale,Marié(e),Secondaire,3,Autre service,5.3,79000,50000,121,0,118500,Régulière,3,90.5,2.0,0,0,1,Incident de paiement signale ailleurs,0,0,Fonds de commerce,279000,12,Aucune,0.96,0
CSWA-01030,34,Homme,Semi-urbaine,Veuf(ve),Primaire,6,Transport,2.9,62000,43000,25,1,14900,Aucune épargne,1,67.9,6.0,1,8,1,Jamais emprunté ailleurs,0,0,Intrants agricoles,286000,9,Caution solidaire,1.27,0
CSWA-01031,41,Femme,Urbaine,Marié(e),Secondaire,5,Artisanat,2.6,116000,71000,109,1,45400,Régulière,0,,,1,9,1,Jamais emprunté ailleurs,0,0,Santé,546000,12,Caution solidaire,1.05,0
CSWA-01032,27,Homme,Urbaine,Marié(e),Primaire,5,Elevage,3.0,180000,103000,164,1,193600,Irrégulière,1,85.9,13.0,1,4,1,Jamais emprunté ailleurs,0,0,Fonds de commerce,153000,12,Caution solidaire,0.65,0
CSWA-01033,53,Homme,Urbaine,Divorcé(e),Aucun,3,Salarié secteur formel,3.0,59000,29000,44,1,16400,Aucune épargne,0,,,1,7,1,Bon payeur ailleurs (solde sans incident),0,0,Fonds de commerce,295000,3,Caution solidaire,2.36,1
CSWA-01034,33,Homme,Urbaine,Marié(e),Aucun,3,Artisanat,6.8,45000,29000,36,1,14600,Irrégulière,1,94.3,4.0,0,0,1,Jamais emprunté ailleurs,0,0,Evénement social,214000,12,Bien matériel,1.09,0
CSWA-01035,22,Femme,Urbaine,Veuf(ve),Secondaire,2,Agriculture,0.9,136000,109000,111,1,91100,Aucune épargne,1,91.6,2.0,1,7,1,Pret en cours ailleurs,1,347000,Fonds de commerce,561000,24,Caution solidaire,1.22,0
CSWA-01036,53,Femme,Rurale,Veuf(ve),Aucun,5,Agriculture,6.5,82000,46000,66,0,9200,Irrégulière,3,73.6,12.0,1,7,1,Jamais emprunté ailleurs,0,0,Fonds de commerce,192000,3,Aucune,1.44,1
CSWA-01037,61,Femme,Urbaine,Marié(e),Secondaire,4,Commerce informel,4.3,73000,51000,143,0,10100,Régulière,2,87.3,20.0,0,0,1,Pret en cours ailleurs,3,237000,Education,87000,3,Caution solidaire,1.44,1
CSWA-01038,19,Homme,Rurale,Marié(e),Aucun,2,Autre service,2.0,141000,51000,25,0,22200,Régulière,1,60.9,18.0,0,0,0,Non consulté,0,0,Education,362000,3,Caution solidaire,1.32,0
CSWA-01039,39,Homme,Semi-urbaine,Marié(e),Primaire,4,Restauration/Transformation,7.6,70000,40000,143,0,131200,Aucune épargne,3,94.4,14.0,1,16,1,Jamais emprunté ailleurs,0,0,Habitat/Réparation,136000,36,Aucune,0.63,0
CSWA-01040,57,Femme,Semi-urbaine,Célibataire,Secondaire,4,Agriculture,6.7,101000,74000,148,0,159600,Aucune épargne,1,76.6,9.0,1,16,1,Pret en cours ailleurs,1,94000,Habitat/Réparation,340000,9,Bien matériel,1.24,0
CSWA-01041,52,Homme,Rurale,Divorcé(e),Primaire,4,Agriculture,3.2,88000,68000,135,0,57200,Irrégulière,0,,,1,6,1,Jamais emprunté ailleurs,0,0,Elevage,272000,6,Bien matériel,1.35,0
CSWA-01042,59,Femme,Urbaine,Marié(e),Secondaire,5,Fonctionnaire,7.3,119000,74000,55,1,91900,Régulière,2,65.3,27.0,0,0,1,Bon payeur ailleurs (solde sans incident),0,0,Elevage,428000,6,Aucune,1.29,0
CSWA-01043,38,Femme,Urbaine,Célibataire,Aucun,6,Agriculture,10.6,75000,47000,131,0,97900,Irrégulière,1,81.3,1.0,1,12,0,Non consulté,0,0,Equipement/Matériel,115000,9,Bien matériel,0.82,0
CSWA-01044,36,Femme,Urbaine,Marié(e),Primaire,1,Restauration/Transformation,1.0,135000,57000,68,1,116000,Régulière,1,65.1,11.0,1,12,0,Non consulté,0,0,Education,384000,12,Aucune,0.69,0
CSWA-01045,52,Femme,Semi-urbaine,Marié(e),Primaire,2,Salarié secteur formel,2.7,80000,40000,78,0,77500,Régulière,0,,,0,0,1,Jamais emprunté ailleurs,0,0,Equipement/Matériel,158000,6,Caution solidaire,0.87,0
CSWA-01046,26,Femme,Semi-urbaine,Célibataire,Secondaire,6,Fonctionnaire,0.9,139000,95000,134,0,176200,Aucune épargne,0,,,1,7,1,Jamais emprunté ailleurs,0,0,Habitat/Réparation,356000,18,Aucune,0.84,0
CSWA-01047,30,Femme,Rurale,Veuf(ve),Aucun,6,Agriculture,8.4,73000,54000,167,0,172100,Régulière,2,86.0,6.0,1,10,1,Jamais emprunté ailleurs,0,0,Equipement/Matériel,155000,9,Bien matériel,1.0,0
CSWA-01048,47,Femme,Urbaine,Marié(e),Primaire,2,Transport,4.8,125000,49000,108,1,93600,Irrégulière,0,,,1,6,1,Incident de paiement signale ailleurs,0,0,Equipement/Matériel,319000,6,Aucune,0.87,1
CSWA-01049,50,Femme,Rurale,Marié(e),Secondaire,1,Agriculture,4.1,77000,64000,176,1,160600,Régulière,2,97.3,2.0,1,10,1,Bon payeur ailleurs (solde sans incident),0,0,Elevage,213000,12,Aucune,1.09,0
CSWA-01050,24,Homme,Urbaine,Marié(e),Supérieur,5,Fonctionnaire,8.0,117000,97000,108,0,42000,Irrégulière,5,94.8,7.0,1,3,1,Bon payeur ailleurs (solde sans incident),0,0,Equipement/Matériel,533000,12,Bien matériel,1.25,0
CSWA-01051,42,Femme,Semi-urbaine,Marié(e),Secondaire,3,Commerce informel,3.6,53000,24000,151,0,113300,Régulière,2,80.1,1.0,0,0,1,Jamais emprunté ailleurs,0,0,Intrants agricoles,144000,12,Bien matériel,0.71,0
CSWA-01052,36,Homme,Urbaine,Marié(e),Secondaire,1,Artisanat,8.1,52000,19000,10,0,5700,Régulière,0,,,0,0,1,Incident de paiement signale ailleurs,0,0,Fonds de commerce,80000,24,Bien matériel,0.44,0
CSWA-01053,42,Femme,Urbaine,Veuf(ve),Primaire,3,Elevage,2.3,29000,15000,36,1,4500,Irrégulière,0,,,1,12,1,Jamais emprunté ailleurs,0,0,Equipement/Matériel,154000,12,Aval d'un tiers,1.01,1
CSWA-01054,64,Femme,Rurale,Marié(e),Primaire,1,Salarié secteur formel,5.3,111000,92000,40,0,39700,Aucune épargne,3,96.9,3.0,1,9,0,Non consulté,0,0,Habitat/Réparation,462000,18,Aval d'un tiers,1.09,0
CSWA-01055,22,Femme,Urbaine,Marié(e),Secondaire,5,Commerce informel,9.0,57000,33000,58,1,2200,Aucune épargne,0,,,1,6,1,Jamais emprunté ailleurs,0,0,Habitat/Réparation,170000,3,Caution solidaire,1.69,0
CSWA-01056,65,Femme,Rurale,Célibataire,Secondaire,2,Commerce informel,1.7,270000,137000,50,0,108800,Régulière,4,75.4,14.0,1,7,0,Non consulté,0,0,Intrants agricoles,1355000,18,Caution solidaire,0.82,0
CSWA-01057,40,Femme,Semi-urbaine,Marié(e),Secondaire,2,Salarié secteur formel,3.1,199000,159000,126,0,288300,Irrégulière,1,91.6,4.0,0,0,1,Jamais emprunté ailleurs,0,0,Santé,327000,9,Bien matériel,1.0,0
CSWA-01058,55,Homme,Urbaine,Marié(e),Secondaire,2,Agriculture,4.1,160000,67000,180,0,163700,Régulière,2,79.9,5.0,1,11,1,Jamais emprunté ailleurs,0,0,Fonds de commerce,452000,9,Caution solidaire,0.77,0
CSWA-01059,38,Homme,Rurale,Veuf(ve),Secondaire,5,Agriculture,13.7,152000,125000,32,0,54400,Irrégulière,1,83.3,10.0,1,6,1,Jamais emprunté ailleurs,0,0,Intrants agricoles,749000,18,Caution solidaire,1.13,0
CSWA-01060,33,Homme,Rurale,Marié(e),Aucun,5,Commerce informel,6.3,71000,54000,41,0,32100,Irrégulière,2,58.9,7.0,1,17,1,Bon payeur ailleurs (solde sans incident),0,0,Habitat/Réparation,287000,6,Bien matériel,1.52,0
CSWA-01061,55,Femme,Urbaine,Marié(e),Aucun,3,Fonctionnaire,2.0,158000,86000,167,0,370400,Régulière,0,,,1,12,0,Non consulté,0,0,Fonds de commerce,157000,18,Caution solidaire,0.61,0
CSWA-01062,51,Femme,Urbaine,Marié(e),Supérieur,1,Artisanat,15.0,75000,56000,68,0,73500,Régulière,0,,,1,7,1,Jamais emprunté ailleurs,0,0,Fonds de commerce,253000,18,Caution solidaire,0.96,0
CSWA-01063,25,Homme,Urbaine,Marié(e),Primaire,7,Restauration/Transformation,13.0,151000,110000,126,0,64500,Régulière,1,72.3,1.0,0,0,1,Incident de paiement signale ailleurs,0,0,Habitat/Réparation,133000,6,Aval d'un tiers,0.89,0
CSWA-01064,52,Femme,Urbaine,Marié(e),Aucun,2,Salarié secteur formel,6.0,191000,122000,35,0,34000,Irrégulière,2,90.3,13.0,1,13,0,Non consulté,0,0,Fonds de commerce,161000,24,Caution solidaire,0.68,0
CSWA-01065,54,Homme,Urbaine,Marié(e),Primaire,7,Salarié secteur formel,17.4,113000,84000,162,1,66500,Aucune épargne,0,,,1,3,1,Jamais emprunté ailleurs,0,0,Intrants agricoles,606000,9,Caution solidaire,1.41,0
CSWA-01066,37,Femme,Semi-urbaine,Marié(e),Secondaire,4,Agriculture,3.5,81000,49000,86,1,42100,Aucune épargne,3,77.0,10.0,1,7,1,Jamais emprunté ailleurs,0,0,Equipement/Matériel,415000,3,Bien matériel,2.52,0
CSWA-01067,62,Homme,Rurale,Veuf(ve),Secondaire,3,Commerce informel,4.4,58000,45000,158,1,8400,Aucune épargne,0,,,1,10,1,Jamais emprunté ailleurs,0,0,Elevage,186000,12,Aucune,1.08,1
CSWA-01068,49,Homme,Semi-urbaine,Marié(e),Secondaire,3,Restauration/Transformation,2.7,66000,49000,1,0,4400,Irrégulière,2,93.3,7.0,0,0,0,Non consulté,0,0,Intrants agricoles,212000,18,Bien matériel,0.94,0
CSWA-01069,34,Femme,Rurale,Marié(e),Aucun,4,Restauration/Transformation,8.1,207000,166000,98,1,270400,Irrégulière,1,75.4,4.0,1,6,1,Jamais emprunté ailleurs,0,0,Fonds de commerce,969000,9,Caution solidaire,1.38,0
CSWA-01070,19,Femme,Rurale,Marié(e),Primaire,4,Commerce informel,15.8,53000,40000,145,1,84400,Aucune épargne,1,79.8,8.0,1,7,1,Jamais emprunté ailleurs,0,0,Habitat/Réparation,104000,18,Bien matériel,0.88,0
CSWA-01071,50,Homme,Rurale,Divorcé(e),Aucun,6,Salarié secteur formel,9.7,100000,81000,26,0,22400,Régulière,0,,,1,8,1,Jamais emprunté ailleurs,0,0,Fonds de commerce,517000,6,Aucune,1.78,0
CSWA-01072,28,Femme,Urbaine,Marié(e),Secondaire,3,Agriculture,2.9,90000,40000,159,0,57200,Irrégulière,1,96.6,1.0,0,0,1,Bon payeur ailleurs (solde sans incident),0,0,Equipement/Matériel,426000,24,Caution solidaire,0.67,0
CSWA-01073,54,Femme,Urbaine,Veuf(ve),Aucun,2,Agriculture,3.6,100000,49000,141,1,55700,Aucune épargne,1,80.9,15.0,0,0,1,Pret en cours ailleurs,1,42000,Fonds de commerce,450000,3,Caution solidaire,2.21,1
CSWA-01074,43,Femme,Rurale,Marié(e),Secondaire,6,Elevage,9.0,64000,37000,89,0,8800,Irrégulière,0,,,1,15,1,Jamais emprunté ailleurs,0,0,Fonds de commerce,281000,18,Bien matériel,0.85,0
CSWA-01075,40,Femme,Semi-urbaine,Divorcé(e),Primaire,6,Fonctionnaire,2.8,156000,74000,165,1,39800,Irrégulière,5,75.6,13.0,1,8,1,Bon payeur ailleurs (solde sans incident),0,0,Fonds de commerce,229000,12,Caution solidaire,0.61,0
CSWA-01076,26,Femme,Rurale,Marié(e),Secondaire,2,Commerce informel,5.2,88000,70000,153,0,155400,Irrégulière,2,52.4,13.0,1,11,1,Bon payeur ailleurs (solde sans incident),0,0,Intrants agricoles,200000,3,Caution solidaire,1.64,0
CSWA-01077,52,Homme,Urbaine,Marié(e),Primaire,1,Agriculture,1.6,38000,17000,33,0,17700,Aucune épargne,0,,,1,8,1,Jamais emprunté ailleurs,0,0,Intrants agricoles,84000,9,Caution solidaire,0.72,0
CSWA-01078,26,Femme,Semi-urbaine,Marié(e),Secondaire,3,Elevage,4.4,102000,59000,1,1,11700,Régulière,0,,,1,6,1,Bon payeur ailleurs (solde sans incident),0,0,Fonds de commerce,115000,6,Caution solidaire,0.79,0
CSWA-01079,38,Femme,Urbaine,Marié(e),Secondaire,2,Autre service,6.0,67000,41000,44,0,41500,Régulière,3,84.6,7.0,1,14,1,Jamais emprunté ailleurs,0,0,Santé,115000,24,Caution solidaire,0.69,0
CSWA-01080,58,Homme,Semi-urbaine,Célibataire,Aucun,4,Agriculture,6.2,173000,136000,79,0,21200,Aucune épargne,1,85.0,1.0,0,0,1,Jamais emprunté ailleurs,0,0,Equipement/Matériel,762000,18,Caution solidaire,1.06,1
CSWA-01081,62,Homme,Semi-urbaine,Célibataire,Primaire,3,Agriculture,7.5,96000,46000,124,0,66100,Aucune épargne,1,70.8,3.0,1,10,1,Incident de paiement signale ailleurs,0,0,Santé,406000,6,Caution solidaire,1.27,0
CSWA-01082,65,Homme,Semi-urbaine,Célibataire,Primaire,1,Fonctionnaire,12.5,117000,98000,31,1,13800,Irrégulière,2,66.3,0.0,1,10,0,Non consulté,0,0,Elevage,485000,12,Bien matériel,1.22,0
CSWA-01083,64,Femme,Semi-urbaine,Marié(e),Primaire,4,Restauration/Transformation,10.1,71000,35000,54,1,6800,Régulière,1,81.6,6.0,1,12,1,Pret en cours ailleurs,2,70000,Fonds de commerce,185000,6,Caution solidaire,1.07,0
CSWA-01084,45,Femme,Urbaine,Célibataire,Secondaire,1,Commerce informel,9.6,28000,12000,71,0,7600,Aucune épargne,3,75.8,5.0,1,13,1,Bon payeur ailleurs (solde sans incident),0,0,Elevage,70000,9,Bien matériel,0.74,0
CSWA-01085,28,Femme,Rurale,Marié(e),Primaire,0,Commerce informel,8.8,75000,36000,95,0,69400,Aucune épargne,2,80.9,7.0,0,0,1,Pret en cours ailleurs,2,104000,Fonds de commerce,354000,6,Bien matériel,1.49,1
CSWA-01086,58,Homme,Semi-urbaine,Divorcé(e),Secondaire,3,Restauration/Transformation,6.2,72000,57000,76,0,40600,Régulière,0,,,0,0,0,Non consulté,0,0,Intrants agricoles,198000,18,Bien matériel,0.96,1
CSWA-01087,56,Homme,Rurale,Célibataire,Aucun,7,Elevage,5.3,83000,35000,78,1,88500,Irrégulière,1,77.5,10.0,1,11,1,Pret en cours ailleurs,1,225000,Education,301000,6,Aucune,1.34,0
CSWA-01088,65,Femme,Urbaine,Marié(e),Secondaire,4,Commerce informel,10.4,73000,27000,123,1,20500,Aucune épargne,4,83.8,9.0,1,10,1,Bon payeur ailleurs (solde sans incident),0,0,Habitat/Réparation,320000,24,Aval d'un tiers,0.57,0
CSWA-01089,49,Femme,Urbaine,Veuf(ve),Aucun,2,Agriculture,9.0,177000,88000,121,0,221700,Régulière,2,61.8,9.0,1,14,1,Pret en cours ailleurs,1,117000,Equipement/Matériel,193000,36,Caution solidaire,0.59,0
CSWA-01090,25,Femme,Urbaine,Marié(e),Primaire,5,Fonctionnaire,3.3,162000,101000,145,0,210300,Régulière,0,,,1,6,1,Pret en cours ailleurs,1,59000,Fonds de commerce,868000,12,Caution solidaire,1.16,0
CSWA-01091,42,Femme,Rurale,Marié(e),Primaire,2,Restauration/Transformation,7.9,51000,27000,172,1,98200,Aucune épargne,0,,,1,7,1,Bon payeur ailleurs (solde sans incident),0,0,Fonds de commerce,55000,6,Caution solidaire,0.73,0
CSWA-01092,40,Femme,Rurale,Marié(e),Secondaire,1,Artisanat,6.3,32000,14000,170,0,39200,Irrégulière,3,79.2,2.0,0,0,0,Non consulté,0,0,Equipement/Matériel,144000,12,Caution solidaire,0.86,0
CSWA-01093,58,Femme,Semi-urbaine,Célibataire,Aucun,1,Commerce informel,7.2,63000,34000,155,0,8300,Irrégulière,0,,,1,7,1,Jamais emprunté ailleurs,0,0,Intrants agricoles,176000,24,Caution solidaire,0.67,0
CSWA-01094,37,Femme,Semi-urbaine,Marié(e),Secondaire,3,Agriculture,11.3,45000,31000,54,0,14800,Irrégulière,1,82.1,8.0,1,10,1,Pret en cours ailleurs,3,300000,Santé,69000,18,Aval d'un tiers,1.38,0
CSWA-01095,34,Femme,Rurale,Marié(e),Primaire,3,Autre service,3.5,40000,23000,122,1,16800,Régulière,0,,,0,0,1,Incident de paiement signale ailleurs,0,0,Fonds de commerce,178000,12,Caution solidaire,0.99,1
CSWA-01096,22,Homme,Urbaine,Célibataire,Supérieur,3,Restauration/Transformation,3.2,68000,43000,125,1,41300,Aucune épargne,2,74.5,1.0,1,8,1,Jamais emprunté ailleurs,0,0,Intrants agricoles,184000,9,Aval d'un tiers,0.97,0
CSWA-01097,58,Homme,Rurale,Marié(e),Secondaire,6,Commerce informel,6.7,151000,124000,123,0,67300,Irrégulière,1,62.8,2.0,1,7,1,Incident de paiement signale ailleurs,0,0,Elevage,176000,24,Caution solidaire,0.88,0
CSWA-01098,54,Homme,Urbaine,Célibataire,Primaire,4,Restauration/Transformation,3.7,135000,98000,151,1,196400,Irrégulière,3,78.7,7.0,1,9,1,Bon payeur ailleurs (solde sans incident),0,0,Education,262000,9,Aucune,0.97,0
CSWA-01099,20,Homme,Urbaine,Marié(e),Secondaire,6,Commerce informel,1.8,40000,30000,141,0,78200,Irrégulière,2,74.3,8.0,1,5,1,Bon payeur ailleurs (solde sans incident),0,0,Fonds de commerce,123000,12,Caution solidaire,1.04,0
CSWA-01100,39,Homme,Urbaine,Marié(e),Aucun,6,Agriculture,2.5,82000,41000,73,1,14900,Irrégulière,6,56.0,4.0,1,10,1,Jamais emprunté ailleurs,0,0,Santé,139000,12,Caution solidaire,0.66,0
CSWA-01101,41,Femme,Urbaine,Célibataire,Secondaire,2,Commerce informel,17.5,102000,62000,40,0,24600,Irrégulière,0,,,1,6,1,Jamais emprunté ailleurs,0,0,Santé,447000,9,Bien matériel,1.15,0
CSWA-01102,41,Homme,Urbaine,Marié(e),Primaire,4,Salarié secteur formel,6.0,175000,91000,101,1,80000,Régulière,1,86.7,1.0,1,8,1,Bon payeur ailleurs (solde sans incident),0,0,Elevage,625000,24,Bien matériel,0.69,0
CSWA-01103,62,Femme,Rurale,Célibataire,Secondaire,2,Restauration/Transformation,8.0,195000,115000,107,1,42200,Régulière,2,78.8,6.0,0,0,1,Jamais emprunté ailleurs,0,0,Fonds de commerce,963000,18,Aval d'un tiers,0.9,0
CSWA-01104,26,Femme,Urbaine,Marié(e),Aucun,3,Elevage,4.9,42000,17000,124,1,32200,Irrégulière,1,93.2,17.0,1,8,1,Pret en cours ailleurs,1,111000,Equipement/Matériel,82000,36,Aucune,0.7,0
CSWA-01105,33,Femme,Urbaine,Veuf(ve),Primaire,4,Agriculture,10.6,50000,30000,10,0,6000,Régulière,0,,,1,5,1,Bon payeur ailleurs (solde sans incident),0,0,Elevage,166000,24,Caution solidaire,0.75,0
CSWA-01106,27,Femme,Urbaine,Marié(e),Secondaire,4,Salarié secteur formel,1.0,93000,57000,15,0,6100,Aucune épargne,2,88.9,8.0,1,10,1,Jamais emprunté ailleurs,0,0,Fonds de commerce,98000,6,Caution solidaire,0.81,0
CSWA-01107,30,Homme,Rurale,Célibataire,Primaire,4,Commerce informel,13.6,99000,63000,132,0,54200,Irrégulière,0,,,1,5,0,Non consulté,0,0,Santé,187000,24,Aval d'un tiers,0.72,0
CSWA-01108,61,Femme,Rurale,Marié(e),Aucun,3,Commerce informel,5.9,20000,9000,112,1,31200,Irrégulière,0,,,1,8,1,Bon payeur ailleurs (solde sans incident),0,0,Evénement social,61000,9,Bien matériel,0.83,0
CSWA-01109,63,Homme,Urbaine,Marié(e),Primaire,3,Salarié secteur formel,3.7,59000,27000,131,0,75900,Irrégulière,1,86.0,4.0,1,4,1,Incident de paiement signale ailleurs,0,0,Elevage,94000,36,Caution solidaire,0.51,0
CSWA-01110,21,Femme,Urbaine,Marié(e),Secondaire,5,Salarié secteur formel,12.5,81000,43000,98,1,35600,Régulière,2,74.2,8.0,1,5,1,Jamais emprunté ailleurs,0,0,Intrants agricoles,335000,12,Aval d'un tiers,0.92,0
CSWA-01111,48,Homme,Semi-urbaine,Marié(e),Aucun,1,Commerce informel,7.7,81000,50000,149,0,9600,Aucune épargne,0,,,1,1,1,Pret en cours ailleurs,2,376000,Habitat/Réparation,174000,12,Caution solidaire,1.23,0
CSWA-01112,29,Homme,Rurale,Marié(e),Primaire,3,Commerce informel,5.4,252000,131000,56,0,209800,Régulière,1,86.7,8.0,1,10,1,Pret en cours ailleurs,2,57000,Equipement/Matériel,479000,12,Bien matériel,0.72,0
CSWA-01113,28,Femme,Rurale,Marié(e),Supérieur,4,Restauration/Transformation,2.0,133000,94000,95,0,185100,Irrégulière,1,64.5,5.0,0,0,0,Non consulté,0,0,Equipement/Matériel,688000,9,Aucune,1.35,1
CSWA-01114,32,Femme,Rurale,Marié(e),Supérieur,3,Commerce informel,5.5,41000,26000,180,0,74900,Régulière,1,94.3,1.0,1,16,0,Non consulté,0,0,Fonds de commerce,48000,12,Caution solidaire,0.74,0
CSWA-01115,28,Femme,Semi-urbaine,Célibataire,Aucun,5,Artisanat,6.4,64000,26000,176,1,24400,Aucune épargne,2,90.8,1.0,0,0,1,Jamais emprunté ailleurs,0,0,Equipement/Matériel,183000,6,Aval d'un tiers,0.94,0
CSWA-01116,42,Femme,Semi-urbaine,Marié(e),Primaire,3,Restauration/Transformation,6.9,50000,23000,15,0,8200,Irrégulière,1,79.9,1.0,1,9,1,Jamais emprunté ailleurs,0,0,Evénement social,103000,6,Aucune,0.84,0
CSWA-01117,65,Homme,Rurale,Marié(e),Aucun,4,Artisanat,3.4,165000,108000,23,1,26500,Aucune épargne,2,64.6,5.0,1,7,1,Jamais emprunté ailleurs,0,0,Fonds de commerce,873000,18,Aval d'un tiers,0.98,0
CSWA-01118,46,Femme,Rurale,Marié(e),Supérieur,0,Agriculture,3.4,24000,15000,172,0,4200,Aucune épargne,2,69.5,4.0,1,13,1,Bon payeur ailleurs (solde sans incident),0,0,Santé,122000,9,Aucune,1.26,0
CSWA-01119,52,Homme,Urbaine,Marié(e),Primaire,6,Transport,2.4,63000,33000,104,1,14800,Régulière,0,,,1,10,1,Bon payeur ailleurs (solde sans incident),0,0,Intrants agricoles,300000,24,Bien matériel,0.75,0
CSWA-01120,42,Homme,Rurale,Célibataire,Primaire,3,Fonctionnaire,3.6,110000,48000,115,1,11900,Irrégulière,1,86.9,7.0,1,7,0,Non consulté,0,0,Fonds de commerce,460000,12,Aval d'un tiers,0.83,0
CSWA-01121,19,Homme,Rurale,Veuf(ve),Aucun,4,Restauration/Transformation,8.5,42000,34000,3,0,1000,Irrégulière,1,89.3,3.0,1,4,1,Jamais emprunté ailleurs,0,0,Education,35000,6,Aucune,0.96,1
CSWA-01122,22,Homme,Urbaine,Marié(e),Primaire,4,Agriculture,15.4,201000,116000,11,0,18700,Irrégulière,1,34.8,0.0,1,10,1,Incident de paiement signale ailleurs,0,0,Equipement/Matériel,455000,9,Aucune,0.86,1
CSWA-01123,31,Homme,Semi-urbaine,Célibataire,Aucun,8,Autre service,4.9,34000,16000,126,1,47700,Irrégulière,1,86.7,8.0,0,0,1,Jamais emprunté ailleurs,0,0,Evénement social,94000,24,Caution solidaire,0.6,0
CSWA-01124,30,Femme,Semi-urbaine,Marié(e),Secondaire,2,Agriculture,7.0,42000,30000,33,1,20300,Régulière,2,90.9,5.0,0,0,1,Jamais emprunté ailleurs,0,0,Equipement/Matériel,113000,18,Caution solidaire,0.88,0
CSWA-01125,58,Homme,Urbaine,Divorcé(e),Primaire,1,Commerce informel,2.3,194000,93000,141,0,404000,Irrégulière,0,,,0,0,1,Jamais emprunté ailleurs,0,0,Intrants agricoles,225000,9,Bien matériel,0.62,0
CSWA-01126,58,Homme,Semi-urbaine,Marié(e),Primaire,4,Commerce informel,2.4,77000,37000,141,0,133000,Irrégulière,0,,,1,10,1,Bon payeur ailleurs (solde sans incident),0,0,Fonds de commerce,208000,18,Caution solidaire,0.65,0
CSWA-01127,59,Femme,Urbaine,Marié(e),Secondaire,2,Agriculture,10.3,73000,56000,173,0,13300,Régulière,2,71.7,4.0,1,6,1,Jamais emprunté ailleurs,0,0,Fonds de commerce,176000,18,Aval d'un tiers,0.92,0
CSWA-01128,48,Homme,Rurale,Marié(e),Aucun,1,Commerce informel,0.8,57000,46000,36,1,14300,Irrégulière,1,75.0,2.0,1,9,0,Non consulté,0,0,Habitat/Réparation,73000,9,Aval d'un tiers,0.97,0
CSWA-01129,45,Femme,Semi-urbaine,Marié(e),Aucun,3,Transport,7.8,81000,47000,69,1,5900,Régulière,0,,,1,10,1,Pret en cours ailleurs,1,98000,Intrants agricoles,395000,18,Caution solidaire,0.99,0
CSWA-01130,49,Femme,Urbaine,Célibataire,Primaire,4,Commerce informel,8.0,64000,43000,9,0,5600,Aucune épargne,1,56.5,8.0,0,0,1,Incident de paiement signale ailleurs,0,0,Habitat/Réparation,276000,6,Caution solidaire,1.48,1
CSWA-01131,38,Femme,Rurale,Marié(e),Secondaire,2,Agriculture,10.5,54000,29000,97,1,13800,Régulière,1,79.1,6.0,1,12,1,Incident de paiement signale ailleurs,0,0,Education,136000,6,Caution solidaire,1.01,1
CSWA-01132,50,Femme,Rurale,Marié(e),Aucun,4,Salarié secteur formel,7.2,161000,107000,99,0,158900,Régulière,1,94.9,2.0,0,0,1,Jamais emprunté ailleurs,0,0,Intrants agricoles,826000,12,Bien matériel,1.14,0
CSWA-01133,56,Homme,Urbaine,Marié(e),Secondaire,4,Commerce informel,1.9,83000,59000,19,1,6400,Régulière,0,,,1,14,1,Bon payeur ailleurs (solde sans incident),0,0,Intrants agricoles,211000,12,Caution solidaire,0.95,0
CSWA-01134,54,Homme,Rurale,Divorcé(e),Primaire,7,Artisanat,11.8,58000,41000,180,1,103300,Aucune épargne,2,87.3,4.0,1,9,1,Jamais emprunté ailleurs,0,0,Evénement social,70000,12,Caution solidaire,0.82,0
CSWA-01135,47,Femme,Urbaine,Célibataire,Primaire,4,Fonctionnaire,4.0,102000,38000,105,1,118400,Irrégulière,2,89.0,4.0,1,10,0,Non consulté,0,0,Intrants agricoles,443000,9,Bien matériel,0.91,0
CSWA-01136,21,Femme,Rurale,Veuf(ve),Primaire,5,Commerce informel,11.3,116000,46000,69,0,36500,Régulière,2,81.1,12.0,1,7,1,Bon payeur ailleurs (solde sans incident),0,0,Santé,100000,3,Caution solidaire,0.72,0
CSWA-01137,53,Femme,Urbaine,Veuf(ve),Aucun,2,Agriculture,9.9,61000,43000,144,1,130700,Régulière,1,91.2,7.0,1,8,1,Bon payeur ailleurs (solde sans incident),0,0,Elevage,243000,12,Caution solidaire,1.08,0
CSWA-01138,36,Homme,Urbaine,Veuf(ve),Aucun,1,Commerce informel,7.1,76000,47000,80,1,22600,Irrégulière,1,75.4,12.0,0,0,1,Jamais emprunté ailleurs,0,0,Fonds de commerce,334000,6,Caution solidaire,1.44,0
CSWA-01139,53,Femme,Rurale,Marié(e),Secondaire,2,Restauration/Transformation,10.0,203000,167000,131,0,46900,Aucune épargne,0,,,1,7,1,Pret en cours ailleurs,3,77000,Fonds de commerce,399000,24,Caution solidaire,0.95,0
CSWA-01140,44,Homme,Urbaine,Marié(e),Primaire,4,Agriculture,12.8,100000,40000,140,0,124600,Régulière,4,89.7,6.0,1,4,1,Pret en cours ailleurs,1,534000,Elevage,250000,18,Aval d'un tiers,1.04,0
CSWA-01141,60,Homme,Rurale,Marié(e),Primaire,0,Fonctionnaire,7.7,110000,93000,149,0,104300,Aucune épargne,5,93.8,6.0,1,4,1,Jamais emprunté ailleurs,0,0,Education,288000,12,Bien matériel,1.09,0
CSWA-01142,34,Homme,Rurale,Marié(e),Supérieur,5,Restauration/Transformation,9.3,44000,18000,108,1,59500,Irrégulière,2,34.1,0.0,1,7,0,Non consulté,0,0,Fonds de commerce,88000,18,Aval d'un tiers,0.53,0
CSWA-01143,62,Femme,Semi-urbaine,Célibataire,Aucun,6,Artisanat,3.1,75000,27000,54,1,32000,Irrégulière,2,77.5,2.0,1,10,1,Jamais emprunté ailleurs,0,0,Fonds de commerce,271000,12,Aucune,0.7,0
CSWA-01144,58,Homme,Urbaine,Marié(e),Primaire,3,Fonctionnaire,8.9,103000,82000,49,0,20600,Régulière,0,,,0,0,1,Jamais emprunté ailleurs,0,0,Fonds de commerce,556000,36,Caution solidaire,0.96,0
CSWA-01145,34,Femme,Semi-urbaine,Marié(e),Primaire,3,Commerce informel,3.0,58000,35000,178,1,82800,Régulière,0,,,1,6,1,Jamais emprunté ailleurs,0,0,Intrants agricoles,286000,9,Bien matériel,1.22,0
CSWA-01146,41,Femme,Rurale,Célibataire,Aucun,3,Transport,6.6,79000,39000,99,0,101700,Irrégulière,0,,,1,8,1,Jamais emprunté ailleurs,0,0,Fonds de commerce,125000,6,Caution solidaire,0.79,0
CSWA-01147,43,Femme,Urbaine,Marié(e),Supérieur,5,Restauration/Transformation,3.7,58000,37000,100,0,22100,Irrégulière,3,82.3,1.0,1,14,1,Jamais emprunté ailleurs,0,0,Fonds de commerce,254000,12,Aucune,1.05,0
CSWA-01148,55,Femme,Semi-urbaine,Marié(e),Supérieur,6,Restauration/Transformation,4.3,65000,35000,83,0,11400,Irrégulière,1,70.0,10.0,1,5,1,Jamais emprunté ailleurs,0,0,Fonds de commerce,73000,12,Bien matériel,0.64,0
CSWA-01149,51,Femme,Rurale,Marié(e),Primaire,3,Artisanat,13.8,40000,34000,102,0,53600,Régulière,3,55.7,0.0,1,11,1,Bon payeur ailleurs (solde sans incident),0,0,Intrants agricoles,139000,24,Caution solidaire,1.01,0
CSWA-01150,59,Homme,Rurale,Célibataire,Supérieur,3,Commerce informel,5.8,91000,67000,3,0,10600,Régulière,2,80.5,4.0,1,5,1,Pret en cours ailleurs,2,222000,Equipement/Matériel,445000,9,Aval d'un tiers,1.56,1
CSWA-01151,36,Homme,Rurale,Marié(e),Aucun,2,Transport,6.6,85000,58000,110,0,119700,Aucune épargne,4,83.8,13.0,1,13,1,Jamais emprunté ailleurs,0,0,Education,222000,12,Aucune,0.93,0
CSWA-01152,42,Femme,Rurale,Marié(e),Supérieur,3,Artisanat,9.1,176000,90000,20,1,15300,Régulière,2,99.0,2.0,1,10,1,Jamais emprunté ailleurs,0,0,Intrants agricoles,437000,18,Aucune,0.67,0
CSWA-01153,39,Homme,Semi-urbaine,Marié(e),Secondaire,4,Transport,6.3,83000,30000,100,1,99700,Régulière,3,90.9,1.0,0,0,1,Jamais emprunté ailleurs,0,0,Education,348000,18,Aucune,0.62,0
CSWA-01154,61,Homme,Rurale,Célibataire,Aucun,1,Salarié secteur formel,8.8,172000,129000,109,1,76900,Régulière,3,53.4,1.0,1,13,0,Non consulté,0,0,Elevage,472000,6,Aval d'un tiers,1.26,0
CSWA-01155,33,Homme,Semi-urbaine,Marié(e),Primaire,2,Artisanat,9.3,173000,65000,171,0,279200,Régulière,1,87.9,4.0,1,8,0,Non consulté,0,0,Elevage,917000,6,Caution solidaire,1.37,0
CSWA-01156,46,Homme,Rurale,Marié(e),Secondaire,3,Autre service,4.1,95000,39000,27,0,5400,Irrégulière,1,85.9,7.0,1,11,1,Jamais emprunté ailleurs,0,0,Education,335000,6,Aucune,1.07,1
CSWA-01157,24,Homme,Semi-urbaine,Veuf(ve),Primaire,3,Commerce informel,2.7,87000,56000,158,0,89200,Irrégulière,1,84.6,5.0,1,9,1,Jamais emprunté ailleurs,0,0,Fonds de commerce,231000,3,Caution solidaire,1.63,0
CSWA-01158,58,Homme,Semi-urbaine,Veuf(ve),Primaire,2,Commerce informel,6.3,77000,56000,139,0,146000,Irrégulière,2,77.0,24.0,1,13,1,Jamais emprunté ailleurs,0,0,Equipement/Matériel,236000,12,Caution solidaire,1.01,0
CSWA-01159,37,Femme,Urbaine,Marié(e),Secondaire,3,Agriculture,4.3,85000,47000,138,0,7300,Irrégulière,0,,,1,10,1,Jamais emprunté ailleurs,0,0,Intrants agricoles,138000,18,Caution solidaire,0.65,0
CSWA-01160,35,Homme,Urbaine,Marié(e),Aucun,1,Commerce informel,9.8,48000,31000,89,1,11100,Régulière,0,,,1,8,1,Jamais emprunté ailleurs,0,0,Evénement social,46000,6,Aval d'un tiers,0.82,0
CSWA-01161,46,Femme,Rurale,Marié(e),Aucun,2,Artisanat,4.4,74000,62000,152,0,109200,Régulière,2,78.1,0.0,0,0,1,Incident de paiement signale ailleurs,0,0,Education,102000,6,Bien matériel,1.09,0
CSWA-01162,42,Femme,Rurale,Célibataire,Aucun,4,Commerce informel,12.7,69000,34000,16,1,13200,Irrégulière,0,,,1,9,1,Jamais emprunté ailleurs,0,0,Equipement/Matériel,280000,6,Aucune,1.25,0
CSWA-01163,58,Homme,Rurale,Marié(e),Secondaire,3,Restauration/Transformation,13.0,95000,35000,88,0,56400,Régulière,3,97.4,1.0,0,0,1,Bon payeur ailleurs (solde sans incident),0,0,Equipement/Matériel,519000,6,Caution solidaire,1.39,0
CSWA-01164,43,Femme,Semi-urbaine,Veuf(ve),Primaire,5,Fonctionnaire,12.1,123000,57000,172,0,243600,Régulière,3,83.5,5.0,0,0,1,Bon payeur ailleurs (solde sans incident),0,0,Intrants agricoles,453000,12,Aucune,0.81,0
CSWA-01165,43,Femme,Semi-urbaine,Célibataire,Primaire,2,Transport,8.3,132000,76000,107,1,206300,Régulière,0,,,0,0,0,Non consulté,0,0,Equipement/Matériel,463000,6,Bien matériel,1.23,0
CSWA-01166,23,Femme,Rurale,Marié(e),Aucun,0,Agriculture,3.8,103000,76000,151,0,163800,Régulière,2,69.0,3.0,0,0,1,Bon payeur ailleurs (solde sans incident),0,0,Habitat/Réparation,530000,6,Aval d'un tiers,1.7,0
CSWA-01167,20,Homme,Rurale,Marié(e),Aucun,0,Autre service,4.8,30000,17000,103,1,21100,Régulière,4,77.7,5.0,1,1,1,Jamais emprunté ailleurs,0,0,Equipement/Matériel,67000,36,Bien matériel,0.64,0
CSWA-01168,37,Homme,Urbaine,Veuf(ve),Secondaire,3,Transport,8.3,61000,39000,116,0,67800,Aucune épargne,2,52.1,4.0,1,11,1,Incident de paiement signale ailleurs,0,0,Santé,301000,18,Caution solidaire,0.95,1
CSWA-01169,65,Homme,Rurale,Célibataire,Aucun,8,Transport,5.4,29000,18000,129,0,18100,Régulière,2,67.2,2.0,1,9,1,Jamais emprunté ailleurs,0,0,Intrants agricoles,159000,18,Caution solidaire,0.96,0
CSWA-01170,62,Femme,Urbaine,Célibataire,Secondaire,3,Commerce informel,5.2,141000,84000,135,1,33000,Aucune épargne,1,78.0,9.0,0,0,1,Jamais emprunté ailleurs,0,0,Fonds de commerce,156000,18,Bien matériel,0.66,0
CSWA-01171,48,Femme,Rurale,Marié(e),Primaire,2,Restauration/Transformation,12.4,73000,31000,79,0,14200,Régulière,1,45.3,4.0,1,10,1,Pret en cours ailleurs,1,228000,Education,346000,18,Caution solidaire,1.0,1
CSWA-01172,48,Femme,Rurale,Célibataire,Secondaire,2,Commerce informel,2.3,72000,28000,120,1,58300,Régulière,3,90.3,5.0,0,0,0,Non consulté,0,0,Intrants agricoles,363000,3,Caution solidaire,2.27,0
CSWA-01173,37,Femme,Rurale,Célibataire,Primaire,3,Commerce informel,8.6,53000,24000,62,0,14700,Irrégulière,0,,,1,11,0,Non consulté,0,0,Habitat/Réparation,86000,18,Bien matériel,0.55,0
CSWA-01174,27,Femme,Rurale,Divorcé(e),Secondaire,1,Commerce informel,7.9,156000,76000,3,1,1400,Régulière,1,70.0,5.0,0,0,1,Bon payeur ailleurs (solde sans incident),0,0,Fonds de commerce,207000,6,Caution solidaire,0.73,0
CSWA-01175,19,Femme,Urbaine,Marié(e),Aucun,2,Restauration/Transformation,6.5,82000,36000,19,0,9200,Aucune épargne,2,81.4,1.0,1,10,1,Jamais emprunté ailleurs,0,0,Habitat/Réparation,325000,12,Aucune,0.81,1
CSWA-01176,34,Homme,Urbaine,Marié(e),Secondaire,4,Commerce informel,2.9,73000,33000,112,0,104900,Irrégulière,2,94.6,4.0,1,8,1,Pret en cours ailleurs,1,227000,Fonds de commerce,329000,12,Caution solidaire,1.15,1
CSWA-01177,33,Femme,Urbaine,Marié(e),Aucun,0,Agriculture,4.9,83000,54000,107,0,13500,Aucune épargne,2,77.5,20.0,1,10,1,Jamais emprunté ailleurs,0,0,Fonds de commerce,454000,3,Aucune,2.69,0
CSWA-01178,28,Homme,Semi-urbaine,Célibataire,Aucun,6,Restauration/Transformation,6.5,87000,50000,45,0,53100,Régulière,0,,,1,8,1,Jamais emprunté ailleurs,0,0,Fonds de commerce,95000,18,Aucune,0.64,0
CSWA-01179,31,Homme,Semi-urbaine,Veuf(ve),Primaire,2,Agriculture,2.7,72000,34000,80,1,15400,Régulière,1,77.9,0.0,1,9,1,Jamais emprunté ailleurs,0,0,Equipement/Matériel,342000,3,Caution solidaire,2.25,0
CSWA-01180,20,Femme,Urbaine,Marié(e),Aucun,3,Agriculture,11.1,156000,73000,171,0,188500,Aucune épargne,2,83.9,2.0,1,8,1,Bon payeur ailleurs (solde sans incident),0,0,Fonds de commerce,367000,6,Bien matériel,0.91,0
CSWA-01181,47,Femme,Urbaine,Marié(e),Primaire,2,Salarié secteur formel,6.0,137000,58000,147,0,269900,Régulière,2,70.8,1.0,1,7,1,Jamais emprunté ailleurs,0,0,Education,348000,12,Caution solidaire,0.66,0
CSWA-01182,62,Homme,Rurale,Marié(e),Secondaire,4,Fonctionnaire,5.7,178000,124000,74,0,19300,Régulière,1,94.3,7.0,1,8,1,Bon payeur ailleurs (solde sans incident),0,0,Elevage,526000,9,Caution solidaire,1.06,0
CSWA-01183,51,Femme,Rurale,Marié(e),Secondaire,1,Salarié secteur formel,8.9,129000,76000,99,0,113800,Irrégulière,0,,,0,0,1,Bon payeur ailleurs (solde sans incident),0,0,Fonds de commerce,654000,24,Caution solidaire,0.83,0
CSWA-01184,40,Homme,Urbaine,Veuf(ve),Primaire,3,Restauration/Transformation,14.0,93000,63000,127,0,134200,Régulière,1,93.4,5.0,1,6,1,Pret en cours ailleurs,1,99000,Equipement/Matériel,267000,24,Aucune,0.91,0
CSWA-01185,38,Homme,Urbaine,Marié(e),Supérieur,3,Commerce informel,4.8,56000,30000,129,0,63500,Irrégulière,1,54.9,10.0,1,12,1,Bon payeur ailleurs (solde sans incident),0,0,Equipement/Matériel,130000,9,Caution solidaire,0.82,1
CSWA-01186,33,Homme,Rurale,Marié(e),Primaire,4,Commerce informel,2.5,170000,67000,27,0,4300,Aucune épargne,1,92.7,0.0,1,6,1,Jamais emprunté ailleurs,0,0,Santé,447000,18,Bien matériel,0.56,0
CSWA-01187,25,Femme,Urbaine,Veuf(ve),Aucun,4,Elevage,14.9,184000,140000,51,1,78300,Irrégulière,1,71.5,8.0,0,0,0,Non consulté,0,0,Intrants agricoles,562000,24,Caution solidaire,0.9,0
CSWA-01188,47,Femme,Urbaine,Marié(e),Secondaire,4,Fonctionnaire,6.9,215000,80000,86,0,46200,Régulière,0,,,1,11,1,Jamais emprunté ailleurs,0,0,Fonds de commerce,568000,12,Caution solidaire,0.62,0
CSWA-01189,45,Homme,Urbaine,Marié(e),Aucun,5,Commerce informel,18.2,41000,22000,163,1,41900,Aucune épargne,1,70.1,1.0,1,10,1,Bon payeur ailleurs (solde sans incident),0,0,Elevage,209000,3,Caution solidaire,2.44,0
CSWA-01190,19,Homme,Rurale,Marié(e),Aucun,2,Commerce informel,12.9,60000,39000,19,0,4100,Aucune épargne,0,,,0,0,0,Non consulté,0,0,Education,328000,24,Caution solidaire,0.9,1
CSWA-01191,38,Homme,Rurale,Marié(e),Aucun,2,Transport,3.5,70000,48000,131,1,104800,Irrégulière,2,86.6,1.0,1,11,1,Pret en cours ailleurs,1,56000,Elevage,130000,12,Caution solidaire,0.93,0
CSWA-01192,32,Homme,Urbaine,Marié(e),Primaire,3,Artisanat,5.3,49000,29000,74,0,44100,Irrégulière,3,50.6,2.0,1,13,1,Pret en cours ailleurs,1,243000,Santé,58000,9,Aucune,1.19,1
CSWA-01193,27,Femme,Rurale,Célibataire,Primaire,5,Agriculture,0.8,66000,49000,73,0,16200,Irrégulière,2,89.0,2.0,1,8,1,Bon payeur ailleurs (solde sans incident),0,0,Fonds de commerce,167000,6,Aucune,1.22,1
CSWA-01194,52,Femme,Rurale,Marié(e),Primaire,5,Salarié secteur formel,3.8,94000,55000,101,1,92500,Régulière,1,24.8,12.0,0,0,1,Bon payeur ailleurs (solde sans incident),0,0,Fonds de commerce,336000,9,Caution solidaire,1.03,0
CSWA-01195,43,Femme,Semi-urbaine,Célibataire,Primaire,3,Artisanat,2.2,104000,80000,36,0,45600,Régulière,1,79.7,1.0,1,5,0,Non consulté,0,0,Santé,201000,6,Bien matériel,1.13,0
CSWA-01196,48,Homme,Semi-urbaine,Marié(e),Secondaire,5,Fonctionnaire,4.0,139000,66000,114,0,106600,Régulière,3,89.0,7.0,1,11,1,Bon payeur ailleurs (solde sans incident),0,0,Fonds de commerce,699000,6,Aucune,1.41,0
CSWA-01197,52,Femme,Urbaine,Marié(e),Supérieur,3,Agriculture,1.7,77000,45000,89,0,94500,Régulière,2,89.1,9.0,1,8,1,Pret en cours ailleurs,1,91000,Fonds de commerce,329000,9,Caution solidaire,1.22,0
CSWA-01198,65,Homme,Semi-urbaine,Marié(e),Aucun,5,Agriculture,3.3,66000,24000,72,0,16800,Régulière,1,77.6,3.0,1,7,1,Pret en cours ailleurs,1,476000,Education,84000,6,Aucune,1.25,0
CSWA-01199,56,Homme,Rurale,Marié(e),Aucun,6,Commerce informel,3.9,38000,24000,27,0,2200,Régulière,0,,,0,0,1,Jamais emprunté ailleurs,0,0,Education,134000,12,Bien matériel,0.96,0
CSWA-01200,48,Femme,Rurale,Marié(e),Primaire,1,Agriculture,5.7,94000,52000,29,1,7000,Régulière,2,79.0,1.0,1,8,1,Jamais emprunté ailleurs,0,0,Education,406000,18,Aval d'un tiers,0.82,0
CSWA-01201,60,Femme,Urbaine,Célibataire,Aucun,1,Commerce informel,2.0,61000,42000,37,1,31000,Régulière,2,96.1,3.0,1,10,1,Pret en cours ailleurs,1,101000,Education,299000,6,Aval d'un tiers,1.75,0
CSWA-01202,41,Femme,Urbaine,Marié(e),Primaire,5,Commerce informel,11.3,69000,50000,119,1,77400,Irrégulière,4,57.0,5.0,1,11,1,Jamais emprunté ailleurs,0,0,Intrants agricoles,365000,9,Caution solidaire,1.38,0
CSWA-01203,65,Femme,Urbaine,Célibataire,Secondaire,1,Commerce informel,3.8,57000,32000,71,1,8300,Régulière,1,84.9,4.0,1,8,1,Bon payeur ailleurs (solde sans incident),0,0,Intrants agricoles,104000,9,Caution solidaire,0.79,0
CSWA-01204,54,Femme,Semi-urbaine,Marié(e),Secondaire,3,Elevage,7.1,58000,38000,3,1,3200,Aucune épargne,3,83.2,12.0,0,0,1,Jamais emprunté ailleurs,0,0,Equipement/Matériel,270000,3,Caution solidaire,2.39,1
CSWA-01205,49,Femme,Rurale,Marié(e),Aucun,2,Commerce informel,3.7,116000,83000,158,1,88500,Irrégulière,0,,,0,0,1,Jamais emprunté ailleurs,0,0,Habitat/Réparation,305000,18,Aucune,0.88,0
CSWA-01206,61,Homme,Rurale,Marié(e),Secondaire,4,Commerce informel,6.0,75000,58000,146,0,144500,Aucune épargne,2,80.7,5.0,1,9,1,Jamais emprunté ailleurs,0,0,Fonds de commerce,248000,18,Bien matériel,0.98,1
CSWA-01207,43,Homme,Rurale,Marié(e),Secondaire,0,Agriculture,5.6,184000,74000,127,1,129300,Régulière,3,70.9,0.0,1,8,0,Non consulté,0,0,Equipement/Matériel,200000,6,Caution solidaire,0.6,0
CSWA-01208,52,Homme,Urbaine,Célibataire,Secondaire,1,Commerce informel,11.6,42000,26000,122,1,8100,Régulière,3,98.3,12.0,1,7,0,Non consulté,0,0,Equipement/Matériel,119000,12,Caution solidaire,0.88,0
CSWA-01209,32,Homme,Urbaine,Célibataire,Primaire,1,Commerce informel,5.0,155000,126000,118,0,9000,Irrégulière,1,88.4,3.0,1,10,0,Non consulté,0,0,Santé,244000,18,Caution solidaire,0.91,0
CSWA-01210,64,Homme,Rurale,Marié(e),Secondaire,3,Autre service,5.2,59000,29000,140,0,72000,Irrégulière,0,,,1,10,1,Bon payeur ailleurs (solde sans incident),0,0,Fonds de commerce,160000,12,Caution solidaire,0.74,0
CSWA-01211,48,Homme,Rurale,Marié(e),Secondaire,3,Elevage,2.8,76000,50000,167,0,32300,Régulière,1,84.5,4.0,0,0,1,Pret en cours ailleurs,2,439000,Intrants agricoles,387000,12,Caution solidaire,1.65,0
CSWA-01212,55,Femme,Semi-urbaine,Célibataire,Aucun,3,Transport,1.6,102000,50000,176,1,267400,Aucune épargne,3,29.2,13.0,1,8,1,Bon payeur ailleurs (solde sans incident),0,0,Elevage,331000,9,Caution solidaire,0.89,0
CSWA-01213,40,Femme,Rurale,Marié(e),Secondaire,3,Commerce informel,6.9,137000,103000,52,0,97100,Irrégulière,3,75.8,1.0,1,7,1,Bon payeur ailleurs (solde sans incident),0,0,Intrants agricoles,222000,3,Aucune,1.36,0
CSWA-01214,59,Femme,Rurale,Marié(e),Secondaire,2,Elevage,7.0,140000,101000,59,1,65700,Aucune épargne,2,82.2,10.0,1,10,1,Jamais emprunté ailleurs,0,0,Elevage,292000,6,Caution solidaire,1.11,0
CSWA-01215,22,Homme,Semi-urbaine,Marié(e),Aucun,6,Commerce informel,6.5,138000,114000,31,1,45300,Irrégulière,2,68.7,3.0,1,8,1,Incident de paiement signale ailleurs,0,0,Equipement/Matériel,556000,12,Caution solidaire,1.2,1
CSWA-01216,24,Femme,Urbaine,Marié(e),Primaire,1,Agriculture,10.0,69000,48000,96,1,21500,Irrégulière,3,82.2,6.0,1,12,1,Pret en cours ailleurs,1,244000,Evénement social,303000,6,Aucune,1.83,0
CSWA-01217,42,Homme,Rurale,Veuf(ve),Primaire,3,Salarié secteur formel,5.7,130000,77000,75,0,6100,Régulière,1,48.7,12.0,1,9,1,Jamais emprunté ailleurs,0,0,Equipement/Matériel,451000,36,Bien matériel,0.7,0
CSWA-01218,53,Homme,Rurale,Marié(e),Secondaire,3,Salarié secteur formel,4.4,112000,70000,114,1,9200,Régulière,1,88.1,5.0,0,0,1,Jamais emprunté ailleurs,0,0,Habitat/Réparation,561000,3,Aval d'un tiers,2.49,0
CSWA-01219,57,Homme,Urbaine,Marié(e),Aucun,5,Elevage,6.4,20000,15000,112,0,19400,Régulière,2,58.6,3.0,1,9,0,Non consulté,0,0,Equipement/Matériel,43000,18,Aval d'un tiers,0.88,0
CSWA-01220,39,Homme,Urbaine,Célibataire,Primaire,3,Commerce informel,5.1,80000,58000,106,1,23900,Régulière,2,88.5,1.0,1,11,1,Bon payeur ailleurs (solde sans incident),0,0,Equipement/Matériel,169000,6,Aucune,1.12,0
CSWA-01221,49,Homme,Urbaine,Marié(e),Aucun,2,Restauration/Transformation,2.1,64000,26000,3,1,6200,Aucune épargne,2,70.0,1.0,1,10,1,Bon payeur ailleurs (solde sans incident),0,0,Fonds de commerce,265000,12,Aval d'un tiers,0.79,0
CSWA-01222,44,Femme,Urbaine,Célibataire,Secondaire,3,Artisanat,10.6,67000,33000,115,0,81900,Régulière,0,,,1,6,1,Jamais emprunté ailleurs,0,0,Habitat/Réparation,266000,9,Aval d'un tiers,0.99,0
CSWA-01223,64,Femme,Rurale,Marié(e),Secondaire,2,Elevage,3.7,112000,77000,27,1,43700,Aucune épargne,2,75.4,3.0,1,7,1,Incident de paiement signale ailleurs,0,0,Habitat/Réparation,375000,24,Bien matériel,0.84,1
CSWA-01224,49,Femme,Urbaine,Marié(e),Primaire,1,Elevage,5.3,94000,38000,170,0,186200,Aucune épargne,1,70.3,8.0,1,8,1,Jamais emprunté ailleurs,0,0,Fonds de commerce,269000,9,Bien matériel,0.76,0
CSWA-01225,38,Homme,Rurale,Marié(e),Primaire,5,Elevage,4.0,55000,37000,7,0,4300,Régulière,2,88.0,8.0,0,0,1,Jamais emprunté ailleurs,0,0,Habitat/Réparation,84000,18,Caution solidaire,0.77,0
CSWA-01226,64,Femme,Urbaine,Marié(e),Primaire,1,Agriculture,11.6,181000,141000,88,0,86100,Régulière,1,74.3,19.0,1,13,1,Jamais emprunté ailleurs,0,0,Fonds de commerce,995000,36,Caution solidaire,0.95,1
CSWA-01227,24,Femme,Urbaine,Marié(e),Primaire,4,Elevage,4.1,39000,21000,72,0,40400,Aucune épargne,2,86.8,0.0,1,8,0,Non consulté,0,0,Fonds de commerce,146000,9,Caution solidaire,1.01,0
CSWA-01228,65,Homme,Urbaine,Célibataire,Secondaire,4,Commerce informel,12.6,38000,17000,156,1,18200,Irrégulière,2,97.8,15.0,1,6,1,Incident de paiement signale ailleurs,0,0,Fonds de commerce,144000,9,Aval d'un tiers,0.92,0
CSWA-01229,26,Femme,Urbaine,Célibataire,Aucun,5,Artisanat,3.5,44000,34000,2,1,1300,Aucune épargne,1,90.5,2.0,1,11,1,Jamais emprunté ailleurs,0,0,Fonds de commerce,202000,6,Caution solidaire,1.63,0
CSWA-01230,32,Femme,Semi-urbaine,Célibataire,Secondaire,2,Elevage,8.6,101000,60000,114,1,110300,Irrégulière,2,46.7,13.0,1,11,1,Jamais emprunté ailleurs,0,0,Fonds de commerce,193000,6,Caution solidaire,0.95,0
CSWA-01231,57,Femme,Urbaine,Marié(e),Secondaire,3,Agriculture,5.2,97000,74000,149,0,214000,Régulière,3,86.6,12.0,1,4,1,Bon payeur ailleurs (solde sans incident),0,0,Intrants agricoles,166000,12,Caution solidaire,0.92,0
CSWA-01232,53,Homme,Urbaine,Divorcé(e),Secondaire,3,Agriculture,1.9,51000,20000,141,0,11100,Irrégulière,1,62.4,6.0,1,9,1,Pret en cours ailleurs,3,204000,Santé,49000,12,Aucune,0.84,1
CSWA-01233,64,Femme,Urbaine,Marié(e),Aucun,7,Artisanat,12.4,57000,26000,53,1,44900,Régulière,1,70.1,23.0,0,0,1,Bon payeur ailleurs (solde sans incident),0,0,Fonds de commerce,258000,12,Aval d'un tiers,0.88,0
CSWA-01234,54,Homme,Urbaine,Célibataire,Primaire,4,Elevage,3.3,79000,28000,60,1,28900,Irrégulière,1,76.7,4.0,0,0,0,Non consulté,0,0,Equipement/Matériel,300000,36,Aucune,0.47,0
CSWA-01235,48,Homme,Rurale,Célibataire,Aucun,3,Commerce informel,4.5,44000,25000,39,0,16700,Régulière,0,,,1,11,1,Jamais emprunté ailleurs,0,0,Equipement/Matériel,234000,24,Aval d'un tiers,0.82,0
CSWA-01236,35,Homme,Semi-urbaine,Marié(e),Supérieur,3,Agriculture,6.8,123000,97000,60,0,76500,Irrégulière,2,93.8,0.0,1,9,1,Bon payeur ailleurs (solde sans incident),0,0,Elevage,209000,9,Bien matériel,1.0,0
CSWA-01237,19,Femme,Urbaine,Marié(e),Secondaire,2,Commerce informel,2.5,187000,126000,77,1,122400,Aucune épargne,2,85.8,14.0,1,10,1,Jamais emprunté ailleurs,0,0,Fonds de commerce,819000,12,Aval d'un tiers,1.08,1
CSWA-01238,24,Homme,Rurale,Célibataire,Secondaire,2,Agriculture,3.7,72000,26000,169,1,167900,Régulière,0,,,1,11,1,Jamais emprunté ailleurs,0,0,Elevage,68000,12,Caution solidaire,0.45,0
CSWA-01239,32,Homme,Rurale,Célibataire,Secondaire,4,Elevage,5.0,96000,35000,161,1,78400,Régulière,0,,,1,8,1,Bon payeur ailleurs (solde sans incident),0,0,Fonds de commerce,98000,6,Bien matériel,0.56,0
CSWA-01240,20,Homme,Semi-urbaine,Marié(e),Aucun,8,Agriculture,1.8,84000,60000,150,1,140100,Irrégulière,1,92.1,2.0,1,12,1,Jamais emprunté ailleurs,0,0,Elevage,248000,6,Aucune,1.27,0
CSWA-01241,42,Femme,Rurale,Célibataire,Primaire,7,Agriculture,6.4,168000,67000,73,1,101800,Régulière,1,94.8,1.0,1,9,0,Non consulté,0,0,Fonds de commerce,783000,9,Caution solidaire,0.98,0
CSWA-01242,55,Femme,Urbaine,Marié(e),Secondaire,3,Commerce informel,2.3,230000,106000,92,0,245000,Régulière,5,74.2,13.0,1,8,1,Bon payeur ailleurs (solde sans incident),0,0,Fonds de commerce,994000,24,Aucune,0.66,0
CSWA-01243,64,Femme,Rurale,Marié(e),Aucun,6,Agriculture,8.5,65000,45000,91,1,77000,Régulière,2,88.5,2.0,1,10,0,Non consulté,0,0,Intrants agricoles,217000,36,Aval d'un tiers,0.8,0
CSWA-01244,42,Homme,Semi-urbaine,Célibataire,Supérieur,1,Commerce informel,10.7,80000,38000,83,0,40300,Régulière,0,,,1,9,1,Incident de paiement signale ailleurs,0,0,Habitat/Réparation,358000,9,Aval d'un tiers,1.03,0
CSWA-01245,60,Homme,Rurale,Célibataire,Secondaire,4,Autre service,8.8,127000,76000,36,1,2200,Régulière,3,52.0,2.0,1,10,1,Jamais emprunté ailleurs,0,0,Elevage,645000,3,Bien matériel,2.49,0
CSWA-01246,65,Femme,Semi-urbaine,Marié(e),Supérieur,6,Artisanat,9.5,96000,53000,46,0,52500,Irrégulière,1,66.1,4.0,0,0,1,Pret en cours ailleurs,3,183000,Equipement/Matériel,173000,6,Bien matériel,1.06,0
CSWA-01247,59,Homme,Semi-urbaine,Marié(e),Secondaire,4,Artisanat,4.8,48000,25000,105,1,11500,Aucune épargne,0,,,1,11,1,Jamais emprunté ailleurs,0,0,Evénement social,166000,12,Aval d'un tiers,0.84,0
CSWA-01248,40,Femme,Urbaine,Marié(e),Aucun,2,Commerce informel,2.2,29000,14000,38,1,4900,Régulière,4,81.0,0.0,0,0,1,Incident de paiement signale ailleurs,0,0,Elevage,109000,24,Aval d'un tiers,0.66,0
CSWA-01249,34,Femme,Semi-urbaine,Marié(e),Primaire,1,Fonctionnaire,10.4,74000,41000,14,1,9100,Régulière,1,98.9,13.0,1,8,1,Bon payeur ailleurs (solde sans incident),0,0,Fonds de commerce,368000,6,Caution solidaire,1.48,0
CSWA-01250,64,Femme,Rurale,Marié(e),Aucun,1,Artisanat,3.7,95000,42000,41,0,12000,Régulière,0,,,0,0,0,Non consulté,0,0,Intrants agricoles,119000,6,Aval d'un tiers,0.68,1
CSWA-01251,30,Femme,Rurale,Marié(e),Secondaire,4,Agriculture,5.5,64000,53000,164,0,135200,Régulière,4,92.4,17.0,1,6,1,Jamais emprunté ailleurs,0,0,Fonds de commerce,78000,9,Caution solidaire,0.98,0
CSWA-01252,38,Femme,Rurale,Célibataire,Aucun,3,Restauration/Transformation,3.0,44000,22000,170,0,33500,Irrégulière,0,,,1,6,1,Bon payeur ailleurs (solde sans incident),0,0,Habitat/Réparation,175000,6,Aucune,1.24,0
CSWA-01253,22,Homme,Semi-urbaine,Marié(e),Secondaire,4,Agriculture,2.7,57000,41000,10,1,2900,Irrégulière,1,98.9,27.0,0,0,1,Jamais emprunté ailleurs,0,0,Equipement/Matériel,272000,12,Caution solidaire,1.16,0
CSWA-01254,56,Femme,Rurale,Marié(e),Aucun,3,Fonctionnaire,6.7,95000,47000,48,0,49900,Régulière,2,78.7,16.0,1,10,1,Incident de paiement signale ailleurs,0,0,Habitat/Réparation,233000,3,Caution solidaire,1.41,0
CSWA-01255,49,Homme,Rurale,Marié(e),Aucun,4,Commerce informel,5.9,43000,21000,145,0,12700,Irrégulière,1,67.1,6.0,1,8,1,Pret en cours ailleurs,2,357000,Evénement social,143000,12,Caution solidaire,1.54,1
CSWA-01256,22,Femme,Urbaine,Marié(e),Aucun,5,Salarié secteur formel,1.8,145000,86000,81,1,117600,Régulière,1,84.3,4.0,1,10,1,Pret en cours ailleurs,1,225000,Fonds de commerce,485000,12,Bien matériel,1.04,0
CSWA-01257,29,Homme,Rurale,Marié(e),Secondaire,2,Autre service,3.8,60000,43000,39,1,1700,Irrégulière,2,74.7,1.0,1,10,1,Jamais emprunté ailleurs,0,0,Education,172000,6,Aucune,1.25,0
CSWA-01258,45,Homme,Semi-urbaine,Marié(e),Aucun,0,Elevage,15.1,232000,82000,123,0,298000,Régulière,2,63.9,13.0,1,8,1,Pret en cours ailleurs,2,208000,Fonds de commerce,359000,6,Aucune,0.72,0
CSWA-01259,44,Femme,Rurale,Marié(e),Aucun,4,Salarié secteur formel,7.9,90000,39000,118,0,65400,Aucune épargne,2,49.0,5.0,1,19,1,Jamais emprunté ailleurs,0,0,Equipement/Matériel,488000,3,Caution solidaire,2.46,0
CSWA-01260,56,Homme,Urbaine,Marié(e),Aucun,2,Commerce informel,3.6,51000,38000,117,0,68800,Régulière,3,83.6,5.0,1,11,1,Bon payeur ailleurs (solde sans incident),0,0,Santé,229000,36,Caution solidaire,0.88,0
CSWA-01261,31,Homme,Semi-urbaine,Marié(e),Primaire,4,Artisanat,4.4,82000,43000,70,0,6200,Régulière,4,73.5,5.0,0,0,1,Jamais emprunté ailleurs,0,0,Equipement/Matériel,183000,24,Aval d'un tiers,0.63,0
CSWA-01262,62,Femme,Semi-urbaine,Veuf(ve),Supérieur,2,Agriculture,5.8,87000,68000,139,1,165400,Régulière,0,,,1,11,1,Pret en cours ailleurs,1,227000,Equipement/Matériel,324000,18,Aval d'un tiers,1.25,0
CSWA-01263,39,Homme,Rurale,Marié(e),Primaire,2,Agriculture,4.4,147000,61000,44,0,35100,Régulière,0,,,1,2,1,Incident de paiement signale ailleurs,0,0,Habitat/Réparation,319000,12,Caution solidaire,0.62,0
CSWA-01264,57,Femme,Urbaine,Marié(e),Aucun,2,Agriculture,11.9,139000,105000,69,1,57900,Irrégulière,2,92.9,0.0,0,0,1,Bon payeur ailleurs (solde sans incident),0,0,Fonds de commerce,730000,12,Caution solidaire,1.25,0
CSWA-01265,30,Homme,Rurale,Marié(e),Aucun,3,Artisanat,7.6,54000,36000,163,1,25100,Irrégulière,2,79.7,7.0,1,9,1,Jamais emprunté ailleurs,0,0,Evénement social,203000,18,Bien matériel,0.9,0
CSWA-01266,20,Homme,Urbaine,Marié(e),Aucun,2,Artisanat,8.8,94000,41000,60,1,12500,Irrégulière,1,52.1,4.0,1,10,1,Bon payeur ailleurs (solde sans incident),0,0,Habitat/Réparation,391000,12,Aval d'un tiers,0.82,0
CSWA-01267,21,Homme,Urbaine,Marié(e),Primaire,1,Commerce informel,9.3,72000,26000,22,0,1800,Régulière,0,,,1,7,1,Bon payeur ailleurs (solde sans incident),0,0,Habitat/Réparation,203000,6,Aucune,0.89,0
CSWA-01268,36,Femme,Rurale,Célibataire,Aucun,1,Agriculture,7.6,62000,49000,91,0,10800,Régulière,0,,,1,14,1,Pret en cours ailleurs,1,55000,Habitat/Réparation,53000,6,Caution solidaire,1.03,0
CSWA-01269,63,Femme,Semi-urbaine,Marié(e),Aucun,4,Commerce informel,8.2,138000,68000,122,1,142500,Régulière,0,,,0,0,1,Jamais emprunté ailleurs,0,0,Elevage,379000,6,Caution solidaire,1.01,0
CSWA-01270,21,Homme,Urbaine,Marié(e),Aucun,8,Artisanat,11.6,91000,43000,115,1,115300,Aucune épargne,2,75.9,7.0,0,0,1,Bon payeur ailleurs (solde sans incident),0,0,Education,305000,9,Caution solidaire,0.89,0
CSWA-01271,36,Femme,Semi-urbaine,Marié(e),Primaire,2,Commerce informel,8.4,190000,84000,47,0,16300,Régulière,1,99.5,2.0,0,0,0,Non consulté,0,0,Education,987000,6,Aval d'un tiers,1.41,0
CSWA-01272,24,Femme,Semi-urbaine,Marié(e),Secondaire,4,Agriculture,2.6,103000,54000,180,0,41300,Aucune épargne,1,69.9,7.0,1,6,1,Jamais emprunté ailleurs,0,0,Santé,186000,18,Aval d'un tiers,0.64,0
CSWA-01273,62,Femme,Urbaine,Divorcé(e),Aucun,4,Autre service,14.0,132000,81000,134,1,29400,Aucune épargne,3,76.6,1.0,0,0,1,Bon payeur ailleurs (solde sans incident),0,0,Fonds de commerce,580000,24,Aval d'un tiers,0.82,0
CSWA-01274,50,Femme,Urbaine,Marié(e),Secondaire,0,Autre service,1.5,20000,12000,106,0,15900,Régulière,1,96.2,6.0,1,8,1,Pret en cours ailleurs,1,93000,Fonds de commerce,30000,3,Bien matériel,1.58,0
CSWA-01275,54,Femme,Rurale,Marié(e),Secondaire,2,Elevage,7.4,83000,64000,134,0,39800,Aucune épargne,2,69.9,10.0,1,17,1,Bon payeur ailleurs (solde sans incident),0,0,Elevage,301000,12,Bien matériel,1.11,0
CSWA-01276,52,Femme,Semi-urbaine,Marié(e),Secondaire,4,Commerce informel,6.2,100000,45000,139,0,34400,Irrégulière,1,77.3,18.0,1,8,1,Pret en cours ailleurs,1,185000,Equipement/Matériel,337000,6,Caution solidaire,1.25,1
CSWA-01277,49,Femme,Rurale,Marié(e),Aucun,1,Artisanat,4.2,106000,77000,104,0,71700,Régulière,1,83.3,8.0,1,7,1,Bon payeur ailleurs (solde sans incident),0,0,Habitat/Réparation,446000,12,Caution solidaire,1.12,0
CSWA-01278,55,Femme,Rurale,Marié(e),Secondaire,3,Elevage,9.4,186000,150000,167,0,280200,Irrégulière,2,32.3,3.0,0,0,0,Non consulté,0,0,Intrants agricoles,737000,18,Aucune,1.05,0
CSWA-01279,19,Homme,Rurale,Marié(e),Secondaire,4,Commerce informel,5.2,111000,41000,52,1,17000,Irrégulière,2,90.8,14.0,1,7,1,Jamais emprunté ailleurs,0,0,Equipement/Matériel,533000,18,Bien matériel,0.67,0
CSWA-01280,59,Homme,Rurale,Marié(e),Supérieur,4,Autre service,7.7,41000,30000,1,1,4300,Régulière,0,,,1,5,1,Bon payeur ailleurs (solde sans incident),0,0,Evénement social,72000,9,Caution solidaire,0.95,0
CSWA-01281,53,Femme,Rurale,Marié(e),Secondaire,7,Agriculture,2.4,107000,52000,106,0,102900,Régulière,2,73.2,8.0,0,0,1,Bon payeur ailleurs (solde sans incident),0,0,Santé,272000,24,Caution solidaire,0.6,0
CSWA-01282,53,Homme,Urbaine,Marié(e),Aucun,1,Agriculture,10.3,126000,72000,46,0,66500,Irrégulière,3,67.3,3.0,0,0,1,Jamais emprunté ailleurs,0,0,Habitat/Réparation,433000,6,Bien matériel,1.21,0
CSWA-01283,37,Homme,Urbaine,Marié(e),Supérieur,2,Elevage,9.8,57000,22000,149,0,43900,Régulière,1,72.5,1.0,1,10,0,Non consulté,0,0,Habitat/Réparation,65000,12,Caution solidaire,0.49,0
CSWA-01284,56,Homme,Urbaine,Marié(e),Secondaire,0,Salarié secteur formel,5.7,129000,64000,1,0,7100,Aucune épargne,1,52.8,3.0,1,11,1,Pret en cours ailleurs,3,158000,Fonds de commerce,395000,12,Caution solidaire,0.89,1
CSWA-01285,36,Homme,Semi-urbaine,Veuf(ve),Aucun,4,Transport,3.1,122000,50000,142,0,254900,Aucune épargne,1,72.3,3.0,0,0,0,Non consulté,0,0,Fonds de commerce,497000,9,Caution solidaire,0.92,0
CSWA-01286,21,Femme,Semi-urbaine,Marié(e),Aucun,0,Commerce informel,10.7,80000,37000,163,0,120000,Irrégulière,2,85.9,7.0,1,5,1,Bon payeur ailleurs (solde sans incident),0,0,Equipement/Matériel,391000,3,Aucune,2.29,0
CSWA-01287,61,Femme,Semi-urbaine,Divorcé(e),Supérieur,2,Restauration/Transformation,1.6,145000,53000,167,0,61900,Irrégulière,1,69.2,2.0,1,9,1,Bon payeur ailleurs (solde sans incident),0,0,Equipement/Matériel,747000,18,Aval d'un tiers,0.69,0
CSWA-01288,30,Femme,Urbaine,Veuf(ve),Aucun,2,Salarié secteur formel,5.9,188000,154000,70,1,142300,Aucune épargne,4,86.4,0.0,1,14,1,Pret en cours ailleurs,2,197000,Fonds de commerce,682000,24,Caution solidaire,1.08,0
CSWA-01289,23,Homme,Rurale,Marié(e),Secondaire,2,Restauration/Transformation,4.8,24000,19000,148,1,39900,Régulière,3,53.0,1.0,1,6,1,Jamais emprunté ailleurs,0,0,Elevage,107000,12,Aval d'un tiers,1.21,0
CSWA-01290,48,Femme,Urbaine,Marié(e),Primaire,3,Commerce informel,7.3,82000,55000,105,0,124700,Aucune épargne,1,78.7,1.0,1,12,1,Jamais emprunté ailleurs,0,0,Habitat/Réparation,118000,9,Bien matériel,0.85,0
CSWA-01291,29,Homme,Urbaine,Célibataire,Secondaire,3,Elevage,4.7,64000,33000,5,0,4800,Régulière,3,65.4,18.0,1,5,1,Jamais emprunté ailleurs,0,0,Fonds de commerce,66000,6,Caution solidaire,0.71,0
CSWA-01292,59,Femme,Urbaine,Marié(e),Aucun,3,Salarié secteur formel,9.5,254000,209000,88,0,200700,Aucune épargne,2,78.0,2.0,1,8,1,Incident de paiement signale ailleurs,0,0,Equipement/Matériel,798000,3,Aucune,2.0,0
CSWA-01293,39,Femme,Semi-urbaine,Marié(e),Secondaire,3,Commerce informel,2.6,101000,84000,130,1,63200,Régulière,0,,,1,8,1,Jamais emprunté ailleurs,0,0,Equipement/Matériel,158000,12,Aucune,0.98,0
CSWA-01294,19,Femme,Urbaine,Marié(e),Primaire,3,Elevage,10.8,47000,35000,136,0,54300,Irrégulière,2,78.4,4.0,1,13,0,Non consulté,0,0,Fonds de commerce,209000,3,Aucune,2.4,0
CSWA-01295,63,Femme,Rurale,Marié(e),Supérieur,3,Restauration/Transformation,5.3,89000,61000,69,0,5500,Aucune épargne,0,,,1,6,1,Pret en cours ailleurs,1,243000,Habitat/Réparation,115000,3,Aval d'un tiers,1.41,0
CSWA-01296,43,Femme,Semi-urbaine,Célibataire,Aucun,5,Artisanat,4.1,107000,55000,67,0,89000,Irrégulière,2,65.2,18.0,1,9,1,Bon payeur ailleurs (solde sans incident),0,0,Fonds de commerce,125000,12,Aval d'un tiers,0.62,0
CSWA-01297,31,Femme,Rurale,Célibataire,Aucun,4,Commerce informel,7.2,102000,81000,117,1,125600,Régulière,2,89.8,3.0,1,6,1,Jamais emprunté ailleurs,0,0,Evénement social,218000,9,Bien matériel,1.06,0
CSWA-01298,50,Femme,Urbaine,Veuf(ve),Aucun,3,Commerce informel,9.2,136000,82000,3,0,12700,Régulière,2,79.8,2.0,1,11,1,Bon payeur ailleurs (solde sans incident),0,0,Fonds de commerce,337000,12,Caution solidaire,0.83,0
CSWA-01299,43,Femme,Semi-urbaine,Célibataire,Aucun,1,Artisanat,5.0,45000,30000,154,0,71500,Irrégulière,2,89.8,3.0,1,8,1,Bon payeur ailleurs (solde sans incident),0,0,Habitat/Réparation,236000,18,Bien matériel,0.99,0
CSWA-01300,20,Homme,Rurale,Célibataire,Supérieur,2,Commerce informel,5.3,73000,32000,65,1,16700,Régulière,0,,,1,11,1,Bon payeur ailleurs (solde sans incident),0,0,Intrants agricoles,382000,12,Bien matériel,0.93,0
CSWA-01301,54,Femme,Rurale,Marié(e),Aucun,5,Agriculture,3.4,23000,8000,106,0,2400,Aucune épargne,1,54.4,4.0,1,16,1,Bon payeur ailleurs (solde sans incident),0,0,Equipement/Matériel,120000,12,Caution solidaire,0.83,0
CSWA-01302,37,Homme,Rurale,Divorcé(e),Aucun,4,Agriculture,1.5,153000,129000,85,0,105000,Irrégulière,1,94.6,3.0,1,16,1,Jamais emprunté ailleurs,0,0,Intrants agricoles,217000,12,Caution solidaire,0.98,0
CSWA-01303,51,Homme,Semi-urbaine,Divorcé(e),Secondaire,2,Commerce informel,3.9,85000,56000,72,1,50500,Régulière,0,,,1,6,1,Jamais emprunté ailleurs,0,0,Equipement/Matériel,182000,24,Caution solidaire,0.76,0
CSWA-01304,61,Femme,Rurale,Célibataire,Aucun,1,Elevage,5.8,76000,53000,73,1,71300,Régulière,2,83.9,34.0,1,10,1,Incident de paiement signale ailleurs,0,0,Fonds de commerce,163000,12,Caution solidaire,0.9,1
CSWA-01305,47,Femme,Rurale,Célibataire,Aucun,3,Autre service,4.5,75000,28000,140,1,108000,Régulière,2,98.5,12.0,0,0,1,Pret en cours ailleurs,2,230000,Elevage,218000,12,Bien matériel,0.92,0
CSWA-01306,50,Homme,Rurale,Marié(e),Secondaire,1,Agriculture,4.5,105000,59000,50,0,27000,Aucune épargne,0,,,1,10,1,Bon payeur ailleurs (solde sans incident),0,0,Evénement social,168000,12,Aucune,0.71,0
CSWA-01307,30,Homme,Urbaine,Marié(e),Primaire,5,Commerce informel,2.6,143000,70000,172,0,195100,Irrégulière,2,81.6,0.0,1,7,1,Bon payeur ailleurs (solde sans incident),0,0,Fonds de commerce,601000,18,Aucune,0.75,0
CSWA-01308,30,Homme,Semi-urbaine,Veuf(ve),Secondaire,4,Commerce informel,2.9,69000,53000,18,1,10100,Irrégulière,4,88.5,0.0,0,0,1,Bon payeur ailleurs (solde sans incident),0,0,Santé,68000,24,Caution solidaire,0.81,0
CSWA-01309,38,Femme,Urbaine,Marié(e),Secondaire,1,Elevage,2.5,101000,60000,76,1,81400,Aucune épargne,4,56.2,2.0,1,11,1,Pret en cours ailleurs,1,91000,Equipement/Matériel,150000,6,Aucune,0.95,1
CSWA-01310,59,Homme,Rurale,Marié(e),Aucun,1,Agriculture,5.9,101000,55000,6,0,10300,Régulière,1,49.4,6.0,1,9,0,Non consulté,0,0,Intrants agricoles,411000,6,Caution solidaire,1.3,1
CSWA-01311,43,Femme,Rurale,Marié(e),Primaire,4,Salarié secteur formel,7.3,126000,53000,71,1,83900,Régulière,0,,,1,11,1,Pret en cours ailleurs,2,88000,Elevage,259000,18,Aval d'un tiers,0.61,0
CSWA-01312,35,Femme,Urbaine,Marié(e),Secondaire,6,Artisanat,6.0,55000,30000,164,0,116000,Irrégulière,2,56.7,10.0,1,8,1,Incident de paiement signale ailleurs,0,0,Elevage,104000,36,Bien matériel,0.6,0
CSWA-01313,55,Femme,Rurale,Marié(e),Primaire,6,Agriculture,7.6,103000,55000,101,0,52200,Régulière,1,78.2,34.0,0,0,0,Non consulté,0,0,Habitat/Réparation,484000,6,Bien matériel,1.41,1
CSWA-01314,59,Femme,Rurale,Marié(e),Secondaire,0,Agriculture,2.8,159000,118000,12,1,23600,Régulière,4,76.0,2.0,1,7,1,Incident de paiement signale ailleurs,0,0,Fonds de commerce,344000,6,Caution solidaire,1.15,0
CSWA-01315,61,Homme,Urbaine,Marié(e),Primaire,8,Artisanat,5.6,171000,132000,123,0,17900,Irrégulière,0,,,1,9,1,Bon payeur ailleurs (solde sans incident),0,0,Habitat/Réparation,452000,12,Aval d'un tiers,1.02,0
CSWA-01316,33,Homme,Urbaine,Marié(e),Primaire,3,Commerce informel,4.1,41000,22000,72,0,37200,Irrégulière,2,81.8,2.0,1,7,0,Non consulté,0,0,Elevage,133000,6,Caution solidaire,1.14,0
CSWA-01317,52,Femme,Semi-urbaine,Marié(e),Secondaire,3,Agriculture,5.1,140000,78000,23,0,15700,Régulière,0,,,1,4,1,Bon payeur ailleurs (solde sans incident),0,0,Santé,345000,12,Bien matériel,0.79,1
CSWA-01318,46,Homme,Semi-urbaine,Marié(e),Aucun,3,Commerce informel,1.9,143000,120000,15,1,22600,Irrégulière,0,,,1,9,1,Pret en cours ailleurs,1,550000,Intrants agricoles,449000,18,Bien matériel,1.38,0
CSWA-01319,40,Homme,Rurale,Célibataire,Primaire,3,Elevage,2.5,101000,54000,80,0,87000,Régulière,2,91.9,16.0,1,9,1,Jamais emprunté ailleurs,0,0,Habitat/Réparation,399000,6,Caution solidaire,1.27,0
CSWA-01320,37,Homme,Urbaine,Marié(e),Aucun,2,Artisanat,5.8,27000,18000,21,0,3300,Irrégulière,2,92.2,17.0,1,12,1,Jamais emprunté ailleurs,0,0,Fonds de commerce,48000,18,Caution solidaire,0.78,0
CSWA-01321,24,Homme,Urbaine,Marié(e),Secondaire,0,Salarié secteur formel,3.4,176000,73000,118,0,76800,Irrégulière,4,86.7,5.0,0,0,1,Pret en cours ailleurs,1,57000,Elevage,656000,3,Aucune,1.84,0
CSWA-01322,31,Femme,Urbaine,Marié(e),Primaire,1,Commerce informel,3.5,86000,49000,117,0,114600,Régulière,1,76.6,8.0,1,6,1,Bon payeur ailleurs (solde sans incident),0,0,Elevage,439000,12,Caution solidaire,1.05,0
CSWA-01323,44,Femme,Rurale,Marié(e),Primaire,5,Fonctionnaire,4.8,206000,97000,159,0,158500,Irrégulière,0,,,1,10,1,Jamais emprunté ailleurs,0,0,Fonds de commerce,348000,12,Bien matériel,0.63,0
CSWA-01324,60,Femme,Semi-urbaine,Célibataire,Aucun,2,Elevage,7.4,25000,12000,167,1,21200,Irrégulière,2,98.5,23.0,1,9,1,Jamais emprunté ailleurs,0,0,Evénement social,48000,12,Aucune,0.66,0
CSWA-01325,59,Femme,Rurale,Marié(e),Supérieur,2,Restauration/Transformation,9.1,70000,33000,168,0,115100,Régulière,2,60.9,1.0,1,14,0,Non consulté,0,0,Evénement social,206000,3,Bien matériel,1.57,0
CSWA-01326,27,Femme,Urbaine,Marié(e),Primaire,2,Artisanat,1.6,48000,28000,63,1,31700,Régulière,2,91.3,2.0,1,10,1,Jamais emprunté ailleurs,0,0,Evénement social,177000,12,Caution solidaire,0.93,0
CSWA-01327,50,Homme,Semi-urbaine,Célibataire,Aucun,0,Salarié secteur formel,4.0,159000,79000,46,0,3000,Régulière,3,91.2,2.0,0,0,1,Incident de paiement signale ailleurs,0,0,Education,420000,12,Aval d'un tiers,0.74,0
CSWA-01328,22,Femme,Rurale,Marié(e),Aucun,3,Restauration/Transformation,6.2,105000,80000,135,1,109100,Aucune épargne,0,,,1,10,1,Bon payeur ailleurs (solde sans incident),0,0,Santé,500000,12,Caution solidaire,1.21,1
CSWA-01329,50,Femme,Urbaine,Célibataire,Primaire,3,Commerce informel,7.2,108000,62000,77,0,103200,Régulière,0,,,0,0,1,Incident de paiement signale ailleurs,0,0,Fonds de commerce,93000,12,Caution solidaire,0.65,0
CSWA-01330,35,Homme,Rurale,Divorcé(e),Aucun,4,Agriculture,8.6,66000,25000,141,0,58100,Irrégulière,1,89.3,4.0,1,7,1,Jamais emprunté ailleurs,0,0,Intrants agricoles,264000,12,Caution solidaire,0.75,0
CSWA-01331,40,Femme,Urbaine,Marié(e),Secondaire,5,Fonctionnaire,6.8,159000,91000,149,0,129900,Irrégulière,1,85.9,6.0,1,14,1,Bon payeur ailleurs (solde sans incident),0,0,Evénement social,703000,24,Caution solidaire,0.78,0
CSWA-01332,52,Homme,Semi-urbaine,Divorcé(e),Secondaire,2,Agriculture,3.6,77000,31000,116,0,84200,Irrégulière,2,71.0,6.0,1,9,1,Bon payeur ailleurs (solde sans incident),0,0,Elevage,263000,18,Aval d'un tiers,0.62,0
CSWA-01333,38,Homme,Urbaine,Marié(e),Aucun,4,Salarié secteur formel,6.1,119000,50000,85,0,31900,Régulière,0,,,0,0,1,Pret en cours ailleurs,1,148000,Habitat/Réparation,504000,3,Aucune,2.11,0
CSWA-01334,56,Homme,Rurale,Marié(e),Primaire,8,Salarié secteur formel,5.7,129000,54000,157,0,281700,Régulière,0,,,1,11,1,Jamais emprunté ailleurs,0,0,Intrants agricoles,537000,6,Caution solidaire,1.2,0
CSWA-01335,44,Homme,Rurale,Marié(e),Aucun,2,Agriculture,2.4,53000,40000,92,1,18300,Régulière,2,66.7,21.0,1,9,0,Non consulté,0,0,Habitat/Réparation,272000,3,Aucune,2.67,1
CSWA-01336,65,Homme,Semi-urbaine,Marié(e),Aucun,2,Salarié secteur formel,3.3,129000,73000,34,0,46200,Régulière,2,66.9,0.0,0,0,1,Jamais emprunté ailleurs,0,0,Intrants agricoles,408000,6,Bien matériel,1.16,0
CSWA-01337,48,Femme,Rurale,Marié(e),Primaire,1,Agriculture,6.6,127000,45000,20,1,26000,Irrégulière,1,97.9,5.0,1,6,0,Non consulté,0,0,Habitat/Réparation,417000,6,Aucune,0.97,0
CSWA-01338,32,Femme,Rurale,Marié(e),Aucun,4,Commerce informel,8.6,104000,63000,14,0,15700,Irrégulière,2,70.2,4.0,1,12,1,Bon payeur ailleurs (solde sans incident),0,0,Education,497000,12,Caution solidaire,1.05,0
CSWA-01339,55,Homme,Urbaine,Marié(e),Secondaire,3,Restauration/Transformation,3.9,193000,87000,19,0,46400,Régulière,1,49.0,3.0,0,0,1,Jamais emprunté ailleurs,0,0,Equipement/Matériel,603000,36,Aval d'un tiers,0.55,0
CSWA-01340,38,Femme,Semi-urbaine,Marié(e),Primaire,2,Salarié secteur formel,15.1,229000,162000,83,0,152100,Régulière,2,59.3,6.0,1,12,1,Jamais emprunté ailleurs,0,0,Santé,795000,6,Caution solidaire,1.36,1
CSWA-01341,44,Homme,Rurale,Marié(e),Aucun,2,Agriculture,0.7,159000,131000,107,1,231000,Irrégulière,1,91.7,5.0,1,13,0,Non consulté,0,0,Education,835000,12,Aucune,1.31,0
CSWA-01342,25,Femme,Urbaine,Marié(e),Supérieur,4,Commerce informel,5.4,54000,23000,97,1,48700,Régulière,1,66.8,3.0,1,8,1,Jamais emprunté ailleurs,0,0,Fonds de commerce,90000,12,Bien matériel,0.58,0
CSWA-01343,24,Homme,Semi-urbaine,Marié(e),Primaire,1,Artisanat,5.8,128000,62000,66,0,122200,Irrégulière,1,70.9,1.0,1,7,0,Non consulté,0,0,Santé,455000,6,Aucune,1.15,0
CSWA-01344,46,Homme,Urbaine,Marié(e),Aucun,4,Restauration/Transformation,9.6,86000,61000,67,1,9600,Irrégulière,3,89.7,5.0,0,0,0,Non consulté,0,0,Habitat/Réparation,156000,3,Bien matériel,1.39,0
CSWA-01345,27,Femme,Urbaine,Célibataire,Primaire,6,Restauration/Transformation,3.5,59000,39000,95,0,71200,Irrégulière,0,,,1,4,1,Bon payeur ailleurs (solde sans incident),0,0,Equipement/Matériel,287000,6,Aucune,1.57,0
CSWA-01346,65,Femme,Rurale,Marié(e),Supérieur,1,Agriculture,3.9,54000,41000,166,1,85500,Irrégulière,0,,,0,0,1,Jamais emprunté ailleurs,0,0,Elevage,255000,3,Aval d'un tiers,2.52,0
CSWA-01347,59,Femme,Urbaine,Célibataire,Primaire,5,Agriculture,4.0,94000,63000,131,1,164400,Aucune épargne,2,89.3,6.0,1,15,1,Jamais emprunté ailleurs,0,0,Fonds de commerce,467000,18,Aval d'un tiers,0.98,0
CSWA-01348,51,Femme,Rurale,Marié(e),Primaire,3,Artisanat,9.3,127000,57000,23,1,16000,Régulière,2,73.4,12.0,1,8,1,Jamais emprunté ailleurs,0,0,Education,440000,6,Aval d'un tiers,1.1,0
CSWA-01349,53,Femme,Urbaine,Marié(e),Primaire,3,Commerce informel,10.3,173000,133000,50,1,85700,Régulière,4,89.0,3.0,0,0,1,Pret en cours ailleurs,1,160000,Intrants agricoles,808000,12,Caution solidaire,1.29,0
CSWA-01350,46,Homme,Urbaine,Divorcé(e),Aucun,2,Salarié secteur formel,4.4,138000,59000,168,1,182300,Irrégulière,1,89.7,1.0,0,0,1,Jamais emprunté ailleurs,0,0,Intrants agricoles,422000,3,Bien matériel,1.57,0
CSWA-01351,21,Homme,Urbaine,Marié(e),Aucun,3,Commerce informel,3.0,111000,44000,156,0,199000,Régulière,1,94.2,3.0,1,4,1,Pret en cours ailleurs,1,132000,Elevage,404000,24,Aucune,0.67,0
CSWA-01352,37,Homme,Urbaine,Marié(e),Primaire,6,Elevage,3.1,72000,59000,77,1,55400,Régulière,2,65.3,7.0,0,0,1,Pret en cours ailleurs,1,195000,Fonds de commerce,275000,3,Caution solidaire,2.49,0
CSWA-01353,42,Homme,Semi-urbaine,Marié(e),Secondaire,3,Salarié secteur formel,2.1,96000,62000,47,1,60600,Aucune épargne,2,82.0,1.0,1,11,1,Bon payeur ailleurs (solde sans incident),0,0,Evénement social,369000,12,Caution solidaire,1.0,0
CSWA-01354,62,Homme,Rurale,Marié(e),Secondaire,4,Elevage,10.9,36000,19000,150,1,35800,Régulière,1,60.1,1.0,1,8,1,Bon payeur ailleurs (solde sans incident),0,0,Fonds de commerce,49000,18,Bien matériel,0.61,0
CSWA-01355,29,Femme,Rurale,Marié(e),Aucun,2,Transport,5.5,110000,53000,150,0,146400,Irrégulière,0,,,1,4,1,Jamais emprunté ailleurs,0,0,Intrants agricoles,432000,6,Aval d'un tiers,1.21,0
CSWA-01356,42,Homme,Rurale,Marié(e),Primaire,2,Commerce informel,9.1,102000,40000,69,1,90100,Régulière,1,97.4,2.0,1,7,1,Bon payeur ailleurs (solde sans incident),0,0,Elevage,113000,24,Caution solidaire,0.44,0
CSWA-01357,35,Femme,Rurale,Marié(e),Aucun,6,Agriculture,4.7,232000,146000,17,0,33600,Irrégulière,0,,,1,12,1,Bon payeur ailleurs (solde sans incident),0,0,Intrants agricoles,561000,9,Caution solidaire,0.93,0
CSWA-01358,25,Femme,Urbaine,Veuf(ve),Primaire,1,Restauration/Transformation,16.4,79000,62000,92,0,48000,Irrégulière,1,93.8,5.0,1,7,0,Non consulté,0,0,Elevage,192000,18,Aval d'un tiers,0.94,0
CSWA-01359,23,Femme,Urbaine,Marié(e),Secondaire,5,Salarié secteur formel,8.2,159000,110000,112,1,128000,Régulière,1,83.1,7.0,1,12,1,Incident de paiement signale ailleurs,0,0,Habitat/Réparation,534000,24,Caution solidaire,0.85,0
CSWA-01360,36,Femme,Rurale,Marié(e),Aucun,4,Restauration/Transformation,6.6,62000,45000,124,0,89700,Régulière,4,80.3,3.0,1,4,0,Non consulté,0,0,Fonds de commerce,252000,18,Caution solidaire,0.98,0
CSWA-01361,22,Homme,Rurale,Célibataire,Secondaire,1,Commerce informel,7.4,206000,134000,164,0,476900,Régulière,0,,,0,0,1,Jamais emprunté ailleurs,0,0,Habitat/Réparation,1023000,3,Caution solidaire,2.5,0
CSWA-01362,22,Homme,Semi-urbaine,Marié(e),Primaire,3,Commerce informel,2.9,179000,64000,86,0,51200,Irrégulière,1,77.8,7.0,1,5,1,Jamais emprunté ailleurs,0,0,Fonds de commerce,813000,6,Bien matériel,1.21,0
CSWA-01363,35,Femme,Semi-urbaine,Veuf(ve),Secondaire,4,Salarié secteur formel,4.0,108000,62000,164,1,70800,Régulière,3,72.1,3.0,0,0,0,Non consulté,0,0,Intrants agricoles,457000,18,Caution solidaire,0.84,1
CSWA-01364,28,Femme,Semi-urbaine,Marié(e),Secondaire,3,Artisanat,9.0,84000,31000,158,0,42000,Régulière,1,84.2,4.0,0,0,0,Non consulté,0,0,Habitat/Réparation,332000,36,Caution solidaire,0.49,0
CSWA-01365,45,Homme,Urbaine,Célibataire,Secondaire,3,Commerce informel,5.6,72000,28000,8,0,2000,Régulière,0,,,1,4,1,Bon payeur ailleurs (solde sans incident),0,0,Elevage,247000,6,Aval d'un tiers,1.03,0
CSWA-01366,19,Homme,Urbaine,Veuf(ve),Secondaire,1,Elevage,7.7,66000,29000,97,1,8000,Régulière,3,93.6,10.0,1,9,1,Jamais emprunté ailleurs,0,0,Equipement/Matériel,187000,9,Caution solidaire,0.79,0
CSWA-01367,33,Femme,Urbaine,Marié(e),Secondaire,5,Commerce informel,4.6,47000,37000,27,0,15300,Régulière,1,53.7,4.0,1,10,0,Non consulté,0,0,Intrants agricoles,154000,24,Caution solidaire,0.94,0
CSWA-01368,40,Femme,Semi-urbaine,Célibataire,Primaire,2,Commerce informel,5.1,105000,48000,4,0,5000,Irrégulière,1,90.0,32.0,1,4,1,Bon payeur ailleurs (solde sans incident),0,0,Equipement/Matériel,283000,12,Aucune,0.71,0
CSWA-01369,64,Homme,Semi-urbaine,Célibataire,Aucun,3,Fonctionnaire,10.5,169000,97000,8,0,10000,Irrégulière,0,,,1,18,1,Bon payeur ailleurs (solde sans incident),0,0,Habitat/Réparation,146000,18,Bien matériel,0.63,0
CSWA-01370,48,Femme,Semi-urbaine,Célibataire,Aucun,2,Artisanat,6.1,100000,79000,144,0,187600,Régulière,1,84.7,6.0,1,12,1,Bon payeur ailleurs (solde sans incident),0,0,Habitat/Réparation,127000,6,Caution solidaire,1.03,0
CSWA-01371,60,Femme,Urbaine,Marié(e),Secondaire,3,Commerce informel,6.3,89000,61000,156,1,191100,Irrégulière,0,,,1,13,1,Pret en cours ailleurs,3,172000,Education,115000,12,Caution solidaire,0.98,0
CSWA-01372,35,Homme,Semi-urbaine,Marié(e),Aucun,2,Salarié secteur formel,5.3,237000,99000,89,0,175700,Régulière,5,47.8,17.0,1,5,1,Jamais emprunté ailleurs,0,0,Habitat/Réparation,705000,6,Caution solidaire,0.97,0
CSWA-01373,40,Femme,Rurale,Marié(e),Supérieur,1,Autre service,4.3,145000,84000,178,1,45500,Régulière,1,78.0,5.0,0,0,1,Jamais emprunté ailleurs,0,0,Habitat/Réparation,298000,24,Aval d'un tiers,0.68,0
CSWA-01374,38,Homme,Semi-urbaine,Divorcé(e),Primaire,1,Salarié secteur formel,4.7,63000,46000,122,0,54000,Régulière,2,73.9,0.0,0,0,1,Bon payeur ailleurs (solde sans incident),0,0,Equipement/Matériel,228000,3,Aucune,2.08,0
CSWA-01375,60,Femme,Rurale,Marié(e),Secondaire,2,Restauration/Transformation,5.6,130000,74000,9,0,16100,Irrégulière,2,81.3,0.0,1,12,1,Bon payeur ailleurs (solde sans incident),0,0,Equipement/Matériel,557000,24,Caution solidaire,0.77,0
CSWA-01376,64,Femme,Urbaine,Marié(e),Primaire,2,Autre service,10.8,43000,20000,59,0,34400,Régulière,1,97.5,16.0,1,5,1,Pret en cours ailleurs,1,185000,Habitat/Réparation,150000,9,Aucune,1.29,0
CSWA-01377,64,Homme,Urbaine,Veuf(ve),Supérieur,6,Commerce informel,5.6,53000,36000,119,1,32200,Régulière,6,90.3,9.0,1,10,1,Bon payeur ailleurs (solde sans incident),0,0,Santé,219000,9,Aucune,1.19,0
CSWA-01378,54,Femme,Semi-urbaine,Marié(e),Aucun,2,Salarié secteur formel,9.6,110000,61000,126,1,202000,Aucune épargne,1,92.5,15.0,1,3,1,Jamais emprunté ailleurs,0,0,Fonds de commerce,572000,24,Aucune,0.8,0
CSWA-01379,42,Femme,Rurale,Marié(e),Primaire,1,Agriculture,3.1,92000,56000,129,0,60400,Régulière,1,72.1,9.0,1,8,1,Jamais emprunté ailleurs,0,0,Fonds de commerce,221000,3,Bien matériel,1.51,0
CSWA-01380,44,Femme,Urbaine,Marié(e),Secondaire,4,Commerce informel,7.1,76000,31000,131,1,122200,Irrégulière,2,92.6,4.0,1,9,1,Bon payeur ailleurs (solde sans incident),0,0,Evénement social,328000,18,Bien matériel,0.68,0
CSWA-01381,65,Homme,Urbaine,Célibataire,Aucun,2,Commerce informel,1.4,171000,137000,112,1,269400,Régulière,1,97.4,4.0,1,4,1,Bon payeur ailleurs (solde sans incident),0,0,Fonds de commerce,897000,18,Aucune,1.13,0
CSWA-01382,32,Femme,Urbaine,Marié(e),Aucun,3,Commerce informel,3.4,143000,116000,180,0,57600,Régulière,1,60.3,4.0,1,8,1,Jamais emprunté ailleurs,0,0,Habitat/Réparation,522000,6,Caution solidaire,1.49,0
CSWA-01383,35,Femme,Semi-urbaine,Marié(e),Secondaire,2,Transport,3.5,54000,27000,108,1,26900,Irrégulière,1,64.5,29.0,1,9,1,Pret en cours ailleurs,2,108000,Santé,292000,6,Aucune,1.69,0
CSWA-01384,61,Femme,Urbaine,Marié(e),Secondaire,3,Salarié secteur formel,4.1,137000,68000,66,0,77400,Régulière,1,93.3,20.0,0,0,1,Pret en cours ailleurs,1,82000,Intrants agricoles,142000,6,Caution solidaire,0.74,0
CSWA-01385,37,Homme,Urbaine,Marié(e),Aucun,2,Commerce informel,9.6,77000,34000,34,0,15000,Aucune épargne,2,77.8,2.0,1,13,1,Pret en cours ailleurs,2,75000,Fonds de commerce,134000,9,Bien matériel,0.75,0
CSWA-01386,30,Femme,Semi-urbaine,Marié(e),Primaire,5,Salarié secteur formel,1.5,119000,77000,40,0,70000,Régulière,3,80.1,2.0,1,7,1,Bon payeur ailleurs (solde sans incident),0,0,Fonds de commerce,638000,6,Bien matériel,1.65,0
CSWA-01387,45,Femme,Rurale,Marié(e),Aucun,1,Restauration/Transformation,10.3,69000,31000,78,0,33600,Irrégulière,5,83.3,6.0,1,7,1,Jamais emprunté ailleurs,0,0,Santé,141000,6,Bien matériel,0.83,0
CSWA-01388,34,Femme,Urbaine,Célibataire,Aucun,5,Commerce informel,1.4,114000,75000,87,1,125200,Aucune épargne,2,97.6,8.0,1,7,1,Pret en cours ailleurs,1,177000,Equipement/Matériel,153000,6,Bien matériel,1.05,0
CSWA-01389,60,Femme,Urbaine,Marié(e),Primaire,2,Restauration/Transformation,4.4,136000,112000,18,1,7900,Régulière,0,,,0,0,1,Jamais emprunté ailleurs,0,0,Fonds de commerce,156000,9,Bien matériel,0.97,1
CSWA-01390,61,Homme,Urbaine,Marié(e),Aucun,1,Commerce informel,4.6,35000,15000,125,1,64500,Irrégulière,1,70.9,6.0,1,2,1,Jamais emprunté ailleurs,0,0,Education,83000,12,Aval d'un tiers,0.65,0
CSWA-01391,33,Homme,Urbaine,Marié(e),Primaire,4,Commerce informel,12.2,211000,98000,72,0,167700,Irrégulière,1,79.7,9.0,1,7,1,Jamais emprunté ailleurs,0,0,Equipement/Matériel,607000,18,Aucune,0.64,0
CSWA-01392,43,Femme,Urbaine,Marié(e),Aucun,4,Elevage,8.0,53000,21000,87,1,2500,Aucune épargne,1,86.7,0.0,1,6,1,Incident de paiement signale ailleurs,0,0,Fonds de commerce,222000,12,Aucune,0.79,0
CSWA-01393,65,Femme,Urbaine,Célibataire,Secondaire,2,Fonctionnaire,14.5,151000,77000,124,0,53600,Régulière,1,80.6,3.0,1,10,1,Bon payeur ailleurs (solde sans incident),0,0,Intrants agricoles,257000,12,Caution solidaire,0.67,0
CSWA-01394,53,Homme,Rurale,Marié(e),Primaire,2,Commerce informel,15.8,58000,46000,156,1,16600,Régulière,1,52.2,5.0,1,9,1,Jamais emprunté ailleurs,0,0,Equipement/Matériel,164000,6,Caution solidaire,1.32,0
CSWA-01395,29,Femme,Semi-urbaine,Veuf(ve),Aucun,3,Agriculture,9.6,59000,21000,102,0,54200,Aucune épargne,0,,,1,9,1,Incident de paiement signale ailleurs,0,0,Elevage,188000,6,Caution solidaire,0.95,1
CSWA-01396,46,Femme,Semi-urbaine,Célibataire,Supérieur,5,Artisanat,3.4,61000,41000,174,1,133300,Irrégulière,1,61.3,6.0,1,12,1,Incident de paiement signale ailleurs,0,0,Evénement social,323000,6,Caution solidaire,1.66,0
CSWA-01397,48,Homme,Rurale,Célibataire,Secondaire,6,Restauration/Transformation,6.9,42000,23000,128,0,63700,Irrégulière,1,61.6,1.0,1,8,1,Jamais emprunté ailleurs,0,0,Intrants agricoles,141000,18,Caution solidaire,0.76,0
CSWA-01398,49,Homme,Urbaine,Célibataire,Aucun,5,Fonctionnaire,5.8,232000,118000,177,0,361900,Régulière,1,66.4,2.0,1,14,1,Jamais emprunté ailleurs,0,0,Elevage,759000,12,Aval d'un tiers,0.81,0
CSWA-01399,20,Femme,Semi-urbaine,Marié(e),Supérieur,7,Elevage,3.8,86000,38000,75,1,60500,Irrégulière,1,67.6,2.0,1,7,1,Jamais emprunté ailleurs,0,0,Equipement/Matériel,443000,12,Caution solidaire,0.92,0
CSWA-01400,33,Femme,Semi-urbaine,Divorcé(e),Aucun,3,Salarié secteur formel,9.3,138000,106000,23,0,45000,Aucune épargne,1,56.9,0.0,1,14,1,Pret en cours ailleurs,2,91000,Santé,623000,36,Bien matériel,0.97,0
CSWA-01401,59,Homme,Rurale,Célibataire,Aucun,3,Artisanat,2.1,141000,107000,44,1,43200,Irrégulière,1,69.0,18.0,0,0,1,Bon payeur ailleurs (solde sans incident),0,0,Education,415000,3,Caution solidaire,1.86,1
CSWA-01402,30,Femme,Urbaine,Marié(e),Primaire,3,Commerce informel,3.1,214000,79000,44,1,106800,Irrégulière,1,76.1,5.0,1,8,1,Bon payeur ailleurs (solde sans incident),0,0,Fonds de commerce,706000,18,Caution solidaire,0.57,0
CSWA-01403,33,Femme,Urbaine,Marié(e),Aucun,5,Artisanat,1.5,34000,22000,61,0,3600,Aucune épargne,1,54.0,6.0,1,12,1,Bon payeur ailleurs (solde sans incident),0,0,Fonds de commerce,176000,36,Caution solidaire,0.81,1
CSWA-01404,34,Femme,Rurale,Marié(e),Secondaire,1,Agriculture,2.8,197000,110000,54,1,16700,Irrégulière,0,,,1,10,1,Pret en cours ailleurs,1,176000,Fonds de commerce,329000,6,Caution solidaire,0.95,0
CSWA-01405,27,Femme,Rurale,Marié(e),Primaire,4,Restauration/Transformation,3.3,80000,28000,91,1,20800,Irrégulière,3,95.3,20.0,1,7,1,Incident de paiement signale ailleurs,0,0,Fonds de commerce,305000,9,Aucune,0.82,0
CSWA-01406,26,Femme,Urbaine,Marié(e),Secondaire,7,Commerce informel,5.0,38000,19000,168,1,91800,Régulière,2,86.1,5.0,0,0,0,Non consulté,0,0,Intrants agricoles,208000,12,Caution solidaire,1.01,0
CSWA-01407,35,Femme,Semi-urbaine,Célibataire,Aucun,3,Commerce informel,9.7,101000,45000,21,0,24300,Régulière,1,76.3,3.0,1,8,1,Jamais emprunté ailleurs,0,0,Evénement social,461000,24,Aval d'un tiers,0.66,0
CSWA-01408,60,Homme,Rurale,Marié(e),Aucun,3,Fonctionnaire,4.0,131000,96000,141,0,253100,Irrégulière,2,46.9,20.0,0,0,1,Bon payeur ailleurs (solde sans incident),0,0,Santé,684000,12,Caution solidaire,1.22,0
CSWA-01409,19,Femme,Rurale,Marié(e),Primaire,6,Fonctionnaire,9.8,95000,54000,103,1,52000,Aucune épargne,1,79.4,4.0,0,0,1,Bon payeur ailleurs (solde sans incident),0,0,Fonds de commerce,141000,9,Bien matériel,0.75,0
CSWA-01410,32,Homme,Urbaine,Marié(e),Aucun,5,Agriculture,15.6,88000,66000,22,1,5400,Régulière,1,89.1,0.0,1,15,1,Jamais emprunté ailleurs,0,0,Evénement social,212000,12,Caution solidaire,0.98,1
CSWA-01411,21,Femme,Semi-urbaine,Marié(e),Supérieur,4,Transport,10.6,98000,82000,144,0,17100,Irrégulière,2,64.6,5.0,1,9,1,Jamais emprunté ailleurs,0,0,Habitat/Réparation,401000,9,Caution solidaire,1.35,1
CSWA-01412,45,Homme,Rurale,Marié(e),Secondaire,1,Autre service,2.9,64000,35000,79,0,34200,Régulière,0,,,1,9,0,Non consulté,0,0,Fonds de commerce,78000,12,Bien matériel,0.66,1
CSWA-01413,30,Femme,Urbaine,Célibataire,Secondaire,2,Commerce informel,3.6,46000,29000,120,1,80500,Régulière,0,,,0,0,1,Jamais emprunté ailleurs,0,0,Education,174000,9,Bien matériel,1.1,0
CSWA-01414,56,Homme,Rurale,Marié(e),Secondaire,2,Artisanat,9.8,122000,102000,168,1,19500,Régulière,2,82.8,2.0,1,10,1,Pret en cours ailleurs,1,131000,Equipement/Matériel,649000,3,Caution solidaire,2.92,0
CSWA-01415,46,Homme,Rurale,Veuf(ve),Aucun,1,Commerce informel,3.5,61000,26000,27,0,22900,Régulière,4,80.1,0.0,0,0,0,Non consulté,0,0,Evénement social,161000,12,Caution solidaire,0.67,0
CSWA-01416,55,Homme,Semi-urbaine,Célibataire,Aucun,3,Transport,5.8,101000,38000,38,1,16800,Régulière,2,97.1,1.0,0,0,0,Non consulté,0,0,Education,458000,3,Caution solidaire,2.07,0
CSWA-01417,48,Femme,Urbaine,Célibataire,Primaire,4,Commerce informel,7.2,183000,107000,34,0,7300,Régulière,4,46.1,10.0,1,8,1,Bon payeur ailleurs (solde sans incident),0,0,Intrants agricoles,273000,12,Aucune,0.72,0
CSWA-01418,39,Femme,Semi-urbaine,Marié(e),Secondaire,4,Transport,8.3,74000,44000,100,0,21200,Irrégulière,4,80.2,20.0,1,12,1,Pret en cours ailleurs,1,214000,Education,224000,9,Caution solidaire,1.23,0
CSWA-01419,59,Homme,Rurale,Célibataire,Primaire,4,Commerce informel,6.3,119000,97000,177,0,37600,Régulière,2,54.8,11.0,1,7,1,Pret en cours ailleurs,1,173000,Equipement/Matériel,416000,36,Aucune,1.05,0
CSWA-01420,41,Femme,Urbaine,Veuf(ve),Aucun,5,Agriculture,2.5,79000,46000,125,0,101800,Irrégulière,2,87.5,9.0,1,7,1,Jamais emprunté ailleurs,0,0,Fonds de commerce,74000,24,Caution solidaire,0.63,0
CSWA-01421,63,Femme,Urbaine,Célibataire,Secondaire,2,Transport,4.3,66000,38000,106,0,100400,Régulière,2,85.5,4.0,1,7,1,Jamais emprunté ailleurs,0,0,Evénement social,220000,12,Bien matériel,0.89,0
CSWA-01422,65,Homme,Urbaine,Marié(e),Aucun,6,Commerce informel,10.6,34000,20000,12,0,6100,Régulière,2,90.9,2.0,1,9,1,Bon payeur ailleurs (solde sans incident),0,0,Fonds de commerce,146000,18,Caution solidaire,0.86,0
CSWA-01423,46,Femme,Urbaine,Célibataire,Primaire,5,Fonctionnaire,5.5,111000,64000,61,0,9300,Régulière,1,92.6,6.0,1,9,0,Non consulté,0,0,Santé,575000,12,Aucune,1.06,0
CSWA-01424,50,Homme,Rurale,Marié(e),Aucun,4,Commerce informel,13.7,74000,59000,78,0,48200,Irrégulière,1,70.0,6.0,1,10,1,Jamais emprunté ailleurs,0,0,Fonds de commerce,190000,12,Caution solidaire,1.04,0
CSWA-01425,31,Homme,Rurale,Marié(e),Primaire,5,Elevage,6.5,50000,33000,89,1,29900,Régulière,2,72.7,1.0,1,8,1,Jamais emprunté ailleurs,0,0,Elevage,176000,18,Aval d'un tiers,0.88,0
CSWA-01426,57,Femme,Urbaine,Célibataire,Primaire,2,Restauration/Transformation,3.2,26000,19000,166,0,19100,Aucune épargne,0,,,1,9,1,Bon payeur ailleurs (solde sans incident),0,0,Equipement/Matériel,138000,6,Caution solidaire,1.72,0
CSWA-01427,50,Homme,Semi-urbaine,Célibataire,Secondaire,2,Commerce informel,7.7,32000,14000,64,1,16900,Régulière,1,89.4,4.0,1,10,1,Incident de paiement signale ailleurs,0,0,Fonds de commerce,137000,12,Caution solidaire,0.84,0
CSWA-01428,61,Femme,Urbaine,Marié(e),Secondaire,5,Artisanat,10.9,216000,170000,3,1,7600,Régulière,4,60.5,17.0,1,16,1,Bon payeur ailleurs (solde sans incident),0,0,Fonds de commerce,931000,6,Caution solidaire,1.59,0
CSWA-01429,31,Femme,Rurale,Marié(e),Aucun,4,Elevage,6.0,83000,69000,76,0,24300,Régulière,2,25.6,1.0,1,10,1,Pret en cours ailleurs,1,334000,Equipement/Matériel,294000,18,Caution solidaire,1.41,0
CSWA-01430,56,Femme,Semi-urbaine,Veuf(ve),Secondaire,4,Artisanat,6.0,37000,31000,115,0,61000,Régulière,1,73.7,4.0,1,14,1,Bon payeur ailleurs (solde sans incident),0,0,Intrants agricoles,64000,24,Bien matériel,0.92,0
CSWA-01431,41,Femme,Semi-urbaine,Marié(e),Secondaire,3,Restauration/Transformation,6.9,58000,49000,69,0,45300,Régulière,3,78.5,7.0,1,16,1,Jamais emprunté ailleurs,0,0,Education,174000,12,Caution solidaire,1.12,0
CSWA-01432,27,Femme,Rurale,Marié(e),Secondaire,4,Agriculture,7.4,81000,57000,158,0,148000,Aucune épargne,0,,,1,7,1,Bon payeur ailleurs (solde sans incident),0,0,Habitat/Réparation,170000,9,Caution solidaire,0.97,0
CSWA-01433,27,Femme,Rurale,Célibataire,Supérieur,2,Commerce informel,3.6,103000,71000,144,0,116100,Régulière,1,90.0,4.0,1,16,1,Bon payeur ailleurs (solde sans incident),0,0,Fonds de commerce,191000,12,Bien matériel,0.86,0
CSWA-01434,45,Homme,Urbaine,Célibataire,Secondaire,4,Commerce informel,1.6,71000,27000,78,1,36400,Irrégulière,2,94.0,5.0,0,0,1,Jamais emprunté ailleurs,0,0,Intrants agricoles,240000,12,Aucune,0.7,0
CSWA-01435,34,Homme,Urbaine,Marié(e),Aucun,3,Fonctionnaire,7.9,148000,73000,164,1,144400,Régulière,1,92.9,7.0,1,7,0,Non consulté,0,0,Santé,408000,6,Aval d'un tiers,1.01,0
CSWA-01436,23,Femme,Rurale,Marié(e),Primaire,2,Agriculture,5.5,252000,187000,47,1,27700,Irrégulière,2,89.2,2.0,1,7,1,Incident de paiement signale ailleurs,0,0,Evénement social,870000,18,Aucune,0.96,0
CSWA-01437,39,Homme,Urbaine,Marié(e),Primaire,3,Commerce informel,7.0,100000,53000,167,1,243900,Irrégulière,3,91.1,1.0,1,9,1,Bon payeur ailleurs (solde sans incident),0,0,Equipement/Matériel,484000,9,Aval d'un tiers,1.13,0
CSWA-01438,49,Homme,Urbaine,Marié(e),Primaire,2,Commerce informel,4.9,66000,44000,131,0,88500,Régulière,2,68.9,4.0,1,8,1,Jamais emprunté ailleurs,0,0,Fonds de commerce,56000,3,Caution solidaire,0.98,0
CSWA-01439,33,Homme,Urbaine,Célibataire,Supérieur,1,Restauration/Transformation,7.0,100000,64000,29,1,22600,Régulière,2,72.3,23.0,1,9,1,Jamais emprunté ailleurs,0,0,Elevage,149000,12,Aucune,0.78,1
CSWA-01440,63,Femme,Semi-urbaine,Célibataire,Primaire,2,Elevage,3.0,39000,25000,67,0,25000,Irrégulière,2,73.9,9.0,1,13,1,Pret en cours ailleurs,2,180000,Fonds de commerce,121000,24,Aucune,1.2,0
CSWA-01441,55,Homme,Semi-urbaine,Marié(e),Primaire,3,Commerce informel,4.4,140000,75000,120,1,251300,Irrégulière,2,96.3,5.0,0,0,1,Pret en cours ailleurs,1,427000,Habitat/Réparation,562000,3,Aucune,2.31,0
CSWA-01442,43,Homme,Semi-urbaine,Marié(e),Supérieur,3,Salarié secteur formel,2.9,180000,143000,61,1,44000,Irrégulière,1,86.3,0.0,1,7,1,Bon payeur ailleurs (solde sans incident),0,0,Fonds de commerce,679000,6,Caution solidaire,1.5,0
CSWA-01443,62,Homme,Rurale,Marié(e),Secondaire,3,Fonctionnaire,4.4,102000,48000,146,1,196900,Irrégulière,2,99.4,4.0,1,5,1,Pret en cours ailleurs,1,403000,Evénement social,546000,3,Bien matériel,2.82,0
CSWA-01444,39,Homme,Urbaine,Marié(e),Aucun,2,Salarié secteur formel,2.2,91000,67000,47,0,7700,Aucune épargne,2,91.6,9.0,1,10,0,Non consulté,0,0,Fonds de commerce,301000,12,Bien matériel,1.05,0
CSWA-01445,25,Femme,Urbaine,Marié(e),Supérieur,3,Artisanat,8.4,111000,40000,165,1,7600,Régulière,0,,,0,0,0,Non consulté,0,0,Equipement/Matériel,118000,9,Aucune,0.49,0
CSWA-01446,20,Homme,Rurale,Marié(e),Primaire,3,Agriculture,12.0,32000,25000,173,1,75900,Régulière,1,88.9,4.0,1,5,0,Non consulté,0,0,Elevage,151000,12,Caution solidaire,1.22,0
CSWA-01447,63,Femme,Rurale,Célibataire,Primaire,4,Commerce informel,2.3,49000,36000,19,1,1500,Aucune épargne,2,93.3,1.0,1,14,1,Jamais emprunté ailleurs,0,0,Santé,158000,9,Caution solidaire,1.14,0
CSWA-01448,64,Femme,Urbaine,Marié(e),Primaire,1,Agriculture,5.6,63000,53000,135,1,88400,Régulière,2,91.8,23.0,1,9,1,Jamais emprunté ailleurs,0,0,Fonds de commerce,314000,9,Caution solidaire,1.46,1
CSWA-01449,53,Homme,Rurale,Célibataire,Supérieur,6,Artisanat,4.9,138000,57000,121,0,122800,Aucune épargne,4,79.3,14.0,1,19,1,Jamais emprunté ailleurs,0,0,Elevage,499000,3,Bien matériel,1.76,0
CSWA-01450,23,Femme,Rurale,Marié(e),Aucun,4,Commerce informel,12.2,208000,156000,25,0,33100,Irrégulière,1,89.4,15.0,1,14,0,Non consulté,0,0,Fonds de commerce,1116000,9,Bien matériel,1.42,0
CSWA-01451,32,Femme,Urbaine,Célibataire,Primaire,3,Elevage,5.8,100000,50000,119,1,176700,Irrégulière,5,75.4,6.0,1,16,0,Non consulté,0,0,Intrants agricoles,216000,3,Caution solidaire,1.31,0
CSWA-01452,20,Femme,Urbaine,Divorcé(e),Secondaire,2,Artisanat,10.3,20000,9000,54,1,5500,Aucune épargne,0,,,1,9,1,Jamais emprunté ailleurs,0,0,Elevage,36000,6,Caution solidaire,0.78,0
CSWA-01453,21,Homme,Rurale,Marié(e),Secondaire,1,Restauration/Transformation,8.1,44000,20000,146,0,10900,Irrégulière,2,94.5,2.0,1,11,0,Non consulté,0,0,Fonds de commerce,214000,18,Bien matériel,0.76,0
CSWA-01454,30,Homme,Rurale,Marié(e),Aucun,2,Commerce informel,6.5,553000,392000,162,1,350900,Régulière,3,94.9,0.0,0,0,1,Incident de paiement signale ailleurs,0,0,Fonds de commerce,978000,12,Bien matériel,0.87,0
CSWA-01455,45,Femme,Semi-urbaine,Célibataire,Aucun,3,Salarié secteur formel,3.9,186000,153000,1,1,24200,Irrégulière,2,49.6,2.0,1,12,1,Pret en cours ailleurs,1,76000,Fonds de commerce,657000,6,Aucune,1.52,0
CSWA-01456,22,Femme,Rurale,Marié(e),Supérieur,2,Agriculture,6.6,20000,14000,150,0,42200,Régulière,1,50.2,1.0,1,9,1,Incident de paiement signale ailleurs,0,0,Fonds de commerce,55000,12,Caution solidaire,0.96,0
CSWA-01457,65,Femme,Rurale,Marié(e),Secondaire,4,Artisanat,2.9,298000,144000,177,0,243500,Régulière,1,93.1,9.0,1,7,1,Pret en cours ailleurs,1,312000,Education,1063000,12,Aucune,0.91,0
CSWA-01458,40,Femme,Semi-urbaine,Marié(e),Primaire,1,Fonctionnaire,4.4,133000,73000,64,0,71000,Régulière,3,79.0,4.0,1,3,1,Bon payeur ailleurs (solde sans incident),0,0,Habitat/Réparation,193000,12,Aucune,0.68,0
CSWA-01459,31,Homme,Urbaine,Veuf(ve),Primaire,2,Commerce informel,1.4,111000,52000,177,0,176900,Régulière,3,81.2,9.0,1,10,1,Jamais emprunté ailleurs,0,0,Fonds de commerce,471000,3,Aval d'un tiers,2.05,0
CSWA-01460,43,Femme,Rurale,Marié(e),Primaire,1,Salarié secteur formel,11.3,103000,40000,128,1,193800,Irrégulière,2,97.4,9.0,1,12,1,Incident de paiement signale ailleurs,0,0,Evénement social,127000,24,Aucune,0.45,0
CSWA-01461,56,Femme,Rurale,Marié(e),Secondaire,2,Transport,6.1,271000,199000,103,0,264400,Irrégulière,2,65.6,1.0,1,14,1,Bon payeur ailleurs (solde sans incident),0,0,Equipement/Matériel,467000,36,Bien matériel,0.79,0
CSWA-01462,33,Femme,Rurale,Marié(e),Primaire,6,Autre service,11.1,37000,15000,19,1,9000,Régulière,1,86.2,3.0,0,0,1,Jamais emprunté ailleurs,0,0,Habitat/Réparation,139000,6,Caution solidaire,1.11,0
CSWA-01463,21,Homme,Urbaine,Célibataire,Secondaire,4,Agriculture,5.9,59000,40000,90,1,13000,Régulière,3,94.5,17.0,1,6,1,Pret en cours ailleurs,1,250000,Equipement/Matériel,268000,12,Caution solidaire,1.48,0
CSWA-01464,21,Homme,Semi-urbaine,Marié(e),Aucun,2,Commerce informel,6.2,144000,81000,27,1,29400,Irrégulière,0,,,1,17,1,Pret en cours ailleurs,1,178000,Evénement social,594000,12,Aval d'un tiers,1.06,0
CSWA-01465,59,Femme,Semi-urbaine,Veuf(ve),Secondaire,3,Commerce informel,7.8,60000,23000,53,1,36700,Irrégulière,0,,,1,7,1,Bon payeur ailleurs (solde sans incident),0,0,Intrants agricoles,178000,12,Caution solidaire,0.66,0
CSWA-01466,24,Femme,Urbaine,Célibataire,Aucun,4,Transport,5.3,106000,53000,163,0,16400,Régulière,1,60.2,13.0,1,6,1,Bon payeur ailleurs (solde sans incident),0,0,Fonds de commerce,253000,36,Bien matériel,0.57,0
CSWA-01467,48,Femme,Urbaine,Marié(e),Secondaire,1,Commerce informel,4.9,128000,50000,21,1,17900,Régulière,2,74.3,1.0,1,9,0,Non consulté,0,0,Habitat/Réparation,136000,12,Aval d'un tiers,0.49,0
CSWA-01468,37,Homme,Urbaine,Marié(e),Aucun,2,Agriculture,4.5,89000,59000,98,0,123800,Irrégulière,3,74.6,1.0,1,7,1,Jamais emprunté ailleurs,0,0,Habitat/Réparation,159000,3,Caution solidaire,1.33,0
CSWA-01469,55,Homme,Semi-urbaine,Célibataire,Aucun,4,Autre service,3.0,44000,30000,177,1,91700,Aucune épargne,1,82.9,2.0,1,6,1,Pret en cours ailleurs,1,161000,Fonds de commerce,78000,18,Bien matériel,1.12,0
CSWA-01470,21,Femme,Rurale,Célibataire,Aucun,2,Agriculture,4.5,52000,41000,25,0,3100,Régulière,1,86.5,8.0,1,7,1,Pret en cours ailleurs,1,71000,Fonds de commerce,55000,24,Aucune,0.96,0
CSWA-01471,61,Femme,Urbaine,Marié(e),Aucun,1,Commerce informel,9.7,65000,32000,35,0,17100,Aucune épargne,3,95.5,0.0,1,6,1,Jamais emprunté ailleurs,0,0,Education,209000,12,Caution solidaire,0.79,0
CSWA-01472,51,Femme,Semi-urbaine,Marié(e),Primaire,6,Restauration/Transformation,4.3,112000,49000,89,0,70500,Aucune épargne,1,69.2,5.0,1,2,1,Jamais emprunté ailleurs,0,0,Fonds de commerce,461000,3,Aval d'un tiers,1.97,0
CSWA-01473,40,Femme,Urbaine,Marié(e),Secondaire,2,Commerce informel,15.3,126000,74000,90,0,23800,Irrégulière,2,73.5,1.0,1,8,0,Non consulté,0,0,Intrants agricoles,443000,12,Aucune,0.92,0
CSWA-01474,28,Homme,Rurale,Marié(e),Secondaire,5,Elevage,1.5,90000,68000,84,0,36800,Aucune épargne,2,77.8,10.0,1,6,1,Pret en cours ailleurs,2,296000,Habitat/Réparation,359000,24,Bien matériel,1.24,1
CSWA-01475,64,Femme,Rurale,Marié(e),Primaire,6,Commerce informel,10.0,119000,75000,41,1,14600,Régulière,1,79.5,3.0,1,8,1,Bon payeur ailleurs (solde sans incident),0,0,Habitat/Réparation,121000,12,Caution solidaire,0.73,0
CSWA-01476,33,Femme,Rurale,Marié(e),Primaire,3,Elevage,4.8,34000,28000,180,1,90800,Irrégulière,1,68.5,8.0,1,13,0,Non consulté,0,0,Fonds de commerce,156000,6,Caution solidaire,1.68,0
CSWA-01477,42,Femme,Rurale,Marié(e),Primaire,1,Commerce informel,7.3,95000,37000,20,1,14700,Irrégulière,1,86.9,8.0,1,6,1,Bon payeur ailleurs (solde sans incident),0,0,Fonds de commerce,448000,24,Caution solidaire,0.61,0
CSWA-01478,37,Femme,Urbaine,Célibataire,Secondaire,4,Transport,3.2,78000,55000,3,0,1800,Régulière,1,81.6,3.0,1,7,1,Jamais emprunté ailleurs,0,0,Evénement social,397000,12,Aval d'un tiers,1.18,0
CSWA-01479,29,Femme,Rurale,Célibataire,Aucun,4,Agriculture,1.8,106000,72000,45,1,34300,Irrégulière,1,54.6,6.0,1,9,1,Incident de paiement signale ailleurs,0,0,Equipement/Matériel,288000,3,Aval d'un tiers,1.69,0
CSWA-01480,38,Femme,Semi-urbaine,Célibataire,Primaire,0,Agriculture,8.9,122000,58000,134,1,27100,Aucune épargne,1,44.3,5.0,0,0,1,Jamais emprunté ailleurs,0,0,Elevage,665000,9,Bien matériel,1.15,0
CSWA-01481,26,Femme,Rurale,Célibataire,Aucun,2,Autre service,11.1,45000,20000,24,1,13700,Irrégulière,1,88.9,5.0,1,11,0,Non consulté,0,0,Equipement/Matériel,46000,6,Aval d'un tiers,0.64,0
CSWA-01482,19,Femme,Semi-urbaine,Célibataire,Aucun,1,Salarié secteur formel,5.6,146000,79000,137,0,194200,Régulière,0,,,1,9,1,Bon payeur ailleurs (solde sans incident),0,0,Fonds de commerce,723000,9,Caution solidaire,1.16,0
CSWA-01483,32,Femme,Rurale,Marié(e),Primaire,6,Artisanat,4.3,168000,86000,71,1,95100,Régulière,0,,,1,3,1,Jamais emprunté ailleurs,0,0,Intrants agricoles,457000,36,Aucune,0.6,0
CSWA-01484,24,Femme,Semi-urbaine,Célibataire,Aucun,2,Fonctionnaire,5.4,211000,109000,140,0,326100,Régulière,0,,,1,3,1,Pret en cours ailleurs,1,404000,Education,362000,9,Bien matériel,0.9,0
CSWA-01485,38,Femme,Urbaine,Marié(e),Aucun,4,Commerce informel,5.4,76000,54000,39,0,14400,Régulière,2,79.6,4.0,1,5,1,Bon payeur ailleurs (solde sans incident),0,0,Elevage,259000,9,Caution solidaire,1.13,0
CSWA-01486,59,Femme,Semi-urbaine,Marié(e),Secondaire,5,Artisanat,4.7,41000,16000,140,0,36200,Aucune épargne,3,80.3,28.0,1,10,1,Bon payeur ailleurs (solde sans incident),0,0,Fonds de commerce,203000,36,Aucune,0.54,0
CSWA-01487,26,Femme,Urbaine,Divorcé(e),Aucun,1,Fonctionnaire,6.0,194000,140000,1,0,2900,Régulière,0,,,1,7,1,Jamais emprunté ailleurs,0,0,Intrants agricoles,337000,24,Caution solidaire,0.8,0
CSWA-01488,19,Femme,Urbaine,Veuf(ve),Primaire,5,Artisanat,7.5,38000,23000,128,1,18800,Aucune épargne,0,,,1,10,0,Non consulté,0,0,Fonds de commerce,37000,12,Caution solidaire,0.7,0
CSWA-01489,24,Homme,Urbaine,Marié(e),Primaire,5,Agriculture,7.2,73000,32000,5,1,1000,Irrégulière,0,,,0,0,1,Jamais emprunté ailleurs,0,0,Elevage,188000,18,Aucune,0.6,0
CSWA-01490,42,Femme,Urbaine,Célibataire,Secondaire,3,Transport,3.8,62000,42000,77,1,8900,Irrégulière,2,67.1,10.0,1,6,1,Pret en cours ailleurs,2,134000,Fonds de commerce,85000,18,Caution solidaire,0.96,0
CSWA-01491,31,Femme,Semi-urbaine,Marié(e),Secondaire,6,Commerce informel,4.8,100000,54000,128,0,127100,Irrégulière,2,88.4,9.0,0,0,1,Bon payeur ailleurs (solde sans incident),0,0,Fonds de commerce,430000,6,Bien matériel,1.34,0
CSWA-01492,42,Homme,Semi-urbaine,Marié(e),Aucun,4,Commerce informel,2.8,58000,24000,9,1,1900,Régulière,3,96.9,10.0,1,8,1,Pret en cours ailleurs,1,182000,Elevage,239000,18,Aucune,0.95,0
CSWA-01493,20,Femme,Semi-urbaine,Marié(e),Secondaire,2,Restauration/Transformation,7.0,67000,43000,167,1,4800,Irrégulière,4,91.4,0.0,1,12,1,Jamais emprunté ailleurs,0,0,Habitat/Réparation,177000,9,Aucune,0.97,0
CSWA-01494,34,Femme,Urbaine,Marié(e),Primaire,5,Commerce informel,3.3,49000,25000,175,1,27500,Régulière,2,57.4,10.0,1,6,1,Bon payeur ailleurs (solde sans incident),0,0,Fonds de commerce,199000,9,Caution solidaire,1.02,1
CSWA-01495,38,Homme,Semi-urbaine,Célibataire,Aucun,3,Commerce informel,1.0,70000,34000,125,0,42400,Régulière,2,97.0,4.0,1,10,1,Bon payeur ailleurs (solde sans incident),0,0,Intrants agricoles,153000,12,Caution solidaire,0.69,0
CSWA-01496,39,Femme,Rurale,Marié(e),Secondaire,4,Agriculture,4.0,91000,54000,44,1,9600,Aucune épargne,2,93.0,1.0,0,0,1,Jamais emprunté ailleurs,0,0,Education,125000,12,Caution solidaire,0.72,0
CSWA-01497,44,Femme,Urbaine,Marié(e),Secondaire,2,Agriculture,7.2,67000,41000,129,0,29900,Régulière,2,86.1,0.0,1,5,1,Jamais emprunté ailleurs,0,0,Education,206000,24,Aucune,0.76,0
CSWA-01498,55,Femme,Rurale,Divorcé(e),Primaire,5,Elevage,7.5,68000,48000,55,0,54800,Irrégulière,3,88.9,3.0,1,10,0,Non consulté,0,0,Education,369000,12,Aval d'un tiers,1.21,0
CSWA-01499,40,Homme,Rurale,Marié(e),Primaire,2,Restauration/Transformation,9.9,88000,52000,120,0,7200,Régulière,1,98.6,5.0,1,11,1,Incident de paiement signale ailleurs,0,0,Education,399000,12,Bien matériel,1.01,0
CSWA-01500,58,Femme,Urbaine,Marié(e),Aucun,1,Artisanat,16.7,140000,86000,28,0,33800,Régulière,2,90.7,4.0,0,0,0,Non consulté,0,0,Fonds de commerce,132000,18,Bien matériel,0.67,0
CSWA-01501,43,Homme,Rurale,Marié(e),Primaire,1,Restauration/Transformation,5.5,122000,77000,111,0,160200,Régulière,0,,,1,8,1,Bon payeur ailleurs (solde sans incident),0,0,Equipement/Matériel,221000,18,Aucune,0.74,0
CSWA-01502,31,Femme,Rurale,Marié(e),Supérieur,6,Commerce informel,4.9,40000,33000,60,1,35300,Régulière,1,96.5,10.0,1,10,1,Jamais emprunté ailleurs,0,0,Evénement social,113000,9,Bien matériel,1.18,0
CSWA-01503,29,Homme,Urbaine,Marié(e),Primaire,4,Agriculture,5.9,123000,49000,106,1,72900,Irrégulière,4,53.4,15.0,1,5,1,Jamais emprunté ailleurs,0,0,Intrants agricoles,331000,9,Aucune,0.73,0
CSWA-01504,34,Femme,Rurale,Marié(e),Supérieur,3,Autre service,4.4,171000,117000,60,1,49300,Régulière,3,81.5,7.0,0,0,1,Jamais emprunté ailleurs,0,0,Intrants agricoles,496000,12,Caution solidaire,0.95,0
CSWA-01505,47,Femme,Rurale,Veuf(ve),Aucun,2,Agriculture,2.6,119000,44000,49,0,38200,Irrégulière,0,,,0,0,1,Jamais emprunté ailleurs,0,0,Habitat/Réparation,574000,18,Caution solidaire,0.67,0
CSWA-01506,30,Femme,Rurale,Marié(e),Secondaire,4,Commerce informel,2.4,21000,10000,65,1,13000,Régulière,2,63.3,5.0,1,8,1,Jamais emprunté ailleurs,0,0,Elevage,78000,18,Caution solidaire,0.71,0
CSWA-01507,61,Femme,Semi-urbaine,Marié(e),Supérieur,3,Autre service,5.1,93000,69000,158,1,99800,Régulière,0,,,1,7,1,Bon payeur ailleurs (solde sans incident),0,0,Fonds de commerce,138000,9,Caution solidaire,0.93,0
CSWA-01508,41,Femme,Semi-urbaine,Marié(e),Secondaire,3,Agriculture,11.6,173000,92000,73,1,65300,Irrégulière,2,70.2,2.0,1,7,0,Non consulté,0,0,Equipement/Matériel,550000,18,Caution solidaire,0.73,0
CSWA-01509,59,Femme,Rurale,Célibataire,Aucun,3,Elevage,4.2,63000,23000,125,1,108000,Irrégulière,1,57.4,7.0,1,8,1,Pret en cours ailleurs,2,216000,Intrants agricoles,110000,18,Caution solidaire,0.78,0
CSWA-01510,51,Homme,Rurale,Marié(e),Primaire,4,Commerce informel,8.2,398000,241000,121,1,306400,Régulière,1,69.2,5.0,0,0,1,Jamais emprunté ailleurs,0,0,Fonds de commerce,331000,12,Bien matériel,0.68,0
CSWA-01511,34,Femme,Rurale,Marié(e),Aucun,3,Restauration/Transformation,10.5,24000,14000,109,1,8000,Régulière,2,94.3,9.0,0,0,0,Non consulté,0,0,Education,36000,6,Bien matériel,0.86,0
CSWA-01512,29,Femme,Rurale,Divorcé(e),Primaire,4,Commerce informel,8.1,88000,72000,175,1,230100,Régulière,1,96.9,7.0,1,15,1,Incident de paiement signale ailleurs,0,0,Equipement/Matériel,347000,6,Bien matériel,1.55,0
CSWA-01513,53,Femme,Urbaine,Marié(e),Supérieur,4,Artisanat,8.7,120000,99000,8,0,9300,Irrégulière,1,86.0,14.0,1,10,1,Bon payeur ailleurs (solde sans incident),0,0,Habitat/Réparation,632000,12,Caution solidaire,1.32,0
CSWA-01514,34,Femme,Rurale,Marié(e),Primaire,2,Restauration/Transformation,2.6,89000,44000,95,0,108300,Irrégulière,0,,,1,11,0,Non consulté,0,0,Equipement/Matériel,199000,6,Aucune,0.91,1
CSWA-01515,30,Femme,Rurale,Marié(e),Aucun,2,Restauration/Transformation,4.7,88000,67000,176,1,78100,Régulière,2,81.6,2.0,1,4,1,Jamais emprunté ailleurs,0,0,Intrants agricoles,478000,12,Caution solidaire,1.27,0
CSWA-01516,62,Femme,Rurale,Marié(e),Aucun,4,Commerce informel,1.9,46000,28000,179,0,30700,Régulière,1,91.4,4.0,1,10,1,Incident de paiement signale ailleurs,0,0,Santé,46000,18,Aucune,0.67,0
CSWA-01517,41,Femme,Semi-urbaine,Divorcé(e),Primaire,2,Commerce informel,3.7,59000,37000,80,0,14700,Irrégulière,2,96.4,7.0,1,11,1,Incident de paiement signale ailleurs,0,0,Santé,201000,18,Bien matériel,0.84,0
CSWA-01518,21,Homme,Rurale,Marié(e),Primaire,1,Salarié secteur formel,2.4,93000,38000,10,1,10600,Régulière,1,86.6,4.0,1,6,0,Non consulté,0,0,Fonds de commerce,416000,12,Bien matériel,0.83,0
CSWA-01519,42,Femme,Urbaine,Marié(e),Aucun,2,Fonctionnaire,7.3,59000,45000,65,0,55600,Irrégulière,0,,,1,8,1,Bon payeur ailleurs (solde sans incident),0,0,Fonds de commerce,169000,9,Caution solidaire,1.12,1
CSWA-01520,40,Femme,Urbaine,Marié(e),Secondaire,2,Commerce informel,2.4,133000,87000,68,1,127900,Aucune épargne,0,,,1,7,1,Bon payeur ailleurs (solde sans incident),0,0,Equipement/Matériel,475000,9,Bien matériel,1.1,0
CSWA-01521,59,Femme,Urbaine,Marié(e),Aucun,3,Agriculture,2.4,76000,63000,66,0,53700,Irrégulière,3,81.0,14.0,1,8,1,Jamais emprunté ailleurs,0,0,Equipement/Matériel,239000,12,Aval d'un tiers,1.12,0
CSWA-01522,52,Femme,Urbaine,Marié(e),Secondaire,1,Restauration/Transformation,5.3,110000,82000,6,1,10800,Régulière,0,,,1,6,1,Jamais emprunté ailleurs,0,0,Fonds de commerce,491000,12,Bien matériel,1.16,0
CSWA-01523,27,Homme,Rurale,Veuf(ve),Primaire,1,Salarié secteur formel,1.5,98000,57000,167,1,69100,Régulière,2,89.4,4.0,0,0,1,Jamais emprunté ailleurs,0,0,Elevage,473000,6,Bien matériel,1.48,0
CSWA-01524,26,Homme,Urbaine,Marié(e),Aucun,1,Fonctionnaire,15.8,132000,103000,108,0,83200,Régulière,5,98.3,3.0,1,9,0,Non consulté,0,0,Education,254000,36,Bien matériel,0.84,0
CSWA-01525,47,Femme,Urbaine,Veuf(ve),Secondaire,4,Restauration/Transformation,4.6,174000,89000,69,0,15700,Régulière,2,95.3,3.0,1,11,1,Jamais emprunté ailleurs,0,0,Santé,685000,12,Aucune,0.88,0
CSWA-01526,21,Femme,Urbaine,Célibataire,Secondaire,3,Commerce informel,10.3,42000,33000,177,0,63900,Irrégulière,1,93.8,7.0,1,11,1,Pret en cours ailleurs,1,190000,Habitat/Réparation,114000,18,Caution solidaire,1.36,0
CSWA-01527,33,Homme,Semi-urbaine,Marié(e),Primaire,2,Transport,2.5,265000,108000,153,0,583500,Irrégulière,2,92.9,5.0,1,7,1,Incident de paiement signale ailleurs,0,0,Santé,248000,6,Aucune,0.58,0
CSWA-01528,25,Homme,Semi-urbaine,Célibataire,Secondaire,1,Salarié secteur formel,6.6,129000,67000,39,1,50700,Irrégulière,1,81.0,2.0,0,0,1,Bon payeur ailleurs (solde sans incident),0,0,Fonds de commerce,592000,12,Aval d'un tiers,0.95,0
CSWA-01529,19,Femme,Rurale,Célibataire,Primaire,4,Agriculture,7.4,63000,49000,33,0,13900,Irrégulière,1,78.6,20.0,1,9,1,Jamais emprunté ailleurs,0,0,Intrants agricoles,292000,6,Caution solidaire,1.64,0
CSWA-01530,62,Femme,Urbaine,Marié(e),Aucun,6,Elevage,2.9,89000,32000,130,1,55800,Régulière,2,90.0,1.0,1,12,1,Pret en cours ailleurs,1,275000,Fonds de commerce,220000,36,Aucune,0.71,0
CSWA-01531,23,Homme,Urbaine,Marié(e),Supérieur,6,Commerce informel,8.5,68000,53000,158,1,81400,Régulière,3,99.7,4.0,1,7,1,Bon payeur ailleurs (solde sans incident),0,0,Santé,176000,24,Caution solidaire,0.9,0
CSWA-01532,19,Homme,Urbaine,Marié(e),Supérieur,4,Agriculture,3.7,94000,35000,138,1,70100,Irrégulière,3,88.3,3.0,1,8,1,Bon payeur ailleurs (solde sans incident),0,0,Fonds de commerce,208000,9,Bien matériel,0.65,0
CSWA-01533,62,Femme,Rurale,Marié(e),Aucun,2,Salarié secteur formel,4.2,131000,89000,149,1,271300,Irrégulière,2,84.0,1.0,1,9,1,Pret en cours ailleurs,1,195000,Education,672000,3,Caution solidaire,2.73,0
CSWA-01534,27,Homme,Urbaine,Célibataire,Supérieur,2,Commerce informel,2.9,164000,110000,19,1,33500,Irrégulière,0,,,0,0,1,Jamais emprunté ailleurs,0,0,Evénement social,858000,12,Caution solidaire,1.16,1
CSWA-01535,57,Femme,Urbaine,Marié(e),Secondaire,2,Transport,8.7,62000,23000,31,0,8000,Régulière,2,89.7,15.0,1,4,1,Pret en cours ailleurs,2,184000,Elevage,292000,18,Aucune,0.93,1
CSWA-01536,20,Femme,Semi-urbaine,Marié(e),Aucun,2,Commerce informel,6.5,76000,58000,78,1,39900,Aucune épargne,1,95.6,5.0,1,12,1,Jamais emprunté ailleurs,0,0,Habitat/Réparation,226000,6,Caution solidaire,1.32,0
CSWA-01537,26,Homme,Rurale,Marié(e),Primaire,9,Commerce informel,6.3,214000,84000,107,0,11900,Régulière,2,71.4,3.0,1,11,1,Jamais emprunté ailleurs,0,0,Fonds de commerce,582000,9,Aval d'un tiers,0.73,0
CSWA-01538,24,Femme,Semi-urbaine,Marié(e),Aucun,6,Artisanat,6.2,138000,107000,26,0,2300,Irrégulière,3,80.0,2.0,0,0,1,Jamais emprunté ailleurs,0,0,Intrants agricoles,742000,9,Aval d'un tiers,1.44,0
CSWA-01539,52,Homme,Urbaine,Célibataire,Primaire,1,Commerce informel,6.4,74000,62000,11,0,5600,Régulière,4,78.8,1.0,1,12,1,Incident de paiement signale ailleurs,0,0,Santé,126000,9,Caution solidaire,1.05,0
CSWA-01540,48,Homme,Urbaine,Célibataire,Supérieur,1,Restauration/Transformation,3.5,105000,72000,64,0,45300,Irrégulière,1,78.9,2.0,1,16,1,Pret en cours ailleurs,2,259000,Santé,374000,3,Caution solidaire,2.24,1
CSWA-01541,41,Femme,Semi-urbaine,Célibataire,Primaire,2,Agriculture,8.1,226000,184000,128,1,14700,Aucune épargne,0,,,1,8,1,Jamais emprunté ailleurs,0,0,Elevage,1191000,36,Bien matériel,0.98,1
CSWA-01542,30,Femme,Rurale,Marié(e),Primaire,4,Restauration/Transformation,3.2,38000,25000,146,0,31700,Irrégulière,2,90.2,0.0,0,0,1,Jamais emprunté ailleurs,0,0,Education,186000,12,Bien matériel,1.12,0
CSWA-01543,23,Femme,Rurale,Marié(e),Aucun,5,Autre service,6.2,44000,37000,148,1,28100,Irrégulière,1,66.6,0.0,1,5,1,Jamais emprunté ailleurs,0,0,Fonds de commerce,50000,18,Aucune,0.91,0
CSWA-01544,45,Homme,Semi-urbaine,Célibataire,Primaire,4,Agriculture,5.0,59000,44000,53,1,13900,Irrégulière,3,92.8,8.0,0,0,1,Bon payeur ailleurs (solde sans incident),0,0,Education,52000,12,Caution solidaire,0.83,0
CSWA-01545,29,Homme,Rurale,Marié(e),Secondaire,2,Commerce informel,4.0,91000,63000,53,0,25400,Irrégulière,1,67.8,0.0,1,7,1,Pret en cours ailleurs,1,116000,Evénement social,140000,12,Bien matériel,0.95,0
CSWA-01546,46,Femme,Urbaine,Célibataire,Aucun,3,Salarié secteur formel,5.1,126000,106000,168,0,192700,Régulière,1,98.0,0.0,1,6,1,Bon payeur ailleurs (solde sans incident),0,0,Habitat/Réparation,387000,6,Caution solidaire,1.41,0
CSWA-01547,51,Femme,Rurale,Marié(e),Primaire,2,Commerce informel,6.3,53000,31000,29,1,16800,Régulière,1,61.4,5.0,1,7,1,Pret en cours ailleurs,1,72000,Education,190000,12,Bien matériel,1.04,0
CSWA-01548,58,Femme,Urbaine,Marié(e),Primaire,4,Commerce informel,8.1,48000,28000,140,1,40800,Aucune épargne,0,,,1,10,1,Jamais emprunté ailleurs,0,0,Intrants agricoles,97000,12,Bien matériel,0.77,0
CSWA-01549,42,Homme,Urbaine,Marié(e),Secondaire,3,Salarié secteur formel,5.7,164000,127000,1,1,21700,Irrégulière,0,,,1,11,1,Pret en cours ailleurs,2,164000,Habitat/Réparation,384000,6,Aucune,1.3,0
CSWA-01550,19,Femme,Urbaine,Célibataire,Secondaire,5,Commerce informel,9.3,48000,33000,48,1,20400,Aucune épargne,1,70.8,9.0,1,7,1,Pret en cours ailleurs,3,271000,Intrants agricoles,93000,6,Caution solidaire,1.56,0
CSWA-01551,32,Femme,Semi-urbaine,Marié(e),Secondaire,7,Artisanat,3.7,56000,24000,35,1,20600,Irrégulière,0,,,0,0,1,Pret en cours ailleurs,3,409000,Equipement/Matériel,299000,6,Caution solidaire,2.08,0
CSWA-01552,59,Femme,Rurale,Veuf(ve),Primaire,5,Commerce informel,4.6,25000,13000,77,0,13400,Irrégulière,1,88.0,3.0,0,0,1,Jamais emprunté ailleurs,0,0,Habitat/Réparation,120000,12,Bien matériel,0.97,0
CSWA-01553,44,Homme,Urbaine,Marié(e),Primaire,5,Restauration/Transformation,7.4,59000,38000,20,0,16700,Irrégulière,0,,,0,0,1,Jamais emprunté ailleurs,0,0,Fonds de commerce,107000,12,Caution solidaire,0.81,1
CSWA-01554,48,Femme,Urbaine,Marié(e),Secondaire,4,Restauration/Transformation,2.5,45000,16000,112,1,41500,Aucune épargne,1,87.6,16.0,1,5,1,Bon payeur ailleurs (solde sans incident),0,0,Intrants agricoles,51000,3,Caution solidaire,0.78,0
CSWA-01555,40,Homme,Rurale,Célibataire,Secondaire,4,Elevage,18.1,74000,45000,80,1,66700,Irrégulière,1,67.2,5.0,1,8,0,Non consulté,0,0,Fonds de commerce,315000,9,Aucune,1.14,0
CSWA-01556,26,Femme,Semi-urbaine,Marié(e),Primaire,3,Artisanat,8.6,206000,96000,110,0,180600,Régulière,0,,,1,9,1,Jamais emprunté ailleurs,0,0,Elevage,590000,18,Aval d'un tiers,0.64,0
CSWA-01557,61,Femme,Urbaine,Marié(e),Secondaire,4,Commerce informel,2.6,34000,16000,131,0,58100,Régulière,1,66.6,2.0,1,6,1,Jamais emprunté ailleurs,0,0,Habitat/Réparation,48000,12,Caution solidaire,0.6,0
CSWA-01558,55,Femme,Urbaine,Divorcé(e),Aucun,3,Commerce informel,13.7,141000,112000,102,0,166100,Régulière,0,,,1,6,1,Jamais emprunté ailleurs,0,0,Fonds de commerce,451000,18,Caution solidaire,0.99,0
CSWA-01559,65,Femme,Semi-urbaine,Célibataire,Aucun,2,Transport,3.7,202000,99000,95,0,238600,Régulière,1,70.2,9.0,1,9,1,Jamais emprunté ailleurs,0,0,Elevage,234000,9,Aucune,0.63,0
CSWA-01560,59,Femme,Semi-urbaine,Marié(e),Supérieur,3,Salarié secteur formel,13.0,115000,92000,68,0,9800,Régulière,1,64.0,5.0,1,9,0,Non consulté,0,0,Fonds de commerce,158000,12,Caution solidaire,0.93,0
CSWA-01561,32,Femme,Semi-urbaine,Célibataire,Aucun,3,Transport,8.3,98000,60000,119,1,101800,Régulière,1,74.4,1.0,1,10,1,Jamais emprunté ailleurs,0,0,Fonds de commerce,383000,9,Aucune,1.1,0
CSWA-01562,30,Femme,Urbaine,Marié(e),Supérieur,3,Restauration/Transformation,2.2,166000,135000,170,0,225800,Régulière,0,,,1,14,1,Jamais emprunté ailleurs,0,0,Education,482000,9,Bien matériel,1.17,0
CSWA-01563,30,Femme,Urbaine,Marié(e),Primaire,4,Elevage,3.1,114000,81000,27,0,18600,Régulière,2,26.4,4.0,1,3,0,Non consulté,0,0,Fonds de commerce,320000,3,Caution solidaire,1.76,0
CSWA-01564,62,Homme,Rurale,Marié(e),Supérieur,0,Artisanat,2.4,149000,83000,16,0,10500,Irrégulière,0,,,1,13,1,Jamais emprunté ailleurs,0,0,Santé,568000,36,Caution solidaire,0.68,0
CSWA-01565,45,Femme,Urbaine,Marié(e),Primaire,3,Restauration/Transformation,4.6,86000,32000,144,0,152600,Régulière,1,98.5,5.0,0,0,1,Jamais emprunté ailleurs,0,0,Equipement/Matériel,149000,9,Caution solidaire,0.59,0
CSWA-01566,40,Femme,Semi-urbaine,Marié(e),Secondaire,2,Commerce informel,9.2,45000,36000,114,0,23500,Irrégulière,3,97.6,10.0,1,10,0,Non consulté,0,0,Education,205000,18,Caution solidaire,1.08,0
CSWA-01567,64,Femme,Urbaine,Marié(e),Secondaire,4,Agriculture,12.1,153000,108000,105,1,139000,Aucune épargne,1,78.0,3.0,1,6,1,Jamais emprunté ailleurs,0,0,Habitat/Réparation,284000,6,Caution solidaire,1.05,0
CSWA-01568,47,Femme,Rurale,Célibataire,Primaire,3,Commerce informel,2.8,340000,142000,7,1,23300,Irrégulière,1,94.3,8.0,1,11,0,Non consulté,0,0,Fonds de commerce,1331000,12,Bien matériel,0.78,0
CSWA-01569,61,Femme,Semi-urbaine,Marié(e),Primaire,0,Agriculture,2.6,67000,55000,79,0,41400,Régulière,0,,,0,0,1,Jamais emprunté ailleurs,0,0,Fonds de commerce,166000,12,Aucune,1.05,1
CSWA-01570,65,Homme,Semi-urbaine,Marié(e),Aucun,2,Restauration/Transformation,6.8,82000,49000,101,1,116200,Irrégulière,3,81.1,2.0,0,0,0,Non consulté,0,0,Education,178000,24,Aucune,0.7,0
CSWA-01571,22,Femme,Rurale,Célibataire,Aucun,7,Agriculture,2.2,86000,31000,136,0,157100,Irrégulière,0,,,1,14,0,Non consulté,0,0,Intrants agricoles,202000,6,Caution solidaire,0.8,1
CSWA-01572,35,Homme,Semi-urbaine,Divorcé(e),Supérieur,1,Restauration/Transformation,9.1,36000,18000,34,0,11000,Régulière,1,71.0,0.0,0,0,1,Jamais emprunté ailleurs,0,0,Elevage,54000,12,Aval d'un tiers,0.64,0
CSWA-01573,53,Homme,Urbaine,Marié(e),Aucun,2,Autre service,7.8,51000,40000,108,0,18200,Régulière,3,91.3,1.0,1,7,1,Bon payeur ailleurs (solde sans incident),0,0,Fonds de commerce,120000,12,Aval d'un tiers,1.0,0
CSWA-01574,57,Femme,Urbaine,Veuf(ve),Secondaire,3,Fonctionnaire,5.7,217000,121000,16,0,10600,Aucune épargne,2,39.4,7.0,1,7,0,Non consulté,0,0,Fonds de commerce,427000,18,Aval d'un tiers,0.68,0
CSWA-01575,25,Homme,Urbaine,Célibataire,Primaire,1,Salarié secteur formel,8.9,100000,75000,146,0,28200,Irrégulière,2,84.2,23.0,1,10,1,Jamais emprunté ailleurs,0,0,Elevage,396000,6,Aucune,1.49,0
CSWA-01576,33,Homme,Semi-urbaine,Marié(e),Primaire,2,Salarié secteur formel,8.8,97000,53000,10,0,6900,Aucune épargne,0,,,0,0,0,Non consulté,0,0,Equipement/Matériel,431000,12,Caution solidaire,0.96,0
CSWA-01577,44,Femme,Semi-urbaine,Marié(e),Supérieur,4,Agriculture,3.1,82000,34000,103,0,26300,Irrégulière,0,,,1,7,1,Jamais emprunté ailleurs,0,0,Intrants agricoles,190000,12,Caution solidaire,0.63,0
CSWA-01578,56,Homme,Urbaine,Marié(e),Aucun,2,Restauration/Transformation,2.5,76000,34000,173,1,90200,Régulière,0,,,1,6,1,Jamais emprunté ailleurs,0,0,Fonds de commerce,183000,18,Caution solidaire,0.6,0
CSWA-01579,24,Femme,Urbaine,Célibataire,Primaire,2,Restauration/Transformation,5.3,53000,42000,64,0,18500,Irrégulière,0,,,1,4,1,Bon payeur ailleurs (solde sans incident),0,0,Equipement/Matériel,274000,3,Aval d'un tiers,2.72,0
CSWA-01580,47,Homme,Urbaine,Marié(e),Primaire,2,Autre service,9.0,103000,45000,24,0,2000,Aucune épargne,1,53.9,5.0,0,0,1,Pret en cours ailleurs,3,466000,Evénement social,102000,18,Caution solidaire,0.9,1
CSWA-01581,32,Femme,Urbaine,Marié(e),Aucun,1,Artisanat,3.0,97000,79000,117,1,135100,Régulière,1,78.7,4.0,1,9,1,Pret en cours ailleurs,1,100000,Intrants agricoles,160000,12,Bien matériel,1.06,0
CSWA-01582,29,Femme,Semi-urbaine,Célibataire,Aucun,5,Agriculture,2.6,50000,25000,65,0,46400,Régulière,2,79.6,19.0,0,0,1,Jamais emprunté ailleurs,0,0,Habitat/Réparation,170000,12,Aucune,0.82,0
CSWA-01583,43,Homme,Urbaine,Marié(e),Secondaire,4,Salarié secteur formel,2.7,136000,114000,120,1,102700,Irrégulière,2,88.3,32.0,1,8,1,Bon payeur ailleurs (solde sans incident),0,0,Fonds de commerce,148000,24,Bien matériel,0.89,0
CSWA-01584,38,Femme,Semi-urbaine,Marié(e),Aucun,5,Restauration/Transformation,4.2,57000,23000,85,1,23900,Aucune épargne,2,74.6,23.0,1,6,1,Jamais emprunté ailleurs,0,0,Education,97000,3,Aucune,1.04,1
CSWA-01585,48,Femme,Rurale,Veuf(ve),Secondaire,5,Commerce informel,0.7,116000,72000,63,0,7700,Aucune épargne,3,77.5,4.0,0,0,1,Bon payeur ailleurs (solde sans incident),0,0,Fonds de commerce,384000,9,Caution solidaire,1.03,0
CSWA-01586,33,Femme,Urbaine,Divorcé(e),Secondaire,6,Artisanat,3.3,79000,29000,5,1,1000,Irrégulière,1,92.3,1.0,1,13,1,Pret en cours ailleurs,1,339000,Fonds de commerce,118000,18,Caution solidaire,0.85,0
CSWA-01587,57,Homme,Urbaine,Célibataire,Aucun,3,Artisanat,7.1,100000,48000,67,1,64600,Irrégulière,2,93.9,12.0,1,10,1,Jamais emprunté ailleurs,0,0,Fonds de commerce,507000,24,Bien matériel,0.72,0
CSWA-01588,22,Femme,Semi-urbaine,Marié(e),Aucun,1,Artisanat,9.0,89000,69000,167,1,122600,Régulière,2,94.0,21.0,1,8,1,Bon payeur ailleurs (solde sans incident),0,0,Education,244000,18,Aval d'un tiers,0.95,0
CSWA-01589,59,Femme,Rurale,Marié(e),Aucun,3,Fonctionnaire,15.9,177000,79000,179,0,375200,Irrégulière,1,94.3,6.0,1,12,1,Jamais emprunté ailleurs,0,0,Fonds de commerce,198000,18,Caution solidaire,0.52,0
CSWA-01590,20,Homme,Rurale,Marié(e),Secondaire,5,Artisanat,5.2,97000,77000,3,1,7300,Irrégulière,1,59.1,2.0,0,0,1,Pret en cours ailleurs,1,73000,Fonds de commerce,197000,3,Aval d'un tiers,1.62,0
CSWA-01591,53,Femme,Urbaine,Marié(e),Primaire,2,Salarié secteur formel,3.8,222000,143000,36,0,25300,Régulière,1,73.1,6.0,1,7,1,Jamais emprunté ailleurs,0,0,Evénement social,804000,6,Bien matériel,1.32,0
CSWA-01592,35,Homme,Semi-urbaine,Marié(e),Aucun,6,Agriculture,14.0,86000,61000,165,0,184300,Régulière,2,95.6,0.0,0,0,1,Jamais emprunté ailleurs,0,0,Fonds de commerce,332000,24,Aucune,0.89,0
CSWA-01593,37,Femme,Semi-urbaine,Veuf(ve),Primaire,5,Commerce informel,5.6,86000,46000,150,0,172200,Irrégulière,4,90.4,14.0,1,11,1,Incident de paiement signale ailleurs,0,0,Santé,150000,36,Caution solidaire,0.59,0
CSWA-01594,19,Homme,Semi-urbaine,Célibataire,Primaire,1,Agriculture,5.7,67000,56000,6,0,7100,Aucune épargne,0,,,1,8,1,Jamais emprunté ailleurs,0,0,Fonds de commerce,139000,6,Aucune,1.22,0
CSWA-01595,51,Homme,Rurale,Marié(e),Secondaire,4,Elevage,10.8,30000,23000,77,0,33000,Aucune épargne,1,96.5,2.0,0,0,1,Bon payeur ailleurs (solde sans incident),0,0,Fonds de commerce,161000,18,Bien matériel,1.1,0
CSWA-01596,26,Femme,Semi-urbaine,Marié(e),Aucun,3,Salarié secteur formel,1.8,232000,187000,74,1,226300,Régulière,3,61.4,2.0,1,5,0,Non consulté,0,0,Fonds de commerce,1048000,3,Caution solidaire,2.49,0
CSWA-01597,49,Femme,Urbaine,Marié(e),Aucun,2,Artisanat,5.8,40000,17000,178,0,51300,Irrégulière,2,62.4,2.0,0,0,1,Incident de paiement signale ailleurs,0,0,Equipement/Matériel,46000,6,Aucune,0.64,0
CSWA-01598,53,Femme,Rurale,Marié(e),Primaire,3,Agriculture,2.4,59000,29000,141,0,105500,Irrégulière,1,77.5,3.0,1,10,0,Non consulté,0,0,Intrants agricoles,209000,18,Caution solidaire,0.71,0
CSWA-01599,58,Femme,Rurale,Célibataire,Secondaire,8,Elevage,1.5,50000,39000,139,0,76900,Régulière,2,87.6,6.0,0,0,1,Jamais emprunté ailleurs,0,0,Fonds de commerce,79000,18,Aucune,0.88,0
CSWA-01600,52,Femme,Rurale,Marié(e),Secondaire,2,Autre service,3.1,54000,37000,5,0,3700,Irrégulière,1,57.0,3.0,1,8,1,Pret en cours ailleurs,1,121000,Fonds de commerce,121000,24,Bien matériel,0.99,0
CSWA-01601,33,Homme,Semi-urbaine,Célibataire,Aucun,3,Commerce informel,12.6,56000,30000,125,1,44500,Irrégulière,1,84.2,2.0,1,9,0,Non consulté,0,0,Intrants agricoles,201000,3,Aucune,1.88,0
CSWA-01602,53,Homme,Semi-urbaine,Marié(e),Aucun,3,Commerce informel,1.8,106000,62000,146,1,163300,Régulière,1,85.5,18.0,1,9,0,Non consulté,0,0,Education,273000,12,Bien matériel,0.83,0
CSWA-01603,57,Femme,Rurale,Marié(e),Secondaire,4,Artisanat,4.2,97000,55000,75,0,10000,Aucune épargne,3,96.4,3.0,1,9,1,Pret en cours ailleurs,2,230000,Evénement social,332000,9,Bien matériel,1.21,0
CSWA-01604,33,Homme,Rurale,Divorcé(e),Aucun,2,Restauration/Transformation,8.6,86000,54000,85,1,75100,Irrégulière,0,,,0,0,1,Jamais emprunté ailleurs,0,0,Fonds de commerce,251000,9,Aval d'un tiers,0.99,0
CSWA-01605,24,Femme,Semi-urbaine,Marié(e),Primaire,3,Agriculture,3.2,157000,93000,46,1,46900,Aucune épargne,0,,,1,8,1,Jamais emprunté ailleurs,0,0,Fonds de commerce,829000,12,Aucune,1.09,1
CSWA-01606,60,Homme,Semi-urbaine,Marié(e),Primaire,4,Commerce informel,15.8,435000,251000,85,0,219400,Irrégulière,5,75.5,12.0,1,18,1,Jamais emprunté ailleurs,0,0,Fonds de commerce,631000,24,Caution solidaire,0.64,0
CSWA-01607,25,Homme,Semi-urbaine,Célibataire,Aucun,2,Elevage,5.4,107000,55000,62,0,48000,Régulière,1,77.5,2.0,1,10,1,Bon payeur ailleurs (solde sans incident),0,0,Habitat/Réparation,578000,24,Caution solidaire,0.77,0
CSWA-01608,46,Homme,Urbaine,Marié(e),Primaire,1,Commerce informel,1.7,133000,76000,34,1,63500,Régulière,0,,,1,9,0,Non consulté,0,0,Santé,538000,12,Caution solidaire,0.95,0
CSWA-01609,30,Homme,Urbaine,Marié(e),Aucun,3,Commerce informel,3.1,94000,41000,179,1,247000,Aucune épargne,1,75.9,7.0,0,0,0,Non consulté,0,0,Fonds de commerce,439000,12,Bien matériel,0.87,0
CSWA-01610,24,Homme,Semi-urbaine,Marié(e),Primaire,3,Agriculture,1.8,115000,51000,43,0,72400,Irrégulière,1,84.3,2.0,1,14,1,Jamais emprunté ailleurs,0,0,Equipement/Matériel,630000,18,Bien matériel,0.78,0
CSWA-01611,55,Femme,Semi-urbaine,Marié(e),Aucun,2,Commerce informel,3.3,33000,23000,34,0,11000,Irrégulière,1,62.2,2.0,0,0,1,Pret en cours ailleurs,1,175000,Fonds de commerce,129000,12,Bien matériel,1.54,0
CSWA-01612,25,Homme,Rurale,Marié(e),Primaire,3,Agriculture,4.6,20000,17000,144,0,35100,Irrégulière,1,56.0,4.0,1,13,1,Bon payeur ailleurs (solde sans incident),0,0,Education,71000,18,Aval d'un tiers,1.07,0
CSWA-01613,50,Femme,Rurale,Marié(e),Primaire,2,Transport,8.7,25000,11000,29,1,2000,Aucune épargne,1,95.6,3.0,0,0,1,Bon payeur ailleurs (solde sans incident),0,0,Fonds de commerce,31000,3,Caution solidaire,0.9,0
CSWA-01614,51,Femme,Rurale,Célibataire,Aucun,2,Commerce informel,17.6,57000,46000,2,1,4200,Aucune épargne,3,82.2,2.0,1,11,1,Bon payeur ailleurs (solde sans incident),0,0,Elevage,79000,12,Caution solidaire,0.94,0
CSWA-01615,21,Femme,Rurale,Célibataire,Primaire,1,Elevage,4.7,171000,113000,106,0,88800,Irrégulière,1,64.5,3.0,1,11,1,Bon payeur ailleurs (solde sans incident),0,0,Intrants agricoles,757000,18,Bien matériel,0.94,0
CSWA-01616,27,Femme,Semi-urbaine,Marié(e),Secondaire,1,Elevage,7.9,93000,77000,58,0,15400,Régulière,0,,,1,6,1,Bon payeur ailleurs (solde sans incident),0,0,Intrants agricoles,298000,6,Aval d'un tiers,1.43,0
CSWA-01617,56,Homme,Urbaine,Marié(e),Supérieur,4,Commerce informel,5.1,65000,36000,126,1,87300,Régulière,2,69.9,1.0,1,10,1,Jamais emprunté ailleurs,0,0,Intrants agricoles,253000,12,Caution solidaire,0.92,0
CSWA-01618,42,Homme,Rurale,Marié(e),Aucun,4,Restauration/Transformation,3.0,111000,77000,58,1,3000,Irrégulière,2,94.5,9.0,1,3,1,Bon payeur ailleurs (solde sans incident),0,0,Intrants agricoles,176000,3,Bien matériel,1.29,0
CSWA-01619,24,Homme,Rurale,Marié(e),Aucun,2,Commerce informel,3.6,98000,61000,17,0,21700,Régulière,1,74.5,4.0,0,0,1,Bon payeur ailleurs (solde sans incident),0,0,Equipement/Matériel,429000,12,Bien matériel,1.03,0
CSWA-01620,65,Femme,Semi-urbaine,Marié(e),Primaire,8,Fonctionnaire,12.0,159000,133000,49,1,116000,Aucune épargne,1,67.0,7.0,1,12,1,Pret en cours ailleurs,3,97000,Equipement/Matériel,148000,9,Caution solidaire,1.01,0
CSWA-01621,31,Femme,Urbaine,Célibataire,Secondaire,1,Artisanat,4.1,105000,40000,72,0,38000,Aucune épargne,1,73.9,4.0,1,5,1,Incident de paiement signale ailleurs,0,0,Santé,501000,12,Caution solidaire,0.83,1
CSWA-01622,19,Homme,Rurale,Marié(e),Primaire,3,Commerce informel,13.2,128000,49000,56,1,16300,Irrégulière,2,44.6,5.0,1,3,1,Jamais emprunté ailleurs,0,0,Habitat/Réparation,603000,6,Aval d'un tiers,1.26,0
CSWA-01623,62,Femme,Urbaine,Marié(e),Primaire,3,Fonctionnaire,5.7,43000,34000,108,0,55400,Régulière,1,83.4,28.0,1,13,1,Pret en cours ailleurs,1,98000,Habitat/Réparation,68000,9,Caution solidaire,1.19,0
CSWA-01624,19,Femme,Urbaine,Célibataire,Secondaire,2,Agriculture,6.0,77000,29000,23,1,21400,Régulière,4,91.9,5.0,1,5,1,Bon payeur ailleurs (solde sans incident),0,0,Santé,196000,6,Caution solidaire,0.85,0
CSWA-01625,45,Femme,Rurale,Célibataire,Aucun,3,Commerce informel,10.6,205000,165000,118,1,285400,Régulière,2,94.4,12.0,1,9,1,Bon payeur ailleurs (solde sans incident),0,0,Intrants agricoles,658000,9,Bien matériel,1.2,0
CSWA-01626,65,Femme,Urbaine,Marié(e),Primaire,5,Agriculture,6.3,65000,26000,31,1,21500,Régulière,2,81.9,2.0,1,6,1,Jamais emprunté ailleurs,0,0,Evénement social,308000,6,Caution solidaire,1.28,0
CSWA-01627,46,Femme,Semi-urbaine,Marié(e),Primaire,3,Artisanat,0.6,291000,118000,109,1,377700,Irrégulière,1,85.7,8.0,1,6,1,Pret en cours ailleurs,1,365000,Equipement/Matériel,611000,18,Caution solidaire,0.65,0
CSWA-01628,46,Femme,Semi-urbaine,Divorcé(e),Secondaire,2,Restauration/Transformation,3.4,58000,30000,101,0,76100,Aucune épargne,2,88.1,5.0,1,10,0,Non consulté,0,0,Fonds de commerce,120000,9,Aucune,0.77,0
CSWA-01629,37,Femme,Urbaine,Marié(e),Secondaire,2,Restauration/Transformation,6.0,115000,82000,30,1,2900,Régulière,1,97.4,14.0,1,8,1,Pret en cours ailleurs,1,176000,Fonds de commerce,144000,3,Caution solidaire,1.32,0
CSWA-01630,24,Homme,Semi-urbaine,Célibataire,Primaire,2,Fonctionnaire,6.4,151000,96000,102,1,229100,Aucune épargne,0,,,1,9,0,Non consulté,0,0,Education,767000,18,Caution solidaire,0.95,0
CSWA-01631,45,Homme,Rurale,Célibataire,Secondaire,1,Autre service,6.3,183000,147000,175,0,369900,Aucune épargne,1,86.4,3.0,1,6,1,Jamais emprunté ailleurs,0,0,Intrants agricoles,423000,24,Bien matériel,0.91,0
CSWA-01632,61,Femme,Rurale,Marié(e),Primaire,4,Commerce informel,5.2,170000,113000,168,0,237800,Aucune épargne,1,66.9,13.0,0,0,0,Non consulté,0,0,Equipement/Matériel,487000,12,Caution solidaire,0.93,0
CSWA-01633,23,Femme,Semi-urbaine,Marié(e),Aucun,5,Fonctionnaire,5.9,129000,84000,137,0,109400,Régulière,0,,,1,3,1,Bon payeur ailleurs (solde sans incident),0,0,Fonds de commerce,540000,6,Caution solidaire,1.43,0
CSWA-01634,60,Homme,Rurale,Marié(e),Secondaire,4,Commerce informel,11.2,67000,43000,96,1,95400,Régulière,0,,,0,0,1,Pret en cours ailleurs,2,382000,Equipement/Matériel,69000,18,Bien matériel,1.22,1
CSWA-01635,38,Femme,Urbaine,Marié(e),Secondaire,6,Autre service,4.3,260000,144000,139,0,61300,Irrégulière,1,95.3,4.0,1,7,1,Jamais emprunté ailleurs,0,0,Intrants agricoles,423000,18,Caution solidaire,0.66,0
CSWA-01636,44,Homme,Urbaine,Marié(e),Supérieur,4,Commerce informel,5.2,85000,57000,79,0,77900,Irrégulière,0,,,1,11,1,Pret en cours ailleurs,1,198000,Intrants agricoles,234000,12,Caution solidaire,1.14,0
CSWA-01637,26,Femme,Rurale,Célibataire,Secondaire,2,Commerce informel,9.3,126000,105000,56,1,16400,Régulière,3,83.3,5.0,1,10,1,Incident de paiement signale ailleurs,0,0,Habitat/Réparation,212000,12,Caution solidaire,0.99,0
CSWA-01638,48,Homme,Semi-urbaine,Célibataire,Aucun,2,Agriculture,9.5,45000,38000,18,0,6900,Régulière,2,80.5,12.0,1,10,1,Bon payeur ailleurs (solde sans incident),0,0,Intrants agricoles,217000,12,Aucune,1.3,0
CSWA-01639,27,Femme,Rurale,Veuf(ve),Primaire,5,Commerce informel,2.5,71000,29000,88,0,44800,Aucune épargne,0,,,1,12,1,Jamais emprunté ailleurs,0,0,Elevage,380000,6,Aval d'un tiers,1.41,0
CSWA-01640,31,Femme,Urbaine,Divorcé(e),Primaire,3,Salarié secteur formel,1.3,201000,116000,133,0,51100,Régulière,2,83.3,7.0,0,0,0,Non consulté,0,0,Equipement/Matériel,980000,18,Aucune,0.88,0
CSWA-01641,52,Homme,Urbaine,Célibataire,Aucun,7,Commerce informel,8.4,134000,87000,155,0,61300,Régulière,1,93.4,3.0,1,10,1,Bon payeur ailleurs (solde sans incident),0,0,Santé,619000,18,Aucune,0.94,0
CSWA-01642,21,Homme,Semi-urbaine,Marié(e),Primaire,1,Agriculture,7.0,121000,86000,81,1,55200,Régulière,0,,,1,15,1,Bon payeur ailleurs (solde sans incident),0,0,Elevage,463000,6,Caution solidaire,1.42,1
CSWA-01643,40,Femme,Urbaine,Marié(e),Primaire,5,Fonctionnaire,5.5,108000,54000,125,1,68900,Irrégulière,4,64.9,1.0,1,12,1,Jamais emprunté ailleurs,0,0,Intrants agricoles,555000,9,Bien matériel,1.14,0
CSWA-01644,46,Homme,Rurale,Marié(e),Aucun,4,Artisanat,8.8,44000,37000,137,0,22800,Irrégulière,1,81.4,13.0,0,0,1,Bon payeur ailleurs (solde sans incident),0,0,Intrants agricoles,220000,24,Bien matériel,1.08,0
CSWA-01645,25,Homme,Rurale,Marié(e),Secondaire,2,Artisanat,4.8,109000,61000,44,1,35800,Régulière,1,68.2,15.0,1,8,1,Jamais emprunté ailleurs,0,0,Intrants agricoles,301000,3,Aucune,1.59,0
CSWA-01646,32,Femme,Urbaine,Marié(e),Aucun,3,Autre service,6.8,82000,40000,35,0,26000,Irrégulière,1,73.0,4.0,0,0,1,Jamais emprunté ailleurs,0,0,Evénement social,403000,12,Aval d'un tiers,0.95,1
CSWA-01647,35,Homme,Urbaine,Marié(e),Primaire,1,Commerce informel,4.1,21000,16000,102,1,23200,Régulière,1,95.6,0.0,1,4,1,Bon payeur ailleurs (solde sans incident),0,0,Intrants agricoles,71000,12,Caution solidaire,1.08,0
CSWA-01648,50,Homme,Rurale,Marié(e),Secondaire,3,Agriculture,3.3,104000,67000,111,1,58600,Irrégulière,1,87.8,23.0,1,9,1,Jamais emprunté ailleurs,0,0,Fonds de commerce,330000,12,Aucune,0.94,0
CSWA-01649,64,Homme,Urbaine,Marié(e),Primaire,2,Commerce informel,4.7,164000,132000,9,1,14500,Aucune épargne,2,91.1,0.0,1,12,1,Bon payeur ailleurs (solde sans incident),0,0,Fonds de commerce,677000,9,Bien matériel,1.32,0
CSWA-01650,58,Femme,Rurale,Célibataire,Aucun,1,Commerce informel,1.9,192000,77000,131,1,232700,Régulière,0,,,0,0,1,Bon payeur ailleurs (solde sans incident),0,0,Elevage,491000,3,Bien matériel,1.36,0
CSWA-01651,27,Homme,Semi-urbaine,Marié(e),Primaire,0,Commerce informel,3.1,79000,30000,87,1,73200,Irrégulière,1,78.4,5.0,1,5,1,Pret en cours ailleurs,1,31000,Fonds de commerce,389000,12,Caution solidaire,0.87,1
CSWA-01652,19,Homme,Urbaine,Marié(e),Secondaire,1,Artisanat,5.4,128000,105000,66,0,121300,Régulière,1,99.0,10.0,1,3,1,Bon payeur ailleurs (solde sans incident),0,0,Fonds de commerce,650000,18,Caution solidaire,1.14,0
CSWA-01653,21,Homme,Rurale,Marié(e),Secondaire,3,Commerce informel,6.9,109000,62000,85,0,125500,Irrégulière,1,93.8,11.0,0,0,1,Pret en cours ailleurs,1,81000,Habitat/Réparation,128000,6,Bien matériel,0.86,0
CSWA-01654,46,Homme,Urbaine,Marié(e),Primaire,1,Restauration/Transformation,10.5,53000,24000,87,0,58200,Régulière,3,90.2,2.0,0,0,1,Bon payeur ailleurs (solde sans incident),0,0,Elevage,142000,24,Bien matériel,0.58,0
CSWA-01655,26,Homme,Urbaine,Marié(e),Aucun,3,Restauration/Transformation,5.2,49000,35000,130,0,68500,Irrégulière,4,75.4,13.0,1,7,0,Non consulté,0,0,Habitat/Réparation,51000,3,Caution solidaire,1.1,0
CSWA-01656,29,Homme,Semi-urbaine,Marié(e),Primaire,8,Agriculture,3.3,79000,67000,12,1,4200,Irrégulière,0,,,1,8,1,Jamais emprunté ailleurs,0,0,Education,264000,6,Aucune,1.47,1
CSWA-01657,58,Homme,Semi-urbaine,Marié(e),Aucun,1,Elevage,2.4,71000,60000,153,0,27000,Irrégulière,1,40.1,11.0,1,8,1,Bon payeur ailleurs (solde sans incident),0,0,Equipement/Matériel,88000,12,Caution solidaire,0.96,0
CSWA-01658,60,Homme,Semi-urbaine,Célibataire,Secondaire,1,Commerce informel,10.0,85000,71000,49,1,43800,Régulière,1,73.2,2.0,0,0,1,Jamais emprunté ailleurs,0,0,Education,139000,3,Caution solidaire,1.45,0
CSWA-01659,58,Femme,Urbaine,Marié(e),Secondaire,1,Restauration/Transformation,6.0,64000,27000,155,1,89000,Régulière,1,89.0,1.0,1,7,1,Bon payeur ailleurs (solde sans incident),0,0,Elevage,67000,9,Aucune,0.55,0
CSWA-01660,30,Homme,Rurale,Divorcé(e),Secondaire,2,Agriculture,5.1,91000,71000,30,1,23600,Aucune épargne,2,91.8,5.0,1,8,1,Bon payeur ailleurs (solde sans incident),0,0,Education,315000,12,Caution solidaire,1.1,0
CSWA-01661,48,Homme,Rurale,Célibataire,Supérieur,5,Salarié secteur formel,6.1,136000,56000,65,0,94700,Régulière,2,71.7,3.0,1,9,1,Jamais emprunté ailleurs,0,0,Evénement social,119000,36,Caution solidaire,0.44,0
CSWA-01662,47,Femme,Semi-urbaine,Marié(e),Primaire,2,Elevage,8.9,187000,99000,68,1,121500,Aucune épargne,2,64.2,1.0,0,0,1,Jamais emprunté ailleurs,0,0,Fonds de commerce,434000,6,Caution solidaire,0.96,0
CSWA-01663,27,Femme,Rurale,Marié(e),Supérieur,3,Restauration/Transformation,12.2,30000,13000,32,1,3600,Régulière,1,51.2,4.0,0,0,1,Bon payeur ailleurs (solde sans incident),0,0,Habitat/Réparation,116000,9,Bien matériel,0.91,0
CSWA-01664,45,Femme,Semi-urbaine,Marié(e),Secondaire,2,Agriculture,2.1,77000,41000,17,1,18000,Irrégulière,3,63.4,6.0,1,8,0,Non consulté,0,0,Education,276000,9,Aval d'un tiers,0.98,0
CSWA-01665,43,Homme,Urbaine,Célibataire,Aucun,4,Agriculture,4.8,72000,34000,1,1,8600,Irrégulière,0,,,1,13,1,Bon payeur ailleurs (solde sans incident),0,0,Fonds de commerce,66000,24,Aucune,0.52,0
CSWA-01666,37,Homme,Rurale,Célibataire,Secondaire,5,Agriculture,8.4,75000,60000,150,1,24500,Régulière,2,81.7,23.0,1,6,1,Incident de paiement signale ailleurs,0,0,Fonds de commerce,265000,18,Aucune,1.02,0
CSWA-01667,54,Homme,Semi-urbaine,Célibataire,Secondaire,5,Artisanat,2.3,51000,43000,22,1,10200,Irrégulière,4,41.5,0.0,1,12,1,Bon payeur ailleurs (solde sans incident),0,0,Fonds de commerce,133000,12,Aucune,1.09,1
CSWA-01668,50,Homme,Urbaine,Veuf(ve),Supérieur,4,Elevage,14.8,35000,15000,133,0,63700,Régulière,1,95.4,4.0,1,4,1,Incident de paiement signale ailleurs,0,0,Fonds de commerce,58000,18,Caution solidaire,0.53,0
CSWA-01669,44,Homme,Rurale,Marié(e),Aucun,2,Transport,4.8,92000,38000,4,0,8400,Régulière,1,92.2,2.0,1,10,1,Bon payeur ailleurs (solde sans incident),0,0,Equipement/Matériel,160000,18,Caution solidaire,0.52,0
CSWA-01670,53,Femme,Rurale,Célibataire,Primaire,1,Commerce informel,16.0,72000,31000,156,0,89900,Irrégulière,1,48.3,4.0,0,0,0,Non consulté,0,0,Education,305000,24,Caution solidaire,0.63,0
CSWA-01671,54,Homme,Semi-urbaine,Marié(e),Secondaire,1,Fonctionnaire,2.0,75000,47000,45,0,46300,Régulière,2,70.3,12.0,1,6,1,Jamais emprunté ailleurs,0,0,Education,355000,18,Aucune,0.92,1
CSWA-01672,45,Femme,Urbaine,Célibataire,Aucun,2,Fonctionnaire,9.8,68000,54000,171,0,135400,Irrégulière,0,,,1,12,0,Non consulté,0,0,Fonds de commerce,206000,6,Bien matériel,1.36,0
CSWA-01673,31,Homme,Semi-urbaine,Marié(e),Secondaire,7,Commerce informel,3.6,208000,150000,85,1,176300,Irrégulière,1,77.7,1.0,1,13,1,Jamais emprunté ailleurs,0,0,Education,866000,3,Aval d'un tiers,2.28,0
CSWA-01674,54,Homme,Rurale,Célibataire,Primaire,4,Commerce informel,5.6,77000,43000,102,1,52400,Irrégulière,1,94.8,9.0,1,7,1,Jamais emprunté ailleurs,0,0,Fonds de commerce,234000,3,Caution solidaire,1.69,0
CSWA-01675,52,Femme,Rurale,Marié(e),Aucun,2,Artisanat,7.9,20000,17000,86,0,20200,Régulière,1,49.5,10.0,0,0,1,Jamais emprunté ailleurs,0,0,Intrants agricoles,47000,3,Caution solidaire,1.72,0
CSWA-01676,65,Femme,Rurale,Marié(e),Aucun,3,Commerce informel,9.4,90000,56000,135,0,159200,Régulière,2,88.5,7.0,0,0,1,Jamais emprunté ailleurs,0,0,Elevage,464000,9,Aucune,1.26,0
CSWA-01677,26,Homme,Urbaine,Marié(e),Secondaire,6,Commerce informel,7.2,62000,46000,40,1,6800,Aucune épargne,0,,,0,0,1,Pret en cours ailleurs,1,150000,Fonds de commerce,230000,12,Caution solidaire,1.31,1
CSWA-01678,38,Femme,Semi-urbaine,Veuf(ve),Aucun,3,Elevage,5.4,43000,26000,89,1,40400,Aucune épargne,2,90.2,9.0,1,9,0,Non consulté,0,0,Intrants agricoles,77000,6,Bien matériel,0.94,0
CSWA-01679,62,Homme,Semi-urbaine,Marié(e),Secondaire,1,Artisanat,6.1,159000,109000,45,0,75600,Aucune épargne,1,86.9,2.0,1,14,1,Pret en cours ailleurs,1,173000,Intrants agricoles,787000,18,Aucune,1.09,1
CSWA-01680,43,Homme,Semi-urbaine,Marié(e),Secondaire,2,Commerce informel,21.1,135000,73000,142,0,47600,Irrégulière,3,68.5,5.0,0,0,1,Bon payeur ailleurs (solde sans incident),0,0,Equipement/Matériel,212000,12,Aval d'un tiers,0.69,0
CSWA-01681,63,Femme,Semi-urbaine,Marié(e),Secondaire,4,Fonctionnaire,10.2,122000,46000,155,1,241500,Irrégulière,0,,,1,11,1,Pret en cours ailleurs,1,117000,Fonds de commerce,270000,3,Caution solidaire,1.29,0
CSWA-01682,19,Homme,Rurale,Marié(e),Primaire,1,Commerce informel,2.9,84000,55000,97,1,106200,Irrégulière,0,,,1,13,1,Jamais emprunté ailleurs,0,0,Elevage,351000,12,Aucune,1.05,0
CSWA-01683,20,Femme,Rurale,Veuf(ve),Aucun,2,Commerce informel,6.0,107000,53000,113,0,28000,Irrégulière,1,85.4,4.0,1,11,1,Jamais emprunté ailleurs,0,0,Intrants agricoles,103000,3,Bien matériel,0.86,0
CSWA-01684,56,Femme,Semi-urbaine,Divorcé(e),Secondaire,2,Commerce informel,7.4,34000,21000,133,1,50100,Régulière,1,90.3,10.0,0,0,1,Pret en cours ailleurs,1,114000,Elevage,58000,12,Bien matériel,1.08,0
CSWA-01685,35,Homme,Urbaine,Célibataire,Aucun,5,Fonctionnaire,0.9,86000,58000,74,0,24100,Régulière,1,84.3,10.0,0,0,1,Pret en cours ailleurs,1,114000,Fonds de commerce,248000,36,Caution solidaire,0.88,0
CSWA-01686,43,Homme,Semi-urbaine,Célibataire,Aucun,0,Salarié secteur formel,11.0,118000,68000,50,1,22000,Régulière,2,95.5,28.0,1,10,1,Pret en cours ailleurs,1,162000,Habitat/Réparation,482000,12,Aucune,1.08,0
CSWA-01687,39,Homme,Rurale,Marié(e),Supérieur,3,Commerce informel,3.1,143000,61000,171,1,53500,Irrégulière,2,74.0,1.0,1,10,0,Non consulté,0,0,Equipement/Matériel,425000,12,Aval d'un tiers,0.7,0
CSWA-01688,38,Femme,Rurale,Marié(e),Primaire,3,Restauration/Transformation,3.8,45000,34000,124,0,58100,Régulière,2,77.1,29.0,1,6,0,Non consulté,0,0,Fonds de commerce,40000,12,Caution solidaire,0.84,0
CSWA-01689,63,Femme,Urbaine,Marié(e),Aucun,3,Commerce informel,2.5,90000,39000,5,0,11100,Régulière,1,95.9,2.0,1,11,1,Jamais emprunté ailleurs,0,0,Habitat/Réparation,493000,12,Aval d'un tiers,0.94,0
CSWA-01690,23,Homme,Urbaine,Célibataire,Supérieur,2,Commerce informel,9.9,44000,18000,105,0,40500,Régulière,0,,,1,11,1,Pret en cours ailleurs,1,373000,Elevage,206000,6,Aucune,2.05,0
CSWA-01691,55,Homme,Urbaine,Marié(e),Aucun,2,Commerce informel,8.1,88000,45000,81,0,29400,Aucune épargne,1,77.0,0.0,1,4,1,Incident de paiement signale ailleurs,0,0,Santé,298000,6,Aucune,1.14,0
CSWA-01692,60,Femme,Rurale,Célibataire,Aucun,4,Salarié secteur formel,10.2,184000,70000,45,0,25700,Irrégulière,1,94.9,17.0,0,0,1,Jamais emprunté ailleurs,0,0,Education,943000,3,Bien matériel,2.29,0
CSWA-01693,49,Homme,Rurale,Marié(e),Primaire,3,Agriculture,12.8,50000,26000,143,0,19900,Régulière,3,93.5,6.0,0,0,1,Bon payeur ailleurs (solde sans incident),0,0,Elevage,83000,18,Aucune,0.62,0
CSWA-01694,37,Femme,Urbaine,Marié(e),Secondaire,4,Artisanat,6.5,98000,71000,124,1,40600,Régulière,4,80.6,1.0,1,9,1,Bon payeur ailleurs (solde sans incident),0,0,Intrants agricoles,90000,12,Caution solidaire,0.81,0
CSWA-01695,26,Femme,Urbaine,Marié(e),Secondaire,3,Commerce informel,4.2,54000,40000,84,0,38300,Irrégulière,2,78.4,20.0,1,12,1,Pret en cours ailleurs,1,166000,Habitat/Réparation,224000,12,Caution solidaire,1.4,0
CSWA-01696,51,Femme,Rurale,Célibataire,Secondaire,0,Fonctionnaire,6.5,154000,89000,67,0,154000,Irrégulière,1,65.6,8.0,1,8,0,Non consulté,0,0,Habitat/Réparation,169000,3,Aucune,0.99,0
CSWA-01697,41,Homme,Urbaine,Célibataire,Supérieur,4,Autre service,3.8,98000,43000,41,0,56400,Régulière,4,67.2,4.0,1,6,1,Jamais emprunté ailleurs,0,0,Education,213000,9,Aucune,0.71,0
CSWA-01698,26,Homme,Semi-urbaine,Marié(e),Aucun,4,Commerce informel,7.8,36000,30000,114,1,7000,Régulière,1,39.5,9.0,0,0,1,Jamais emprunté ailleurs,0,0,Habitat/Réparation,118000,18,Caution solidaire,1.04,0
CSWA-01699,35,Homme,Urbaine,Célibataire,Primaire,1,Restauration/Transformation,11.2,68000,52000,154,0,34500,Irrégulière,1,76.0,4.0,1,8,1,Bon payeur ailleurs (solde sans incident),0,0,Elevage,98000,3,Aucune,1.3,0
CSWA-01700,64,Femme,Rurale,Célibataire,Aucun,6,Restauration/Transformation,3.3,35000,12000,119,0,43000,Aucune épargne,1,77.3,0.0,1,2,0,Non consulté,0,0,Equipement/Matériel,76000,9,Aucune,0.61,0
CSWA-01701,31,Femme,Urbaine,Marié(e),Supérieur,3,Autre service,6.6,38000,25000,2,1,3600,Régulière,2,86.7,2.0,0,0,1,Incident de paiement signale ailleurs,0,0,Equipement/Matériel,88000,3,Bien matériel,1.52,1
CSWA-01702,27,Homme,Rurale,Célibataire,Supérieur,3,Elevage,5.3,154000,127000,121,0,63700,Régulière,3,86.8,8.0,1,7,1,Jamais emprunté ailleurs,0,0,Equipement/Matériel,152000,24,Bien matériel,0.87,0
CSWA-01703,51,Femme,Rurale,Marié(e),Primaire,1,Commerce informel,5.6,64000,52000,79,1,72600,Irrégulière,0,,,1,14,1,Jamais emprunté ailleurs,0,0,Habitat/Réparation,202000,36,Caution solidaire,0.91,0
CSWA-01704,28,Femme,Rurale,Marié(e),Secondaire,5,Agriculture,9.8,54000,30000,124,0,59900,Irrégulière,1,75.2,6.0,1,9,1,Jamais emprunté ailleurs,0,0,Education,209000,9,Caution solidaire,1.04,0
CSWA-01705,62,Homme,Rurale,Marié(e),Secondaire,4,Artisanat,7.5,129000,85000,69,0,72000,Régulière,2,74.5,12.0,1,12,1,Jamais emprunté ailleurs,0,0,Fonds de commerce,125000,3,Bien matériel,1.02,0
CSWA-01706,59,Homme,Rurale,Marié(e),Aucun,6,Elevage,4.8,197000,130000,76,0,185700,Aucune épargne,1,78.6,2.0,0,0,0,Non consulté,0,0,Elevage,564000,6,Caution solidaire,1.19,1
CSWA-01707,65,Homme,Urbaine,Marié(e),Primaire,5,Commerce informel,5.2,93000,66000,82,0,44500,Irrégulière,0,,,1,9,1,Jamais emprunté ailleurs,0,0,Elevage,183000,6,Aval d'un tiers,1.08,1
CSWA-01708,61,Femme,Rurale,Marié(e),Supérieur,2,Transport,6.0,142000,117000,113,0,173500,Irrégulière,1,87.8,2.0,0,0,1,Pret en cours ailleurs,3,163000,Habitat/Réparation,344000,6,Bien matériel,1.38,0
CSWA-01709,30,Femme,Urbaine,Marié(e),Primaire,3,Salarié secteur formel,5.8,169000,99000,152,0,354600,Irrégulière,2,99.0,0.0,1,8,0,Non consulté,0,0,Elevage,769000,6,Aucune,1.43,0
CSWA-01710,28,Femme,Rurale,Célibataire,Aucun,3,Elevage,6.0,83000,32000,164,1,194000,Régulière,1,90.6,1.0,1,5,1,Bon payeur ailleurs (solde sans incident),0,0,Intrants agricoles,273000,18,Caution solidaire,0.59,0
CSWA-01711,35,Femme,Rurale,Marié(e),Supérieur,1,Elevage,8.8,81000,58000,32,0,2400,Irrégulière,2,88.1,6.0,1,10,1,Jamais emprunté ailleurs,0,0,Fonds de commerce,143000,6,Caution solidaire,1.05,0
CSWA-01712,41,Femme,Semi-urbaine,Marié(e),Primaire,1,Elevage,2.5,97000,80000,13,0,1800,Régulière,1,80.4,3.0,1,10,0,Non consulté,0,0,Intrants agricoles,94000,12,Aucune,0.92,0
CSWA-01713,60,Femme,Rurale,Marié(e),Primaire,5,Elevage,7.5,137000,108000,150,1,220300,Régulière,0,,,0,0,0,Non consulté,0,0,Intrants agricoles,740000,18,Caution solidaire,1.12,0
CSWA-01714,53,Femme,Urbaine,Marié(e),Secondaire,4,Commerce informel,8.0,36000,13000,141,1,2000,Régulière,1,59.9,7.0,1,9,1,Jamais emprunté ailleurs,0,0,Elevage,64000,18,Bien matériel,0.47,0
CSWA-01715,49,Femme,Urbaine,Célibataire,Primaire,3,Agriculture,15.5,50000,40000,51,0,25700,Aucune épargne,1,97.4,6.0,0,0,1,Incident de paiement signale ailleurs,0,0,Habitat/Réparation,59000,6,Caution solidaire,1.02,0
CSWA-01716,60,Femme,Urbaine,Veuf(ve),Primaire,2,Agriculture,5.4,62000,26000,24,0,18400,Aucune épargne,4,93.5,2.0,1,3,1,Bon payeur ailleurs (solde sans incident),0,0,Education,160000,36,Aval d'un tiers,0.5,0
CSWA-01717,49,Femme,Rurale,Marié(e),Aucun,3,Autre service,7.5,47000,39000,23,1,1800,Régulière,1,98.4,1.0,0,0,1,Bon payeur ailleurs (solde sans incident),0,0,Intrants agricoles,250000,18,Bien matériel,1.16,0
CSWA-01718,36,Femme,Semi-urbaine,Célibataire,Secondaire,0,Commerce informel,9.7,92000,66000,84,0,5200,Irrégulière,3,81.1,22.0,1,10,1,Pret en cours ailleurs,2,292000,Habitat/Réparation,286000,9,Bien matériel,1.39,0
CSWA-01719,38,Femme,Semi-urbaine,Marié(e),Primaire,3,Agriculture,7.4,91000,38000,51,0,36200,Irrégulière,0,,,1,12,0,Non consulté,0,0,Fonds de commerce,104000,18,Caution solidaire,0.49,0
CSWA-01720,43,Femme,Rurale,Divorcé(e),Secondaire,3,Elevage,1.4,83000,33000,30,0,36900,Irrégulière,1,71.2,0.0,1,12,1,Pret en cours ailleurs,1,133000,Fonds de commerce,323000,6,Caution solidaire,1.27,0
CSWA-01721,23,Femme,Urbaine,Marié(e),Secondaire,0,Salarié secteur formel,1.5,176000,86000,147,1,211600,Régulière,1,89.3,4.0,1,11,0,Non consulté,0,0,Habitat/Réparation,719000,12,Bien matériel,0.87,0
CSWA-01722,53,Femme,Semi-urbaine,Marié(e),Aucun,4,Elevage,5.1,170000,79000,141,0,350800,Aucune épargne,1,87.7,5.0,1,8,1,Bon payeur ailleurs (solde sans incident),0,0,Equipement/Matériel,164000,18,Caution solidaire,0.52,0
CSWA-01723,49,Femme,Urbaine,Marié(e),Secondaire,2,Commerce informel,5.8,91000,32000,96,1,92800,Irrégulière,2,59.6,2.0,1,8,0,Non consulté,0,0,Education,78000,6,Aucune,0.51,0
CSWA-01724,53,Femme,Rurale,Marié(e),Secondaire,3,Elevage,6.9,74000,59000,7,1,3200,Irrégulière,3,79.5,17.0,1,6,1,Pret en cours ailleurs,1,246000,Elevage,157000,3,Aucune,1.89,1
CSWA-01725,44,Femme,Semi-urbaine,Marié(e),Supérieur,2,Commerce informel,2.4,84000,35000,26,1,8500,Aucune épargne,2,82.8,18.0,0,0,1,Bon payeur ailleurs (solde sans incident),0,0,Santé,261000,9,Caution solidaire,0.8,0
CSWA-01726,55,Femme,Rurale,Marié(e),Aucun,5,Artisanat,8.2,122000,103000,127,0,142800,Aucune épargne,1,81.7,6.0,1,10,0,Non consulté,0,0,Evénement social,631000,12,Caution solidaire,1.33,0
CSWA-01727,63,Femme,Urbaine,Marié(e),Primaire,1,Restauration/Transformation,2.4,91000,44000,68,1,32200,Régulière,0,,,1,11,1,Bon payeur ailleurs (solde sans incident),0,0,Intrants agricoles,331000,18,Caution solidaire,0.71,0
CSWA-01728,45,Homme,Urbaine,Célibataire,Secondaire,0,Elevage,7.3,50000,32000,73,0,14000,Régulière,2,70.1,0.0,0,0,1,Jamais emprunté ailleurs,0,0,Intrants agricoles,227000,36,Bien matériel,0.78,0
CSWA-01729,39,Femme,Rurale,Célibataire,Supérieur,3,Artisanat,2.9,213000,149000,147,0,191600,Irrégulière,4,89.0,6.0,1,9,1,Jamais emprunté ailleurs,0,0,Fonds de commerce,835000,12,Aval d'un tiers,1.07,0
CSWA-01730,23,Femme,Urbaine,Marié(e),Supérieur,3,Commerce informel,7.9,104000,52000,48,0,40700,Irrégulière,1,95.0,0.0,0,0,1,Jamais emprunté ailleurs,0,0,Education,517000,18,Caution solidaire,0.81,0
CSWA-01731,55,Femme,Rurale,Célibataire,Primaire,5,Restauration/Transformation,9.7,43000,25000,177,1,105600,Aucune épargne,2,87.4,24.0,1,10,1,Jamais emprunté ailleurs,0,0,Evénement social,209000,9,Aucune,1.19,0
CSWA-01732,61,Femme,Rurale,Marié(e),Primaire,4,Autre service,3.4,30000,22000,173,1,74500,Irrégulière,1,94.4,7.0,1,8,1,Pret en cours ailleurs,1,95000,Evénement social,30000,12,Aval d'un tiers,1.11,0
CSWA-01733,51,Femme,Urbaine,Divorcé(e),Aucun,3,Elevage,7.2,118000,45000,108,0,140800,Irrégulière,3,69.7,8.0,1,9,1,Bon payeur ailleurs (solde sans incident),0,0,Intrants agricoles,272000,12,Caution solidaire,0.6,0
CSWA-01734,59,Femme,Urbaine,Marié(e),Secondaire,4,Transport,6.3,165000,88000,53,0,33900,Régulière,1,93.3,0.0,1,8,1,Bon payeur ailleurs (solde sans incident),0,0,Equipement/Matériel,320000,6,Caution solidaire,0.9,0
CSWA-01735,59,Homme,Semi-urbaine,Célibataire,Secondaire,4,Artisanat,3.3,104000,77000,178,1,131300,Régulière,1,82.7,10.0,1,6,1,Bon payeur ailleurs (solde sans incident),0,0,Fonds de commerce,91000,6,Aucune,0.9,0
CSWA-01736,56,Femme,Rurale,Veuf(ve),Secondaire,6,Restauration/Transformation,2.3,113000,58000,39,0,7800,Régulière,0,,,1,7,1,Jamais emprunté ailleurs,0,0,Equipement/Matériel,176000,12,Caution solidaire,0.66,0
CSWA-01737,42,Homme,Rurale,Célibataire,Primaire,0,Agriculture,8.3,115000,44000,156,1,156100,Régulière,0,,,1,10,1,Jamais emprunté ailleurs,0,0,Fonds de commerce,216000,36,Caution solidaire,0.44,0
CSWA-01738,23,Femme,Rurale,Célibataire,Supérieur,1,Autre service,14.3,81000,36000,78,1,61500,Irrégulière,1,60.1,17.0,1,11,1,Pret en cours ailleurs,1,62000,Fonds de commerce,444000,3,Aval d'un tiers,2.56,0
CSWA-01739,19,Femme,Urbaine,Marié(e),Aucun,1,Commerce informel,4.8,32000,22000,155,0,30600,Régulière,1,55.3,2.0,1,2,1,Pret en cours ailleurs,1,44000,Fonds de commerce,136000,6,Caution solidaire,1.61,0
CSWA-01740,28,Femme,Rurale,Célibataire,Primaire,3,Commerce informel,1.4,55000,46000,55,1,10700,Régulière,1,84.7,2.0,0,0,0,Non consulté,0,0,Fonds de commerce,93000,6,Aucune,1.15,0
CSWA-01741,39,Homme,Rurale,Marié(e),Primaire,8,Commerce informel,0.9,125000,58000,129,1,238900,Irrégulière,0,,,1,14,0,Non consulté,0,0,Equipement/Matériel,264000,12,Aucune,0.66,0
CSWA-01742,53,Homme,Rurale,Marié(e),Primaire,6,Artisanat,6.0,112000,68000,132,1,13500,Régulière,1,84.2,3.0,1,7,1,Jamais emprunté ailleurs,0,0,Intrants agricoles,258000,9,Caution solidaire,0.89,1
CSWA-01743,40,Femme,Semi-urbaine,Divorcé(e),Secondaire,2,Artisanat,1.9,73000,34000,68,1,54900,Irrégulière,0,,,1,7,1,Jamais emprunté ailleurs,0,0,Equipement/Matériel,294000,9,Caution solidaire,0.97,0
CSWA-01744,20,Femme,Semi-urbaine,Marié(e),Primaire,4,Restauration/Transformation,1.6,60000,49000,6,0,5600,Irrégulière,1,50.3,0.0,1,9,0,Non consulté,0,0,Equipement/Matériel,243000,12,Aval d'un tiers,1.2,0
CSWA-01745,28,Homme,Semi-urbaine,Marié(e),Aucun,6,Commerce informel,3.3,89000,71000,54,0,41100,Régulière,0,,,1,7,1,Incident de paiement signale ailleurs,0,0,Equipement/Matériel,131000,3,Bien matériel,1.35,0
CSWA-01746,65,Femme,Rurale,Veuf(ve),Aucun,1,Restauration/Transformation,8.1,67000,37000,125,0,25800,Régulière,0,,,1,9,0,Non consulté,0,0,Intrants agricoles,200000,36,Aucune,0.64,0
CSWA-01747,65,Homme,Rurale,Marié(e),Primaire,2,Commerce informel,7.8,77000,28000,143,0,141600,Irrégulière,1,71.4,1.0,1,3,0,Non consulté,0,0,Fonds de commerce,117000,18,Caution solidaire,0.46,0
CSWA-01748,36,Femme,Rurale,Marié(e),Secondaire,2,Restauration/Transformation,8.4,87000,57000,76,1,61400,Irrégulière,1,36.3,7.0,1,6,1,Bon payeur ailleurs (solde sans incident),0,0,Intrants agricoles,237000,12,Bien matériel,0.91,0
CSWA-01749,56,Homme,Urbaine,Marié(e),Primaire,6,Commerce informel,4.1,53000,35000,161,0,87700,Irrégulière,1,61.3,3.0,0,0,1,Bon payeur ailleurs (solde sans incident),0,0,Elevage,212000,18,Aval d'un tiers,0.91,1
CSWA-01750,52,Homme,Semi-urbaine,Célibataire,Primaire,2,Agriculture,4.3,125000,82000,142,1,190500,Irrégulière,0,,,0,0,1,Jamais emprunté ailleurs,0,0,Intrants agricoles,523000,12,Aval d'un tiers,1.05,1
CSWA-01751,62,Homme,Semi-urbaine,Célibataire,Aucun,2,Agriculture,10.1,74000,37000,19,1,2900,Irrégulière,0,,,0,0,0,Non consulté,0,0,Fonds de commerce,89000,3,Caution solidaire,0.95,0
CSWA-01752,60,Femme,Urbaine,Marié(e),Secondaire,2,Agriculture,4.6,106000,38000,61,1,46400,Régulière,1,84.1,1.0,1,5,1,Bon payeur ailleurs (solde sans incident),0,0,Intrants agricoles,444000,18,Aucune,0.62,0
CSWA-01753,48,Femme,Semi-urbaine,Célibataire,Primaire,3,Restauration/Transformation,2.3,84000,31000,95,1,95100,Régulière,0,,,0,0,1,Pret en cours ailleurs,1,122000,Fonds de commerce,269000,24,Aucune,0.65,0
CSWA-01754,37,Femme,Semi-urbaine,Marié(e),Primaire,4,Autre service,3.4,189000,140000,4,1,10500,Régulière,1,82.0,0.0,0,0,1,Bon payeur ailleurs (solde sans incident),0,0,Evénement social,611000,12,Bien matériel,1.04,0
CSWA-01755,48,Femme,Rurale,Célibataire,Primaire,7,Elevage,8.5,109000,67000,50,1,60300,Régulière,2,88.0,27.0,1,7,1,Bon payeur ailleurs (solde sans incident),0,0,Equipement/Matériel,453000,3,Aucune,2.17,0
CSWA-01756,33,Homme,Semi-urbaine,Célibataire,Aucun,5,Agriculture,7.2,101000,49000,138,0,81500,Irrégulière,1,83.6,2.0,1,7,1,Jamais emprunté ailleurs,0,0,Education,366000,18,Caution solidaire,0.71,0
CSWA-01757,35,Homme,Urbaine,Divorcé(e),Aucun,2,Commerce informel,5.1,99000,80000,154,0,184800,Irrégulière,0,,,1,10,1,Jamais emprunté ailleurs,0,0,Fonds de commerce,114000,9,Aval d'un tiers,0.95,0
CSWA-01758,47,Homme,Urbaine,Marié(e),Aucun,4,Artisanat,1.8,254000,201000,24,1,77600,Régulière,2,73.3,6.0,0,0,0,Non consulté,0,0,Intrants agricoles,532000,18,Aval d'un tiers,0.92,1
CSWA-01759,45,Femme,Urbaine,Marié(e),Secondaire,2,Agriculture,7.1,79000,60000,108,0,107200,Régulière,1,65.8,5.0,1,13,1,Pret en cours ailleurs,1,78000,Equipement/Matériel,272000,36,Caution solidaire,0.96,0
CSWA-01760,46,Homme,Rurale,Marié(e),Aucun,5,Transport,4.5,88000,58000,86,1,75000,Aucune épargne,1,77.8,14.0,1,21,1,Bon payeur ailleurs (solde sans incident),0,0,Intrants agricoles,439000,6,Caution solidaire,1.59,0
CSWA-01761,37,Femme,Urbaine,Marié(e),Aucun,3,Artisanat,2.2,86000,57000,154,1,102400,Régulière,1,97.8,1.0,1,11,1,Pret en cours ailleurs,2,119000,Intrants agricoles,240000,9,Aval d'un tiers,1.13,0
CSWA-01762,38,Homme,Semi-urbaine,Marié(e),Supérieur,7,Agriculture,8.4,27000,17000,150,0,52100,Irrégulière,2,62.3,11.0,1,5,1,Pret en cours ailleurs,2,101000,Elevage,91000,3,Aucune,2.23,0
CSWA-01763,19,Homme,Urbaine,Marié(e),Primaire,1,Autre service,4.7,85000,38000,172,1,86200,Irrégulière,0,,,1,10,1,Jamais emprunté ailleurs,0,0,Evénement social,395000,18,Caution solidaire,0.74,1
CSWA-01764,47,Homme,Urbaine,Marié(e),Primaire,1,Commerce informel,5.8,141000,101000,167,1,340200,Irrégulière,1,71.8,3.0,0,0,1,Bon payeur ailleurs (solde sans incident),0,0,Education,649000,18,Aval d'un tiers,1.0,0
CSWA-01765,46,Homme,Rurale,Veuf(ve),Primaire,3,Restauration/Transformation,11.0,107000,65000,133,1,178200,Régulière,2,85.7,1.0,0,0,1,Jamais emprunté ailleurs,0,0,Habitat/Réparation,203000,12,Bien matériel,0.78,0
CSWA-01766,62,Femme,Urbaine,Marié(e),Aucun,2,Agriculture,6.7,186000,116000,45,0,35800,Aucune épargne,2,56.9,2.0,0,0,1,Jamais emprunté ailleurs,0,0,Elevage,600000,18,Caution solidaire,0.82,1
CSWA-01767,42,Femme,Rurale,Marié(e),Aucun,2,Commerce informel,8.0,124000,86000,45,0,32600,Régulière,2,90.2,10.0,1,9,1,Jamais emprunté ailleurs,0,0,Intrants agricoles,500000,6,Bien matériel,1.45,0
CSWA-01768,40,Homme,Urbaine,Célibataire,Secondaire,6,Commerce informel,5.6,107000,57000,151,0,217700,Irrégulière,1,68.3,1.0,1,16,1,Bon payeur ailleurs (solde sans incident),0,0,Equipement/Matériel,513000,6,Caution solidaire,1.43,1
CSWA-01769,22,Femme,Semi-urbaine,Marié(e),Primaire,4,Restauration/Transformation,9.0,132000,93000,126,1,67200,Irrégulière,1,69.6,2.0,1,11,0,Non consulté,0,0,Education,540000,12,Aval d'un tiers,1.09,1
CSWA-01770,28,Femme,Rurale,Marié(e),Secondaire,4,Commerce informel,2.6,99000,47000,140,1,21300,Irrégulière,1,49.6,5.0,1,12,1,Pret en cours ailleurs,1,373000,Education,378000,6,Aval d'un tiers,1.53,0
CSWA-01771,34,Femme,Urbaine,Marié(e),Supérieur,8,Salarié secteur formel,1.8,132000,103000,51,1,10000,Irrégulière,2,74.5,0.0,1,6,1,Jamais emprunté ailleurs,0,0,Equipement/Matériel,322000,6,Bien matériel,1.24,0
CSWA-01772,36,Femme,Urbaine,Marié(e),Aucun,7,Agriculture,2.4,75000,63000,167,0,163300,Irrégulière,3,79.6,3.0,0,0,1,Pret en cours ailleurs,1,532000,Habitat/Réparation,231000,12,Aucune,1.77,0
CSWA-01773,36,Femme,Urbaine,Marié(e),Secondaire,4,Agriculture,4.3,22000,14000,31,0,3900,Irrégulière,2,92.2,3.0,1,7,1,Bon payeur ailleurs (solde sans incident),0,0,Equipement/Matériel,110000,6,Caution solidaire,1.57,0
CSWA-01774,37,Femme,Semi-urbaine,Célibataire,Aucun,3,Restauration/Transformation,8.0,194000,105000,147,1,97800,Irrégulière,3,67.7,2.0,1,7,1,Jamais emprunté ailleurs,0,0,Fonds de commerce,888000,3,Aval d'un tiers,2.25,0
CSWA-01775,55,Femme,Rurale,Marié(e),Primaire,2,Commerce informel,4.0,72000,36000,61,1,18700,Irrégulière,0,,,1,4,1,Jamais emprunté ailleurs,0,0,Elevage,216000,18,Aucune,0.69,0
CSWA-01776,25,Femme,Rurale,Marié(e),Secondaire,4,Commerce informel,7.9,46000,37000,17,1,7100,Irrégulière,2,92.3,6.0,1,9,1,Incident de paiement signale ailleurs,0,0,Fonds de commerce,233000,36,Caution solidaire,0.96,0
CSWA-01777,34,Femme,Urbaine,Marié(e),Aucun,1,Agriculture,6.0,66000,34000,148,0,63300,Aucune épargne,1,92.4,14.0,1,11,1,Bon payeur ailleurs (solde sans incident),0,0,Fonds de commerce,336000,3,Aval d'un tiers,2.42,0
CSWA-01778,26,Homme,Semi-urbaine,Marié(e),Supérieur,1,Elevage,15.7,212000,160000,170,0,87400,Aucune épargne,1,91.6,1.0,1,12,1,Jamais emprunté ailleurs,0,0,Intrants agricoles,537000,9,Bien matériel,1.07,0
CSWA-01779,33,Femme,Urbaine,Marié(e),Primaire,3,Agriculture,6.1,84000,47000,175,1,110900,Régulière,0,,,1,9,1,Jamais emprunté ailleurs,0,0,Santé,280000,12,Aval d'un tiers,0.87,0
CSWA-01780,51,Femme,Rurale,Veuf(ve),Primaire,4,Agriculture,3.7,93000,73000,5,0,8300,Aucune épargne,1,78.9,2.0,1,9,1,Pret en cours ailleurs,2,244000,Intrants agricoles,264000,3,Caution solidaire,2.08,0
CSWA-01781,21,Homme,Semi-urbaine,Marié(e),Aucun,1,Restauration/Transformation,7.4,255000,144000,82,1,128000,Irrégulière,3,91.0,4.0,1,13,1,Pret en cours ailleurs,1,115000,Elevage,943000,6,Bien matériel,1.3,0
CSWA-01782,34,Femme,Urbaine,Marié(e),Primaire,2,Salarié secteur formel,5.8,133000,85000,62,1,77300,Irrégulière,2,84.1,2.0,0,0,0,Non consulté,0,0,Fonds de commerce,360000,12,Aucune,0.89,0
CSWA-01783,20,Femme,Rurale,Marié(e),Primaire,5,Agriculture,2.6,69000,28000,61,0,44700,Irrégulière,1,82.2,3.0,1,7,1,Pret en cours ailleurs,1,79000,Evénement social,323000,6,Caution solidaire,1.38,0
CSWA-01784,63,Homme,Urbaine,Célibataire,Aucun,3,Transport,5.0,32000,27000,71,0,22400,Régulière,0,,,0,0,1,Jamais emprunté ailleurs,0,0,Fonds de commerce,137000,12,Caution solidaire,1.24,0
CSWA-01785,53,Femme,Urbaine,Célibataire,Primaire,4,Commerce informel,5.0,115000,73000,4,0,2500,Régulière,2,71.0,5.0,1,8,1,Jamais emprunté ailleurs,0,0,Fonds de commerce,315000,9,Aucune,0.98,0
CSWA-01786,30,Femme,Semi-urbaine,Marié(e),Aucun,3,Elevage,5.1,56000,37000,88,1,33200,Régulière,1,71.4,0.0,1,13,1,Bon payeur ailleurs (solde sans incident),0,0,Equipement/Matériel,124000,3,Caution solidaire,1.49,0
CSWA-01787,28,Femme,Rurale,Célibataire,Supérieur,3,Agriculture,2.7,116000,48000,14,0,22200,Aucune épargne,2,93.7,0.0,1,10,1,Pret en cours ailleurs,2,150000,Evénement social,379000,12,Caution solidaire,0.84,0
CSWA-01788,23,Homme,Semi-urbaine,Marié(e),Primaire,2,Elevage,14.4,79000,55000,43,1,9000,Irrégulière,2,91.2,8.0,1,10,1,Pret en cours ailleurs,1,398000,Fonds de commerce,319000,9,Aucune,1.65,1
CSWA-01789,41,Homme,Rurale,Célibataire,Primaire,1,Commerce informel,1.9,101000,57000,130,0,172900,Régulière,2,80.6,3.0,1,6,1,Pret en cours ailleurs,2,266000,Intrants agricoles,286000,12,Caution solidaire,1.07,0
CSWA-01790,54,Femme,Urbaine,Marié(e),Secondaire,0,Commerce informel,11.1,132000,74000,23,1,20900,Irrégulière,2,44.6,19.0,1,10,1,Jamais emprunté ailleurs,0,0,Elevage,329000,6,Caution solidaire,1.03,1
CSWA-01791,46,Homme,Rurale,Célibataire,Secondaire,0,Commerce informel,5.5,31000,18000,122,1,34700,Irrégulière,2,92.0,9.0,0,0,0,Non consulté,0,0,Fonds de commerce,139000,12,Aval d'un tiers,1.0,0
CSWA-01792,60,Homme,Rurale,Célibataire,Secondaire,2,Commerce informel,3.1,87000,54000,151,0,65000,Irrégulière,1,29.6,6.0,0,0,1,Pret en cours ailleurs,1,84000,Elevage,264000,9,Caution solidaire,1.09,1
CSWA-01793,35,Homme,Urbaine,Célibataire,Supérieur,5,Agriculture,13.1,80000,60000,177,0,155700,Régulière,5,81.5,3.0,0,0,1,Bon payeur ailleurs (solde sans incident),0,0,Fonds de commerce,282000,6,Aval d'un tiers,1.41,0
CSWA-01794,32,Homme,Rurale,Marié(e),Aucun,0,Agriculture,0.6,95000,49000,116,1,32600,Irrégulière,1,83.1,10.0,1,7,1,Jamais emprunté ailleurs,0,0,Equipement/Matériel,305000,18,Bien matériel,0.72,0
CSWA-01795,41,Femme,Rurale,Célibataire,Primaire,0,Commerce informel,3.0,107000,85000,159,0,196000,Aucune épargne,2,76.5,6.0,1,8,1,Jamais emprunté ailleurs,0,0,Intrants agricoles,190000,6,Aucune,1.13,0
CSWA-01796,28,Femme,Rurale,Célibataire,Secondaire,5,Artisanat,4.8,88000,36000,86,0,18400,Régulière,1,61.5,10.0,1,11,1,Jamais emprunté ailleurs,0,0,Santé,414000,9,Caution solidaire,0.99,0
CSWA-01797,64,Femme,Urbaine,Marié(e),Aucun,3,Agriculture,3.3,57000,35000,163,0,26600,Irrégulière,3,76.5,14.0,0,0,1,Pret en cours ailleurs,1,322000,Equipement/Matériel,228000,36,Bien matériel,1.25,0
CSWA-01798,27,Femme,Semi-urbaine,Marié(e),Secondaire,7,Commerce informel,5.2,43000,30000,140,1,2800,Régulière,1,40.7,10.0,1,15,1,Jamais emprunté ailleurs,0,0,Elevage,222000,24,Aucune,0.94,1
CSWA-01799,41,Homme,Urbaine,Marié(e),Aucun,4,Commerce informel,7.7,34000,28000,166,0,73300,Irrégulière,0,,,1,9,1,Bon payeur ailleurs (solde sans incident),0,0,Intrants agricoles,41000,3,Bien matériel,1.27,0
CSWA-01800,43,Homme,Urbaine,Marié(e),Supérieur,1,Artisanat,2.3,86000,47000,165,1,180400,Irrégulière,0,,,1,10,1,Bon payeur ailleurs (solde sans incident),0,0,Fonds de commerce,357000,6,Aval d'un tiers,1.32,0
CSWA-01801,21,Homme,Urbaine,Célibataire,Secondaire,3,Artisanat,6.3,108000,74000,125,1,81900,Aucune épargne,2,81.5,4.0,1,9,1,Jamais emprunté ailleurs,0,0,Elevage,126000,24,Caution solidaire,0.74,0
CSWA-01802,41,Homme,Semi-urbaine,Marié(e),Primaire,3,Transport,8.1,67000,50000,41,1,1000,Irrégulière,3,87.2,2.0,1,4,1,Jamais emprunté ailleurs,0,0,Fonds de commerce,240000,12,Bien matériel,1.08,0
CSWA-01803,40,Homme,Urbaine,Célibataire,Primaire,2,Commerce informel,2.5,128000,98000,9,0,16100,Aucune épargne,0,,,0,0,1,Jamais emprunté ailleurs,0,0,Fonds de commerce,624000,12,Aucune,1.22,0
CSWA-01804,31,Homme,Rurale,Célibataire,Supérieur,1,Artisanat,6.0,76000,61000,59,1,12800,Aucune épargne,1,67.4,1.0,1,8,1,Jamais emprunté ailleurs,0,0,Fonds de commerce,273000,6,Aucune,1.47,0
CSWA-01805,25,Homme,Urbaine,Célibataire,Secondaire,3,Elevage,4.9,77000,40000,54,0,10500,Aucune épargne,0,,,1,9,1,Pret en cours ailleurs,1,176000,Intrants agricoles,169000,12,Bien matériel,0.93,1
CSWA-01806,21,Homme,Rurale,Célibataire,Secondaire,4,Salarié secteur formel,2.8,105000,81000,169,0,60900,Irrégulière,4,93.8,7.0,1,11,1,Jamais emprunté ailleurs,0,0,Habitat/Réparation,486000,3,Caution solidaire,2.5,0
CSWA-01807,19,Femme,Semi-urbaine,Marié(e),Secondaire,1,Restauration/Transformation,3.0,63000,52000,7,1,2300,Régulière,3,86.9,0.0,1,4,1,Pret en cours ailleurs,1,155000,Equipement/Matériel,303000,6,Aucune,1.95,0
CSWA-01808,41,Femme,Urbaine,Marié(e),Aucun,3,Commerce informel,3.0,134000,78000,98,1,183700,Irrégulière,1,85.0,8.0,1,8,1,Jamais emprunté ailleurs,0,0,Evénement social,144000,12,Caution solidaire,0.68,0
CSWA-01809,23,Femme,Semi-urbaine,Marié(e),Aucun,1,Autre service,4.0,174000,121000,178,1,295600,Irrégulière,0,,,1,5,1,Bon payeur ailleurs (solde sans incident),0,0,Fonds de commerce,420000,3,Bien matériel,1.6,0
CSWA-01810,64,Femme,Urbaine,Célibataire,Aucun,2,Agriculture,4.1,73000,37000,51,0,19900,Irrégulière,1,71.5,1.0,1,6,1,Jamais emprunté ailleurs,0,0,Fonds de commerce,129000,3,Aucune,1.17,0
CSWA-01811,30,Femme,Urbaine,Divorcé(e),Secondaire,4,Autre service,11.3,130000,62000,105,0,157500,Aucune épargne,0,,,1,7,1,Jamais emprunté ailleurs,0,0,Fonds de commerce,221000,18,Bien matériel,0.58,0
CSWA-01812,49,Homme,Rurale,Marié(e),Secondaire,1,Commerce informel,6.6,176000,86000,29,1,59600,Régulière,2,90.9,13.0,1,7,1,Jamais emprunté ailleurs,0,0,Intrants agricoles,406000,12,Aucune,0.7,0
CSWA-01813,50,Femme,Rurale,Veuf(ve),Primaire,2,Elevage,6.7,48000,18000,76,1,14400,Aucune épargne,3,91.3,4.0,0,0,0,Non consulté,0,0,Fonds de commerce,170000,18,Aval d'un tiers,0.6,0
CSWA-01814,42,Homme,Urbaine,Divorcé(e),Supérieur,2,Artisanat,5.8,96000,61000,178,1,49400,Aucune épargne,1,54.3,5.0,0,0,1,Bon payeur ailleurs (solde sans incident),0,0,Santé,215000,9,Bien matériel,0.91,0
CSWA-01815,60,Femme,Rurale,Marié(e),Aucun,2,Commerce informel,6.1,90000,70000,121,1,28000,Irrégulière,2,78.5,2.0,1,4,1,Bon payeur ailleurs (solde sans incident),0,0,Fonds de commerce,212000,6,Bien matériel,1.22,0
CSWA-01816,24,Homme,Urbaine,Célibataire,Secondaire,2,Restauration/Transformation,7.0,146000,72000,97,1,78800,Aucune épargne,1,98.3,5.0,1,7,1,Jamais emprunté ailleurs,0,0,Fonds de commerce,783000,3,Caution solidaire,2.5,0
CSWA-01817,29,Femme,Rurale,Célibataire,Primaire,4,Commerce informel,2.6,51000,19000,175,0,6700,Régulière,2,94.3,3.0,1,11,1,Jamais emprunté ailleurs,0,0,Fonds de commerce,53000,12,Caution solidaire,0.47,0
CSWA-01818,30,Homme,Rurale,Marié(e),Primaire,5,Commerce informel,5.1,96000,47000,156,0,101900,Régulière,2,84.9,3.0,1,7,0,Non consulté,0,0,Evénement social,116000,6,Aval d'un tiers,0.72,0
CSWA-01819,25,Femme,Semi-urbaine,Marié(e),Aucun,2,Commerce informel,3.1,70000,52000,50,0,11500,Régulière,2,63.8,6.0,0,0,1,Incident de paiement signale ailleurs,0,0,Habitat/Réparation,381000,6,Caution solidaire,1.76,0
CSWA-01820,32,Femme,Rurale,Marié(e),Secondaire,4,Autre service,9.3,102000,59000,115,1,135900,Régulière,3,66.7,2.0,1,8,1,Bon payeur ailleurs (solde sans incident),0,0,Santé,373000,6,Aval d'un tiers,1.26,0
CSWA-01821,33,Femme,Rurale,Célibataire,Secondaire,2,Autre service,3.8,158000,116000,117,0,95600,Régulière,1,52.4,8.0,1,7,1,Jamais emprunté ailleurs,0,0,Fonds de commerce,244000,18,Aval d'un tiers,0.83,0
CSWA-01822,54,Femme,Rurale,Marié(e),Primaire,4,Elevage,7.0,182000,83000,80,1,143900,Régulière,4,91.2,10.0,1,7,1,Jamais emprunté ailleurs,0,0,Santé,195000,12,Caution solidaire,0.56,0
CSWA-01823,33,Femme,Urbaine,Célibataire,Primaire,1,Elevage,7.8,159000,107000,33,1,54300,Régulière,1,83.6,1.0,1,6,1,Bon payeur ailleurs (solde sans incident),0,0,Habitat/Réparation,699000,12,Aucune,1.08,0
CSWA-01824,60,Homme,Urbaine,Célibataire,Primaire,7,Commerce informel,6.4,47000,34000,155,0,87400,Irrégulière,0,,,1,7,1,Jamais emprunté ailleurs,0,0,Fonds de commerce,139000,24,Aval d'un tiers,0.86,0
CSWA-01825,55,Femme,Semi-urbaine,Célibataire,Primaire,9,Agriculture,6.0,62000,47000,30,1,13600,Régulière,2,93.4,3.0,1,11,1,Jamais emprunté ailleurs,0,0,Equipement/Matériel,74000,6,Caution solidaire,0.98,0
CSWA-01826,61,Femme,Urbaine,Marié(e),Primaire,0,Autre service,5.4,141000,98000,65,1,56800,Irrégulière,1,82.4,6.0,1,8,1,Jamais emprunté ailleurs,0,0,Elevage,725000,24,Bien matériel,0.93,0
CSWA-01827,23,Homme,Semi-urbaine,Marié(e),Primaire,2,Transport,8.0,113000,91000,45,0,20900,Irrégulière,1,60.0,4.0,1,14,1,Incident de paiement signale ailleurs,0,0,Equipement/Matériel,263000,9,Aval d'un tiers,1.09,1
CSWA-01828,65,Homme,Urbaine,Marié(e),Secondaire,1,Restauration/Transformation,3.2,70000,29000,139,1,4600,Irrégulière,1,77.2,3.0,1,5,1,Bon payeur ailleurs (solde sans incident),0,0,Fonds de commerce,164000,6,Bien matériel,0.85,0
CSWA-01829,47,Femme,Semi-urbaine,Marié(e),Secondaire,2,Commerce informel,6.7,49000,31000,18,0,2300,Aucune épargne,2,74.0,0.0,1,7,0,Non consulté,0,0,Equipement/Matériel,218000,12,Caution solidaire,1.05,0
CSWA-01830,65,Femme,Urbaine,Marié(e),Aucun,3,Transport,1.5,20000,11000,82,0,5900,Irrégulière,1,86.3,5.0,0,0,1,Pret en cours ailleurs,1,211000,Equipement/Matériel,30000,18,Bien matériel,1.6,0
CSWA-01831,35,Femme,Semi-urbaine,Marié(e),Secondaire,5,Autre service,3.7,34000,29000,152,0,51600,Irrégulière,1,63.4,20.0,1,9,1,Bon payeur ailleurs (solde sans incident),0,0,Habitat/Réparation,88000,12,Bien matériel,1.09,0
CSWA-01832,63,Femme,Rurale,Marié(e),Primaire,3,Autre service,4.0,68000,42000,162,1,131500,Régulière,3,59.6,8.0,1,5,1,Jamais emprunté ailleurs,0,0,Equipement/Matériel,178000,36,Bien matériel,0.7,0
CSWA-01833,46,Homme,Urbaine,Marié(e),Supérieur,4,Artisanat,2.1,69000,48000,38,1,18500,Régulière,1,59.2,0.0,1,6,1,Bon payeur ailleurs (solde sans incident),0,0,Equipement/Matériel,123000,12,Aucune,0.86,0
CSWA-01834,22,Femme,Rurale,Marié(e),Primaire,4,Commerce informel,6.0,101000,82000,91,0,113800,Irrégulière,1,89.7,2.0,1,13,1,Jamais emprunté ailleurs,0,0,Intrants agricoles,372000,12,Aval d'un tiers,1.16,0
CSWA-01835,38,Homme,Rurale,Marié(e),Aucun,3,Autre service,3.4,113000,48000,88,0,57800,Aucune épargne,0,,,1,9,1,Jamais emprunté ailleurs,0,0,Santé,195000,12,Aucune,0.59,0
CSWA-01836,25,Femme,Urbaine,Veuf(ve),Secondaire,3,Artisanat,10.3,280000,146000,59,0,164000,Irrégulière,0,,,1,4,1,Jamais emprunté ailleurs,0,0,Intrants agricoles,283000,18,Bien matériel,0.58,0
CSWA-01837,63,Femme,Urbaine,Marié(e),Aucun,9,Commerce informel,4.7,53000,27000,145,0,65400,Aucune épargne,1,71.8,1.0,1,10,1,Jamais emprunté ailleurs,0,0,Elevage,236000,6,Bien matériel,1.34,0
CSWA-01838,33,Homme,Rurale,Veuf(ve),Secondaire,3,Commerce informel,7.7,28000,11000,131,0,9300,Aucune épargne,2,44.3,3.0,1,4,1,Bon payeur ailleurs (solde sans incident),0,0,Evénement social,99000,9,Aval d'un tiers,0.83,0
CSWA-01839,29,Femme,Rurale,Célibataire,Supérieur,5,Artisanat,9.4,48000,30000,15,0,5100,Aucune épargne,1,45.7,1.0,0,0,1,Bon payeur ailleurs (solde sans incident),0,0,Equipement/Matériel,136000,36,Aucune,0.71,0
CSWA-01840,44,Homme,Urbaine,Marié(e),Secondaire,0,Salarié secteur formel,7.1,194000,98000,155,1,436800,Irrégulière,0,,,1,9,1,Bon payeur ailleurs (solde sans incident),0,0,Habitat/Réparation,839000,24,Aval d'un tiers,0.71,0
CSWA-01841,38,Femme,Semi-urbaine,Veuf(ve),Primaire,3,Fonctionnaire,4.3,55000,24000,66,0,9200,Aucune épargne,1,55.8,7.0,0,0,1,Jamais emprunté ailleurs,0,0,Equipement/Matériel,284000,12,Caution solidaire,0.92,0
CSWA-01842,23,Femme,Urbaine,Célibataire,Primaire,6,Fonctionnaire,5.4,93000,34000,154,0,90000,Irrégulière,1,92.4,8.0,0,0,1,Jamais emprunté ailleurs,0,0,Education,133000,9,Caution solidaire,0.54,0
CSWA-01843,57,Femme,Urbaine,Célibataire,Primaire,4,Artisanat,2.1,59000,21000,138,1,42400,Irrégulière,0,,,1,17,0,Non consulté,0,0,Habitat/Réparation,231000,12,Aucune,0.72,0
CSWA-01844,58,Femme,Rurale,Marié(e),Aucun,3,Autre service,7.7,61000,33000,87,1,59900,Régulière,2,95.0,10.0,1,13,1,Incident de paiement signale ailleurs,0,0,Fonds de commerce,308000,3,Aval d'un tiers,2.43,0
CSWA-01845,53,Femme,Urbaine,Marié(e),Supérieur,2,Commerce informel,16.0,31000,20000,122,0,3400,Aucune épargne,3,92.2,11.0,1,10,1,Pret en cours ailleurs,1,166000,Education,30000,18,Bien matériel,1.19,0
CSWA-01846,47,Femme,Urbaine,Marié(e),Primaire,1,Commerce informel,9.0,67000,31000,80,0,37400,Régulière,0,,,0,0,0,Non consulté,0,0,Intrants agricoles,190000,36,Aucune,0.55,0
CSWA-01847,37,Femme,Rurale,Célibataire,Primaire,0,Commerce informel,4.2,81000,65000,141,0,48100,Régulière,0,,,1,5,1,Jamais emprunté ailleurs,0,0,Fonds de commerce,343000,6,Caution solidaire,1.59,0
CSWA-01848,44,Femme,Urbaine,Marié(e),Aucun,3,Transport,4.4,130000,59000,27,0,16500,Irrégulière,2,77.6,1.0,1,6,1,Pret en cours ailleurs,1,862000,Intrants agricoles,235000,6,Bien matériel,1.39,0
CSWA-01849,43,Homme,Urbaine,Marié(e),Supérieur,4,Fonctionnaire,9.2,157000,76000,109,1,107900,Régulière,2,90.7,1.0,0,0,1,Jamais emprunté ailleurs,0,0,Education,295000,12,Caution solidaire,0.66,0
CSWA-01850,26,Homme,Rurale,Marié(e),Supérieur,1,Salarié secteur formel,1.1,105000,53000,8,0,4400,Irrégulière,0,,,1,12,1,Jamais emprunté ailleurs,0,0,Intrants agricoles,179000,6,Bien matériel,0.82,0
CSWA-01851,22,Femme,Rurale,Marié(e),Primaire,6,Fonctionnaire,2.3,143000,61000,130,0,161000,Aucune épargne,0,,,0,0,1,Jamais emprunté ailleurs,0,0,Fonds de commerce,491000,3,Aucune,1.71,1
CSWA-01852,30,Homme,Semi-urbaine,Marié(e),Aucun,4,Artisanat,3.5,92000,78000,168,1,70300,Irrégulière,1,88.1,0.0,1,13,1,Pret en cours ailleurs,1,102000,Fonds de commerce,342000,9,Aval d'un tiers,1.41,0
CSWA-01853,40,Homme,Rurale,Marié(e),Secondaire,2,Transport,3.7,80000,57000,137,1,151100,Régulière,2,88.7,2.0,0,0,1,Jamais emprunté ailleurs,0,0,Fonds de commerce,186000,12,Aucune,0.93,0
CSWA-01854,26,Homme,Rurale,Veuf(ve),Primaire,5,Agriculture,1.5,55000,28000,131,0,49700,Régulière,1,78.9,17.0,0,0,1,Jamais emprunté ailleurs,0,0,Equipement/Matériel,248000,24,Aucune,0.72,0
CSWA-01855,24,Femme,Urbaine,Marié(e),Supérieur,1,Transport,6.9,101000,84000,148,1,39000,Irrégulière,3,87.9,4.0,1,9,1,Jamais emprunté ailleurs,0,0,Fonds de commerce,145000,18,Caution solidaire,0.92,0
CSWA-01856,59,Homme,Semi-urbaine,Marié(e),Supérieur,2,Restauration/Transformation,4.2,69000,46000,104,0,32800,Régulière,0,,,1,8,1,Incident de paiement signale ailleurs,0,0,Intrants agricoles,335000,6,Caution solidaire,1.57,0
CSWA-01857,36,Femme,Urbaine,Marié(e),Secondaire,5,Agriculture,4.2,202000,148000,111,0,269700,Régulière,4,93.2,1.0,1,7,1,Bon payeur ailleurs (solde sans incident),0,0,Equipement/Matériel,397000,6,Caution solidaire,1.1,0
CSWA-01858,46,Femme,Urbaine,Marié(e),Aucun,4,Commerce informel,5.8,52000,27000,106,0,10600,Régulière,0,,,1,6,1,Jamais emprunté ailleurs,0,0,Education,148000,9,Aucune,0.87,0
CSWA-01859,43,Femme,Semi-urbaine,Marié(e),Secondaire,2,Commerce informel,1.8,67000,31000,85,1,33600,Régulière,2,93.6,16.0,1,8,1,Jamais emprunté ailleurs,0,0,Intrants agricoles,198000,18,Bien matériel,0.65,0
CSWA-01860,53,Homme,Rurale,Marié(e),Supérieur,2,Salarié secteur formel,5.1,118000,68000,5,0,15100,Aucune épargne,2,98.7,4.0,1,10,1,Jamais emprunté ailleurs,0,0,Elevage,477000,6,Bien matériel,1.33,0
CSWA-01861,53,Femme,Rurale,Divorcé(e),Primaire,3,Artisanat,1.8,97000,54000,15,0,1000,Régulière,0,,,1,9,1,Bon payeur ailleurs (solde sans incident),0,0,Equipement/Matériel,125000,12,Caution solidaire,0.68,0
CSWA-01862,32,Homme,Urbaine,Divorcé(e),Secondaire,5,Agriculture,6.8,39000,33000,82,1,46600,Irrégulière,6,71.4,19.0,1,11,1,Incident de paiement signale ailleurs,0,0,Fonds de commerce,108000,9,Caution solidaire,1.19,0
CSWA-01863,58,Femme,Urbaine,Célibataire,Primaire,1,Fonctionnaire,9.9,138000,58000,50,1,38600,Irrégulière,2,49.2,15.0,1,11,1,Jamais emprunté ailleurs,0,0,Santé,426000,6,Bien matériel,1.0,1
CSWA-01864,36,Homme,Rurale,Célibataire,Supérieur,7,Agriculture,7.7,42000,18000,166,1,23900,Régulière,0,,,1,11,1,Jamais emprunté ailleurs,0,0,Equipement/Matériel,177000,6,Aucune,1.21,0
CSWA-01865,58,Femme,Rurale,Marié(e),Secondaire,3,Agriculture,3.7,47000,31000,178,1,104100,Régulière,2,90.2,10.0,1,6,1,Bon payeur ailleurs (solde sans incident),0,0,Fonds de commerce,147000,3,Caution solidaire,1.83,0
CSWA-01866,38,Homme,Rurale,Marié(e),Aucun,1,Transport,7.2,53000,33000,84,1,32100,Régulière,5,75.9,6.0,1,6,1,Bon payeur ailleurs (solde sans incident),0,0,Fonds de commerce,230000,6,Bien matériel,1.43,0
CSWA-01867,24,Femme,Urbaine,Marié(e),Primaire,5,Agriculture,4.6,121000,75000,126,1,28700,Aucune épargne,1,78.4,2.0,1,8,1,Bon payeur ailleurs (solde sans incident),0,0,Intrants agricoles,270000,6,Caution solidaire,1.04,0
CSWA-01868,54,Homme,Urbaine,Célibataire,Aucun,5,Agriculture,5.6,77000,43000,105,0,81800,Régulière,1,95.4,5.0,0,0,1,Pret en cours ailleurs,1,35000,Intrants agricoles,132000,6,Caution solidaire,0.92,0
CSWA-01869,20,Femme,Rurale,Marié(e),Primaire,7,Restauration/Transformation,7.0,76000,40000,45,0,40200,Irrégulière,2,58.0,0.0,1,8,1,Pret en cours ailleurs,1,196000,Elevage,346000,3,Aval d'un tiers,2.46,1
CSWA-01870,55,Femme,Rurale,Marié(e),Supérieur,2,Agriculture,0.6,110000,43000,68,1,52000,Irrégulière,1,92.1,0.0,1,11,1,Bon payeur ailleurs (solde sans incident),0,0,Habitat/Réparation,251000,12,Bien matériel,0.6,0
CSWA-01871,21,Homme,Urbaine,Marié(e),Aucun,1,Agriculture,1.6,56000,42000,70,1,42400,Irrégulière,0,,,1,10,1,Pret en cours ailleurs,1,731000,Intrants agricoles,58000,18,Bien matériel,1.99,0
CSWA-01872,28,Homme,Urbaine,Marié(e),Supérieur,3,Commerce informel,4.8,27000,15000,19,0,1000,Irrégulière,0,,,1,11,0,Non consulté,0,0,Fonds de commerce,55000,12,Caution solidaire,0.74,0
CSWA-01873,47,Homme,Urbaine,Célibataire,Aucun,3,Salarié secteur formel,3.2,140000,112000,4,0,1000,Régulière,2,90.7,2.0,1,10,0,Non consulté,0,0,Fonds de commerce,330000,24,Bien matériel,0.91,0
CSWA-01874,63,Homme,Urbaine,Marié(e),Secondaire,4,Elevage,5.2,69000,41000,59,0,14400,Régulière,3,50.3,11.0,1,11,1,Bon payeur ailleurs (solde sans incident),0,0,Habitat/Réparation,288000,6,Aucune,1.37,0
CSWA-01875,38,Femme,Rurale,Marié(e),Supérieur,2,Salarié secteur formel,5.8,76000,61000,163,1,182300,Irrégulière,0,,,1,10,1,Jamais emprunté ailleurs,0,0,Fonds de commerce,82000,18,Caution solidaire,0.87,0
CSWA-01876,24,Homme,Urbaine,Marié(e),Secondaire,4,Artisanat,3.7,110000,89000,16,1,5100,Régulière,3,90.9,1.0,1,6,1,Bon payeur ailleurs (solde sans incident),0,0,Education,388000,3,Caution solidaire,2.13,0
CSWA-01877,29,Homme,Rurale,Célibataire,Secondaire,5,Commerce informel,4.3,75000,47000,94,0,97400,Aucune épargne,1,79.7,17.0,0,0,1,Jamais emprunté ailleurs,0,0,Equipement/Matériel,307000,36,Aval d'un tiers,0.75,0
CSWA-01878,61,Femme,Semi-urbaine,Marié(e),Supérieur,5,Agriculture,2.7,141000,106000,105,0,69400,Irrégulière,2,68.5,5.0,1,11,1,Jamais emprunté ailleurs,0,0,Fonds de commerce,244000,6,Aucune,1.07,1
CSWA-01879,53,Homme,Semi-urbaine,Marié(e),Secondaire,4,Agriculture,6.2,99000,40000,120,0,89600,Régulière,3,78.5,2.0,1,8,1,Jamais emprunté ailleurs,0,0,Evénement social,507000,9,Bien matériel,1.04,0
CSWA-01880,23,Homme,Semi-urbaine,Célibataire,Secondaire,4,Restauration/Transformation,8.2,37000,15000,177,1,69800,Régulière,2,79.6,5.0,1,10,1,Pret en cours ailleurs,2,192000,Fonds de commerce,40000,6,Aval d'un tiers,1.08,0
CSWA-01881,37,Femme,Urbaine,Marié(e),Aucun,1,Artisanat,1.9,20000,14000,71,1,4000,Irrégulière,2,84.0,5.0,1,8,1,Bon payeur ailleurs (solde sans incident),0,0,Santé,42000,6,Caution solidaire,1.09,0
CSWA-01882,31,Femme,Urbaine,Célibataire,Primaire,2,Artisanat,8.0,46000,17000,66,0,9900,Aucune épargne,0,,,1,13,1,Pret en cours ailleurs,1,202000,Habitat/Réparation,97000,9,Bien matériel,1.03,0
CSWA-01883,27,Femme,Urbaine,Marié(e),Aucun,5,Restauration/Transformation,6.6,87000,61000,92,0,32400,Régulière,5,71.8,2.0,0,0,1,Jamais emprunté ailleurs,0,0,Fonds de commerce,463000,12,Caution solidaire,1.2,0
CSWA-01884,58,Femme,Rurale,Veuf(ve),Secondaire,4,Commerce informel,7.7,99000,46000,155,0,112500,Régulière,2,93.0,1.0,1,10,1,Jamais emprunté ailleurs,0,0,Santé,408000,24,Bien matériel,0.66,0
CSWA-01885,48,Femme,Urbaine,Marié(e),Secondaire,3,Salarié secteur formel,10.0,158000,74000,106,1,90600,Irrégulière,3,93.3,0.0,1,7,0,Non consulté,0,0,Santé,179000,6,Bien matériel,0.68,0
CSWA-01886,27,Homme,Urbaine,Marié(e),Primaire,4,Agriculture,3.7,86000,46000,8,1,1200,Irrégulière,0,,,0,0,1,Pret en cours ailleurs,1,124000,Education,314000,18,Caution solidaire,0.89,1
CSWA-01887,49,Femme,Urbaine,Divorcé(e),Supérieur,1,Restauration/Transformation,9.2,167000,136000,81,1,57500,Irrégulière,0,,,0,0,1,Jamais emprunté ailleurs,0,0,Fonds de commerce,492000,6,Bien matériel,1.36,0
CSWA-01888,38,Femme,Urbaine,Marié(e),Aucun,4,Commerce informel,10.1,81000,57000,91,0,91900,Irrégulière,1,76.7,3.0,0,0,1,Jamais emprunté ailleurs,0,0,Habitat/Réparation,351000,24,Caution solidaire,0.91,0
CSWA-01889,21,Femme,Rurale,Célibataire,Supérieur,3,Commerce informel,2.1,98000,71000,159,1,123200,Régulière,2,94.9,7.0,1,5,1,Jamais emprunté ailleurs,0,0,Habitat/Réparation,161000,18,Aucune,0.83,0
CSWA-01890,40,Homme,Rurale,Marié(e),Aucun,6,Restauration/Transformation,5.8,194000,144000,118,1,325700,Régulière,2,92.0,1.0,1,8,1,Jamais emprunté ailleurs,0,0,Elevage,840000,6,Aucune,1.55,0
CSWA-01891,27,Homme,Rurale,Marié(e),Primaire,2,Agriculture,5.6,30000,23000,123,1,16200,Aucune épargne,3,84.3,0.0,1,5,1,Jamais emprunté ailleurs,0,0,Santé,47000,9,Bien matériel,0.96,0
CSWA-01892,30,Femme,Semi-urbaine,Marié(e),Secondaire,4,Salarié secteur formel,10.4,112000,49000,58,0,27100,Régulière,0,,,1,8,1,Incident de paiement signale ailleurs,0,0,Equipement/Matériel,355000,12,Caution solidaire,0.73,0
CSWA-01893,60,Femme,Urbaine,Marié(e),Primaire,1,Restauration/Transformation,18.4,20000,16000,131,1,17200,Irrégulière,3,76.9,7.0,0,0,1,Incident de paiement signale ailleurs,0,0,Elevage,30000,12,Caution solidaire,0.94,0
CSWA-01894,52,Femme,Urbaine,Célibataire,Secondaire,6,Restauration/Transformation,7.7,51000,28000,18,1,1400,Régulière,2,88.9,5.0,1,7,0,Non consulté,0,0,Elevage,273000,18,Caution solidaire,0.88,0
CSWA-01895,25,Femme,Rurale,Marié(e),Secondaire,3,Agriculture,14.6,59000,37000,36,1,10600,Régulière,2,85.6,4.0,1,10,0,Non consulté,0,0,Habitat/Réparation,150000,3,Aval d'un tiers,1.58,0
CSWA-01896,59,Femme,Rurale,Marié(e),Secondaire,5,Fonctionnaire,3.3,233000,176000,40,0,52400,Régulière,0,,,1,6,0,Non consulté,0,0,Fonds de commerce,403000,3,Aucune,1.4,0
CSWA-01897,45,Homme,Rurale,Marié(e),Aucun,2,Fonctionnaire,7.3,222000,172000,85,1,178300,Aucune épargne,3,91.4,10.0,1,9,1,Jamais emprunté ailleurs,0,0,Intrants agricoles,804000,12,Aucune,1.11,0
CSWA-01898,60,Homme,Urbaine,Marié(e),Aucun,2,Commerce informel,5.1,79000,48000,13,0,2500,Aucune épargne,2,95.6,1.0,1,5,0,Non consulté,0,0,Fonds de commerce,382000,12,Aucune,1.06,0
CSWA-01899,54,Homme,Semi-urbaine,Marié(e),Aucun,4,Elevage,6.9,121000,75000,94,0,152000,Irrégulière,0,,,0,0,1,Jamais emprunté ailleurs,0,0,Intrants agricoles,366000,18,Aval d'un tiers,0.81,0
CSWA-01900,34,Homme,Urbaine,Divorcé(e),Primaire,5,Fonctionnaire,7.8,43000,24000,160,1,90700,Régulière,3,79.2,2.0,1,13,1,Bon payeur ailleurs (solde sans incident),0,0,Habitat/Réparation,205000,12,Caution solidaire,1.0,0
CSWA-01901,44,Homme,Urbaine,Marié(e),Aucun,2,Commerce informel,8.6,89000,33000,72,0,51900,Irrégulière,1,54.6,0.0,0,0,1,Jamais emprunté ailleurs,0,0,Evénement social,105000,6,Aucune,0.59,1
CSWA-01902,43,Femme,Rurale,Marié(e),Primaire,2,Commerce informel,4.4,150000,101000,1,1,8800,Régulière,1,68.7,11.0,0,0,1,Pret en cours ailleurs,3,188000,Habitat/Réparation,209000,18,Aucune,0.87,0
CSWA-01903,52,Femme,Semi-urbaine,Marié(e),Secondaire,4,Autre service,4.9,115000,79000,50,0,60800,Régulière,2,79.9,4.0,1,9,1,Jamais emprunté ailleurs,0,0,Fonds de commerce,375000,6,Bien matériel,1.3,0
CSWA-01904,30,Femme,Rurale,Marié(e),Supérieur,4,Elevage,8.2,68000,40000,13,0,2900,Régulière,0,,,1,8,1,Jamais emprunté ailleurs,0,0,Fonds de commerce,372000,18,Bien matériel,0.93,0
CSWA-01905,34,Homme,Semi-urbaine,Marié(e),Secondaire,1,Autre service,6.4,86000,32000,115,1,85100,Irrégulière,2,68.8,1.0,1,12,1,Pret en cours ailleurs,1,97000,Fonds de commerce,376000,12,Caution solidaire,0.88,0
CSWA-01906,30,Femme,Urbaine,Célibataire,Aucun,6,Agriculture,3.5,57000,36000,144,1,37300,Régulière,6,85.3,4.0,0,0,1,Pret en cours ailleurs,3,247000,Fonds de commerce,234000,18,Aucune,1.28,0
CSWA-01907,32,Femme,Rurale,Marié(e),Primaire,3,Elevage,5.0,41000,16000,52,0,29600,Régulière,1,84.0,1.0,1,8,1,Jamais emprunté ailleurs,0,0,Habitat/Réparation,121000,12,Bien matériel,0.67,0
CSWA-01908,26,Femme,Semi-urbaine,Célibataire,Aucun,2,Agriculture,9.5,102000,59000,54,1,40600,Irrégulière,4,81.1,2.0,1,11,1,Pret en cours ailleurs,1,159000,Fonds de commerce,331000,3,Aval d'un tiers,1.93,0
CSWA-01909,20,Femme,Rurale,Marié(e),Primaire,9,Agriculture,2.9,35000,26000,58,0,15700,Aucune épargne,1,70.4,1.0,1,7,1,Jamais emprunté ailleurs,0,0,Habitat/Réparation,86000,18,Bien matériel,0.9,0
CSWA-01910,63,Femme,Urbaine,Marié(e),Primaire,6,Fonctionnaire,5.3,180000,83000,66,0,136800,Irrégulière,1,87.0,7.0,1,9,1,Jamais emprunté ailleurs,0,0,Fonds de commerce,581000,12,Caution solidaire,0.76,0
CSWA-01911,22,Femme,Semi-urbaine,Veuf(ve),Supérieur,3,Restauration/Transformation,2.3,23000,19000,126,0,34300,Irrégulière,4,92.1,4.0,1,8,1,Jamais emprunté ailleurs,0,0,Equipement/Matériel,67000,3,Caution solidaire,1.91,0
CSWA-01912,60,Femme,Urbaine,Célibataire,Secondaire,2,Fonctionnaire,10.0,165000,116000,56,1,35000,Régulière,2,64.0,5.0,1,6,1,Bon payeur ailleurs (solde sans incident),0,0,Habitat/Réparation,670000,3,Bien matériel,2.22,0
CSWA-01913,19,Femme,Rurale,Veuf(ve),Aucun,3,Agriculture,19.0,54000,26000,69,1,34600,Régulière,0,,,1,11,1,Jamais emprunté ailleurs,0,0,Santé,275000,6,Aval d'un tiers,1.43,0
CSWA-01914,55,Homme,Semi-urbaine,Marié(e),Secondaire,4,Autre service,11.5,110000,51000,161,0,230800,Régulière,0,,,0,0,1,Jamais emprunté ailleurs,0,0,Evénement social,396000,6,Aval d'un tiers,1.14,0
CSWA-01915,34,Homme,Semi-urbaine,Divorcé(e),Supérieur,6,Restauration/Transformation,3.9,72000,28000,138,0,63500,Régulière,2,92.2,4.0,1,7,1,Jamais emprunté ailleurs,0,0,Fonds de commerce,334000,3,Caution solidaire,2.12,0
CSWA-01916,43,Homme,Semi-urbaine,Célibataire,Aucun,3,Commerce informel,3.9,75000,59000,168,1,24700,Irrégulière,2,97.4,3.0,1,9,1,Jamais emprunté ailleurs,0,0,Intrants agricoles,68000,24,Bien matériel,0.83,0
CSWA-01917,32,Femme,Semi-urbaine,Célibataire,Secondaire,2,Agriculture,9.7,83000,32000,65,1,70500,Aucune épargne,2,84.5,22.0,1,6,1,Jamais emprunté ailleurs,0,0,Habitat/Réparation,328000,6,Bien matériel,1.12,0
CSWA-01918,42,Femme,Urbaine,Célibataire,Aucun,0,Commerce informel,9.0,58000,38000,168,0,131300,Régulière,2,54.8,5.0,1,10,1,Incident de paiement signale ailleurs,0,0,Santé,200000,12,Bien matériel,0.98,0
CSWA-01919,40,Femme,Semi-urbaine,Divorcé(e),Aucun,1,Commerce informel,12.4,59000,43000,54,1,8200,Régulière,2,70.2,2.0,1,9,1,Jamais emprunté ailleurs,0,0,Santé,167000,3,Caution solidaire,1.78,0
CSWA-01920,43,Femme,Rurale,Marié(e),Secondaire,2,Fonctionnaire,5.4,114000,54000,56,0,22200,Régulière,0,,,1,9,1,Bon payeur ailleurs (solde sans incident),0,0,Equipement/Matériel,592000,12,Aval d'un tiers,0.96,0
CSWA-01921,37,Homme,Rurale,Célibataire,Aucun,1,Autre service,2.6,75000,41000,172,0,49500,Régulière,2,93.3,0.0,1,9,1,Pret en cours ailleurs,1,52000,Education,69000,3,Caution solidaire,0.95,0
CSWA-01922,44,Femme,Rurale,Célibataire,Secondaire,4,Commerce informel,5.5,59000,29000,37,1,27500,Régulière,2,87.6,7.0,0,0,1,Bon payeur ailleurs (solde sans incident),0,0,Equipement/Matériel,52000,6,Aucune,0.66,0
CSWA-01923,57,Homme,Semi-urbaine,Célibataire,Aucun,0,Commerce informel,5.0,104000,78000,148,1,220900,Irrégulière,3,90.1,1.0,1,9,1,Pret en cours ailleurs,2,142000,Intrants agricoles,487000,6,Caution solidaire,1.75,0
CSWA-01924,39,Femme,Rurale,Célibataire,Primaire,2,Commerce informel,16.8,31000,26000,150,0,28500,Irrégulière,0,,,1,9,0,Non consulté,0,0,Fonds de commerce,162000,18,Caution solidaire,1.16,1
CSWA-01925,35,Homme,Semi-urbaine,Marié(e),Secondaire,3,Salarié secteur formel,7.9,157000,131000,167,0,368000,Régulière,1,69.3,2.0,1,18,0,Non consulté,0,0,Evénement social,317000,9,Aval d'un tiers,1.09,0
CSWA-01926,25,Femme,Urbaine,Marié(e),Secondaire,3,Artisanat,1.6,228000,88000,153,0,22200,Irrégulière,1,71.4,19.0,1,9,1,Bon payeur ailleurs (solde sans incident),0,0,Intrants agricoles,500000,9,Aval d'un tiers,0.66,0
CSWA-01927,35,Femme,Urbaine,Marié(e),Secondaire,4,Artisanat,8.0,64000,44000,149,1,58600,Régulière,2,96.1,1.0,1,7,1,Jamais emprunté ailleurs,0,0,Education,139000,18,Aucune,0.82,0
CSWA-01928,24,Femme,Rurale,Célibataire,Secondaire,2,Artisanat,10.1,46000,30000,64,1,6000,Régulière,2,70.1,1.0,1,9,1,Jamais emprunté ailleurs,0,0,Elevage,238000,3,Bien matériel,2.58,0
CSWA-01929,27,Homme,Urbaine,Célibataire,Primaire,0,Autre service,9.2,80000,65000,101,1,119500,Aucune épargne,1,93.8,4.0,1,11,1,Jamais emprunté ailleurs,0,0,Fonds de commerce,147000,9,Caution solidaire,1.04,0
CSWA-01930,63,Femme,Rurale,Célibataire,Aucun,4,Commerce informel,8.9,123000,79000,105,1,41500,Aucune épargne,2,87.2,17.0,1,7,1,Pret en cours ailleurs,1,449000,Habitat/Réparation,464000,3,Aucune,2.38,1
CSWA-01931,23,Femme,Urbaine,Célibataire,Secondaire,3,Commerce informel,6.3,115000,67000,53,1,85500,Régulière,2,77.0,2.0,0,0,1,Pret en cours ailleurs,3,77000,Habitat/Réparation,110000,24,Bien matériel,0.69,0
CSWA-01932,41,Femme,Rurale,Marié(e),Primaire,3,Artisanat,4.9,54000,31000,71,0,44900,Irrégulière,3,96.4,9.0,0,0,1,Jamais emprunté ailleurs,0,0,Education,280000,9,Aucune,1.22,0
CSWA-01933,58,Femme,Urbaine,Marié(e),Aucun,3,Autre service,2.5,61000,47000,154,1,125900,Irrégulière,0,,,1,11,1,Jamais emprunté ailleurs,0,0,Fonds de commerce,187000,24,Aucune,0.91,0
CSWA-01934,63,Homme,Urbaine,Célibataire,Supérieur,4,Restauration/Transformation,12.9,67000,46000,3,1,4700,Aucune épargne,3,76.1,22.0,0,0,1,Jamais emprunté ailleurs,0,0,Intrants agricoles,359000,12,Aucune,1.19,0
CSWA-01935,25,Femme,Rurale,Veuf(ve),Primaire,1,Salarié secteur formel,7.5,131000,51000,14,1,14400,Régulière,3,77.9,0.0,1,5,1,Bon payeur ailleurs (solde sans incident),0,0,Fonds de commerce,632000,9,Aucune,0.99,0
CSWA-01936,26,Homme,Urbaine,Célibataire,Aucun,3,Salarié secteur formel,4.0,154000,126000,74,0,28500,Régulière,1,92.5,0.0,1,6,1,Jamais emprunté ailleurs,0,0,Elevage,244000,12,Aval d'un tiers,0.97,0
CSWA-01937,36,Homme,Urbaine,Veuf(ve),Supérieur,2,Commerce informel,5.9,49000,34000,139,1,14700,Irrégulière,3,89.4,3.0,1,11,1,Jamais emprunté ailleurs,0,0,Santé,164000,3,Caution solidaire,1.94,0
CSWA-01938,45,Femme,Urbaine,Divorcé(e),Primaire,2,Restauration/Transformation,2.5,61000,26000,162,0,99100,Régulière,1,86.1,2.0,1,6,1,Pret en cours ailleurs,1,99000,Fonds de commerce,66000,9,Bien matériel,0.71,0
CSWA-01939,64,Femme,Urbaine,Marié(e),Secondaire,3,Salarié secteur formel,5.9,162000,95000,124,0,87600,Aucune épargne,0,,,1,5,1,Bon payeur ailleurs (solde sans incident),0,0,Equipement/Matériel,390000,9,Caution solidaire,0.89,0
CSWA-01940,28,Homme,Rurale,Célibataire,Aucun,5,Commerce informel,10.9,183000,87000,155,0,207000,Régulière,0,,,1,11,1,Pret en cours ailleurs,1,289000,Intrants agricoles,803000,6,Aucune,1.44,1
CSWA-01941,26,Homme,Urbaine,Marié(e),Primaire,0,Restauration/Transformation,8.1,73000,47000,27,1,4200,Irrégulière,0,,,1,13,1,Jamais emprunté ailleurs,0,0,Equipement/Matériel,177000,12,Bien matériel,0.87,0
CSWA-01942,30,Homme,Urbaine,Marié(e),Secondaire,3,Commerce informel,9.9,499000,313000,19,0,85100,Régulière,1,76.0,2.0,1,13,1,Bon payeur ailleurs (solde sans incident),0,0,Education,1294000,6,Aucune,1.11,0
CSWA-01943,60,Homme,Rurale,Marié(e),Aucun,3,Salarié secteur formel,9.5,210000,175000,91,1,28200,Irrégulière,0,,,1,7,1,Bon payeur ailleurs (solde sans incident),0,0,Habitat/Réparation,758000,6,Caution solidaire,1.51,0
CSWA-01944,20,Femme,Rurale,Marié(e),Secondaire,2,Commerce informel,7.1,32000,12000,56,1,5200,Régulière,3,44.9,26.0,1,5,0,Non consulté,0,0,Equipement/Matériel,61000,12,Bien matériel,0.55,0
CSWA-01945,36,Homme,Rurale,Marié(e),Aucun,3,Agriculture,5.1,98000,56000,159,0,38800,Régulière,2,56.4,9.0,1,11,1,Pret en cours ailleurs,2,237000,Equipement/Matériel,303000,36,Caution solidaire,0.88,0
CSWA-01946,24,Femme,Urbaine,Célibataire,Aucun,5,Restauration/Transformation,4.4,144000,64000,14,0,4700,Régulière,3,73.5,1.0,1,8,1,Jamais emprunté ailleurs,0,0,Fonds de commerce,135000,3,Caution solidaire,0.79,0
CSWA-01947,26,Homme,Semi-urbaine,Marié(e),Aucun,4,Artisanat,12.4,105000,38000,66,1,65900,Irrégulière,2,74.4,0.0,0,0,1,Bon payeur ailleurs (solde sans incident),0,0,Education,517000,12,Caution solidaire,0.82,0
CSWA-01948,62,Homme,Rurale,Marié(e),Aucun,1,Commerce informel,7.6,90000,67000,54,0,4200,Régulière,4,72.0,31.0,1,11,1,Bon payeur ailleurs (solde sans incident),0,0,Education,454000,3,Aval d'un tiers,2.63,1
CSWA-01949,19,Femme,Urbaine,Marié(e),Aucun,5,Commerce informel,7.3,66000,48000,107,0,72100,Régulière,1,82.3,2.0,1,12,1,Bon payeur ailleurs (solde sans incident),0,0,Intrants agricoles,56000,12,Caution solidaire,0.81,0
CSWA-01950,34,Homme,Semi-urbaine,Marié(e),Secondaire,2,Salarié secteur formel,7.6,203000,166000,54,0,112000,Aucune épargne,1,64.1,0.0,1,10,1,Jamais emprunté ailleurs,0,0,Santé,585000,18,Bien matériel,1.0,1
CSWA-01951,62,Femme,Rurale,Célibataire,Primaire,3,Autre service,4.7,22000,14000,170,0,12200,Régulière,0,,,1,7,1,Jamais emprunté ailleurs,0,0,Education,102000,9,Aucune,1.21,0
CSWA-01952,47,Femme,Rurale,Marié(e),Aucun,2,Restauration/Transformation,7.0,130000,62000,10,0,9500,Régulière,1,65.1,10.0,1,12,0,Non consulté,0,0,Evénement social,656000,12,Bien matériel,0.95,0
CSWA-01953,22,Femme,Semi-urbaine,Marié(e),Primaire,2,Commerce informel,3.7,66000,35000,14,1,2700,Irrégulière,1,96.9,4.0,0,0,1,Pret en cours ailleurs,3,170000,Habitat/Réparation,56000,12,Bien matériel,0.84,0
CSWA-01954,40,Femme,Urbaine,Divorcé(e),Aucun,3,Restauration/Transformation,4.2,152000,99000,162,0,115900,Régulière,1,93.0,13.0,1,15,1,Bon payeur ailleurs (solde sans incident),0,0,Intrants agricoles,510000,12,Bien matériel,0.96,0
CSWA-01955,64,Homme,Semi-urbaine,Célibataire,Primaire,4,Restauration/Transformation,8.2,60000,40000,95,1,66900,Irrégulière,0,,,1,8,1,Pret en cours ailleurs,1,194000,Fonds de commerce,83000,9,Bien matériel,1.13,0
CSWA-01956,37,Femme,Rurale,Célibataire,Secondaire,1,Agriculture,7.5,78000,29000,152,0,92000,Régulière,0,,,1,6,1,Bon payeur ailleurs (solde sans incident),0,0,Fonds de commerce,391000,6,Bien matériel,1.31,0
CSWA-01957,43,Femme,Urbaine,Célibataire,Secondaire,2,Commerce informel,8.4,161000,130000,83,0,193500,Aucune épargne,0,,,1,11,1,Pret en cours ailleurs,3,79000,Elevage,663000,24,Caution solidaire,1.04,1
CSWA-01958,43,Femme,Urbaine,Marié(e),Secondaire,5,Commerce informel,9.1,169000,137000,168,1,400100,Régulière,0,,,1,6,0,Non consulté,0,0,Fonds de commerce,769000,18,Caution solidaire,1.09,0
CSWA-01959,50,Homme,Urbaine,Célibataire,Aucun,7,Commerce informel,4.7,128000,96000,86,0,38700,Irrégulière,0,,,1,10,1,Pret en cours ailleurs,2,107000,Education,573000,18,Caution solidaire,1.1,1
CSWA-01960,27,Homme,Semi-urbaine,Marié(e),Aucun,5,Artisanat,5.6,29000,14000,134,1,47600,Aucune épargne,2,68.8,1.0,1,7,1,Bon payeur ailleurs (solde sans incident),0,0,Fonds de commerce,158000,18,Caution solidaire,0.82,0
CSWA-01961,58,Homme,Urbaine,Marié(e),Secondaire,3,Agriculture,8.0,40000,21000,180,0,38500,Irrégulière,2,84.1,8.0,1,11,1,Bon payeur ailleurs (solde sans incident),0,0,Habitat/Réparation,206000,24,Aval d'un tiers,0.76,0
CSWA-01962,65,Homme,Urbaine,Marié(e),Primaire,2,Elevage,3.4,119000,83000,137,1,97100,Régulière,1,89.4,8.0,1,8,1,Jamais emprunté ailleurs,0,0,Santé,279000,12,Bien matériel,0.92,0
CSWA-01963,25,Femme,Rurale,Célibataire,Secondaire,4,Elevage,0.6,55000,28000,47,0,23400,Régulière,2,49.7,2.0,1,10,1,Jamais emprunté ailleurs,0,0,Elevage,276000,24,Caution solidaire,0.74,0
CSWA-01964,57,Homme,Rurale,Marié(e),Supérieur,5,Artisanat,1.9,84000,46000,142,0,92200,Irrégulière,3,89.6,2.0,1,5,1,Jamais emprunté ailleurs,0,0,Fonds de commerce,92000,24,Caution solidaire,0.6,0
CSWA-01965,57,Homme,Urbaine,Marié(e),Primaire,3,Artisanat,4.1,91000,62000,70,1,89500,Irrégulière,1,67.7,2.0,0,0,1,Jamais emprunté ailleurs,0,0,Equipement/Matériel,373000,6,Caution solidaire,1.45,0
CSWA-01966,53,Homme,Semi-urbaine,Marié(e),Secondaire,4,Elevage,4.8,93000,34000,122,1,154500,Régulière,1,98.0,2.0,0,0,1,Jamais emprunté ailleurs,0,0,Fonds de commerce,466000,6,Caution solidaire,1.3,0
CSWA-01967,36,Femme,Rurale,Célibataire,Primaire,4,Commerce informel,6.9,45000,19000,119,0,37000,Irrégulière,4,71.0,7.0,0,0,0,Non consulté,0,0,Elevage,187000,9,Caution solidaire,0.94,0
CSWA-01968,41,Homme,Semi-urbaine,Marié(e),Aucun,5,Commerce informel,10.2,142000,52000,32,1,56600,Régulière,0,,,1,7,1,Pret en cours ailleurs,1,87000,Fonds de commerce,369000,6,Caution solidaire,0.91,0
CSWA-01969,58,Femme,Urbaine,Marié(e),Aucun,2,Artisanat,5.0,61000,29000,52,1,43600,Aucune épargne,2,81.6,6.0,1,11,1,Bon payeur ailleurs (solde sans incident),0,0,Fonds de commerce,187000,12,Caution solidaire,0.76,0
CSWA-01970,26,Homme,Urbaine,Marié(e),Primaire,2,Agriculture,3.9,112000,66000,32,0,39200,Irrégulière,1,78.6,11.0,0,0,1,Jamais emprunté ailleurs,0,0,Education,573000,9,Caution solidaire,1.23,1
CSWA-01971,57,Femme,Rurale,Célibataire,Aucun,2,Agriculture,2.5,72000,56000,13,0,9900,Irrégulière,0,,,0,0,1,Incident de paiement signale ailleurs,0,0,Fonds de commerce,295000,6,Bien matériel,1.54,0
CSWA-01972,62,Homme,Urbaine,Marié(e),Secondaire,2,Agriculture,3.6,232000,102000,91,0,181700,Irrégulière,1,76.2,0.0,1,8,1,Jamais emprunté ailleurs,0,0,Santé,560000,12,Bien matériel,0.67,0
CSWA-01973,51,Femme,Rurale,Veuf(ve),Secondaire,4,Commerce informel,3.6,179000,95000,37,0,69500,Régulière,0,,,1,9,1,Jamais emprunté ailleurs,0,0,Santé,389000,3,Bien matériel,1.34,1
CSWA-01974,35,Homme,Urbaine,Marié(e),Primaire,5,Commerce informel,6.1,261000,93000,125,1,81800,Régulière,2,98.9,18.0,1,7,1,Incident de paiement signale ailleurs,0,0,Fonds de commerce,345000,9,Aucune,0.52,0
CSWA-01975,45,Homme,Semi-urbaine,Marié(e),Primaire,3,Restauration/Transformation,3.6,201000,117000,43,0,29000,Aucune épargne,3,77.5,8.0,1,8,1,Bon payeur ailleurs (solde sans incident),0,0,Education,619000,9,Bien matériel,0.97,0
CSWA-01976,21,Homme,Semi-urbaine,Marié(e),Secondaire,2,Elevage,4.6,75000,27000,6,1,3900,Aucune épargne,0,,,1,8,1,Jamais emprunté ailleurs,0,0,Intrants agricoles,273000,12,Aval d'un tiers,0.7,1
CSWA-01977,62,Homme,Semi-urbaine,Marié(e),Primaire,2,Artisanat,4.4,60000,31000,27,0,23000,Régulière,2,81.1,1.0,1,6,1,Jamais emprunté ailleurs,0,0,Habitat/Réparation,102000,3,Bien matériel,1.15,0
CSWA-01978,35,Homme,Semi-urbaine,Marié(e),Secondaire,4,Commerce informel,5.7,43000,33000,99,0,20100,Aucune épargne,1,93.2,1.0,1,9,1,Jamais emprunté ailleurs,0,0,Equipement/Matériel,208000,6,Bien matériel,1.67,0
CSWA-01979,21,Femme,Semi-urbaine,Marié(e),Aucun,5,Transport,7.8,94000,77000,23,0,4800,Régulière,1,66.7,5.0,0,0,1,Jamais emprunté ailleurs,0,0,Fonds de commerce,114000,12,Caution solidaire,0.93,0
CSWA-01980,56,Femme,Rurale,Veuf(ve),Supérieur,5,Agriculture,7.0,82000,44000,160,0,93500,Irrégulière,3,48.4,11.0,1,8,0,Non consulté,0,0,Evénement social,200000,6,Aucune,0.99,1
CSWA-01981,49,Homme,Rurale,Marié(e),Aucun,6,Artisanat,3.2,79000,39000,135,0,56600,Aucune épargne,0,,,1,8,1,Bon payeur ailleurs (solde sans incident),0,0,Fonds de commerce,152000,6,Aucune,0.85,0
CSWA-01982,48,Femme,Semi-urbaine,Marié(e),Aucun,2,Elevage,4.0,51000,37000,23,0,17400,Régulière,3,86.8,0.0,1,10,0,Non consulté,0,0,Fonds de commerce,186000,9,Aucune,1.18,0
CSWA-01983,21,Femme,Semi-urbaine,Marié(e),Secondaire,1,Elevage,8.6,99000,69000,155,1,92200,Régulière,4,78.5,1.0,1,11,1,Jamais emprunté ailleurs,0,0,Fonds de commerce,293000,12,Aucune,0.97,0
CSWA-01984,54,Homme,Semi-urbaine,Marié(e),Aucun,3,Transport,9.8,66000,36000,57,1,32300,Irrégulière,0,,,1,5,1,Bon payeur ailleurs (solde sans incident),0,0,Habitat/Réparation,199000,9,Aucune,0.92,0
CSWA-01985,48,Homme,Semi-urbaine,Marié(e),Aucun,3,Commerce informel,2.3,62000,50000,162,0,145600,Irrégulière,1,93.4,2.0,1,17,1,Bon payeur ailleurs (solde sans incident),0,0,Fonds de commerce,215000,18,Aucune,1.02,0
CSWA-01986,56,Homme,Urbaine,Marié(e),Aucun,2,Commerce informel,2.1,88000,51000,178,0,209900,Irrégulière,0,,,1,7,1,Jamais emprunté ailleurs,0,0,Fonds de commerce,423000,9,Aucune,1.18,0
CSWA-01987,57,Homme,Semi-urbaine,Marié(e),Secondaire,5,Commerce informel,12.6,77000,63000,46,0,48100,Irrégulière,2,93.8,6.0,1,8,0,Non consulté,0,0,Intrants agricoles,402000,18,Bien matériel,1.14,0
CSWA-01988,28,Femme,Semi-urbaine,Marié(e),Primaire,0,Autre service,2.6,37000,29000,60,1,26500,Aucune épargne,1,93.7,42.0,1,17,1,Incident de paiement signale ailleurs,0,0,Evénement social,136000,12,Caution solidaire,1.13,0
CSWA-01989,28,Femme,Rurale,Veuf(ve),Aucun,1,Fonctionnaire,3.4,152000,125000,26,1,22300,Régulière,0,,,0,0,1,Jamais emprunté ailleurs,0,0,Intrants agricoles,145000,18,Caution solidaire,0.88,0
CSWA-01990,62,Femme,Semi-urbaine,Célibataire,Primaire,0,Restauration/Transformation,4.7,108000,44000,6,0,11400,Aucune épargne,2,58.1,1.0,1,10,1,Jamais emprunté ailleurs,0,0,Elevage,366000,18,Aval d'un tiers,0.62,1
CSWA-01991,43,Femme,Rurale,Veuf(ve),Aucun,3,Agriculture,3.3,79000,38000,93,0,66900,Régulière,0,,,1,8,1,Bon payeur ailleurs (solde sans incident),0,0,Intrants agricoles,92000,6,Bien matériel,0.7,0
CSWA-01992,39,Femme,Semi-urbaine,Marié(e),Supérieur,4,Commerce informel,3.5,28000,15000,124,1,19600,Aucune épargne,1,51.3,4.0,1,10,1,Bon payeur ailleurs (solde sans incident),0,0,Intrants agricoles,72000,6,Aval d'un tiers,1.01,0
CSWA-01993,32,Homme,Urbaine,Célibataire,Aucun,1,Salarié secteur formel,3.5,253000,183000,100,1,205500,Irrégulière,0,,,1,4,0,Non consulté,0,0,Education,1055000,6,Aucune,1.5,0
CSWA-01994,49,Homme,Semi-urbaine,Marié(e),Primaire,4,Commerce informel,6.1,79000,39000,177,1,182000,Aucune épargne,1,83.8,2.0,1,15,1,Jamais emprunté ailleurs,0,0,Fonds de commerce,332000,9,Aucune,1.02,0
CSWA-01995,54,Homme,Urbaine,Marié(e),Primaire,3,Commerce informel,1.8,45000,20000,21,1,1200,Aucune épargne,0,,,0,0,1,Bon payeur ailleurs (solde sans incident),0,0,Equipement/Matériel,91000,9,Caution solidaire,0.7,1
CSWA-01996,19,Homme,Urbaine,Célibataire,Primaire,2,Salarié secteur formel,8.6,102000,53000,42,0,57900,Régulière,1,64.8,3.0,1,13,1,Jamais emprunté ailleurs,0,0,Education,346000,18,Bien matériel,0.73,0
CSWA-01997,44,Homme,Urbaine,Marié(e),Supérieur,2,Commerce informel,0.7,89000,45000,161,1,154000,Irrégulière,4,54.6,3.0,1,12,1,Pret en cours ailleurs,2,217000,Fonds de commerce,179000,6,Bien matériel,1.1,0
CSWA-01998,65,Femme,Rurale,Marié(e),Primaire,8,Salarié secteur formel,2.1,103000,78000,39,0,20600,Régulière,2,95.5,4.0,1,12,1,Jamais emprunté ailleurs,0,0,Santé,500000,6,Caution solidaire,1.66,0
CSWA-01999,32,Homme,Urbaine,Célibataire,Secondaire,6,Transport,11.8,102000,86000,66,1,42000,Régulière,0,,,1,8,1,Incident de paiement signale ailleurs,0,0,Equipement/Matériel,406000,3,Bien matériel,2.33,0
CSWA-02000,32,Homme,Semi-urbaine,Marié(e),Primaire,3,Salarié secteur formel,4.1,107000,54000,78,0,55700,Irrégulière,1,94.7,31.0,1,10,1,Jamais emprunté ailleurs,0,0,Habitat/Réparation,500000,12,Aval d'un tiers,0.94,0
CSWA-02001,60,Femme,Rurale,Marié(e),Secondaire,1,Restauration/Transformation,3.9,132000,50000,39,0,34400,Irrégulière,1,60.0,7.0,1,7,1,Incident de paiement signale ailleurs,0,0,Equipement/Matériel,497000,36,Bien matériel,0.5,0
CSWA-02002,21,Homme,Semi-urbaine,Marié(e),Primaire,1,Agriculture,1.5,152000,108000,97,0,9400,Irrégulière,1,81.2,5.0,1,13,1,Jamais emprunté ailleurs,0,0,Intrants agricoles,138000,9,Aval d'un tiers,0.82,0
CSWA-02003,37,Femme,Urbaine,Marié(e),Aucun,4,Restauration/Transformation,1.4,53000,31000,143,0,22600,Irrégulière,3,86.1,6.0,1,11,0,Non consulté,0,0,Fonds de commerce,92000,9,Aval d'un tiers,0.8,1
CSWA-02004,40,Homme,Urbaine,Divorcé(e),Aucun,4,Salarié secteur formel,5.3,185000,105000,147,1,182900,Régulière,0,,,1,9,1,Pret en cours ailleurs,1,221000,Fonds de commerce,915000,6,Caution solidaire,1.6,0
CSWA-02005,56,Femme,Semi-urbaine,Marié(e),Aucun,3,Restauration/Transformation,1.5,94000,49000,83,0,13000,Régulière,4,68.7,4.0,0,0,1,Jamais emprunté ailleurs,0,0,Santé,135000,3,Aucune,1.06,0
CSWA-02006,25,Homme,Rurale,Marié(e),Supérieur,1,Salarié secteur formel,3.4,132000,77000,179,1,56500,Aucune épargne,2,89.2,1.0,1,12,1,Jamais emprunté ailleurs,0,0,Habitat/Réparation,544000,12,Aucune,0.97,0
CSWA-02007,39,Femme,Rurale,Marié(e),Secondaire,2,Autre service,7.6,104000,43000,57,1,82700,Irrégulière,1,88.1,0.0,1,10,1,Jamais emprunté ailleurs,0,0,Intrants agricoles,179000,9,Aucune,0.63,0
CSWA-02008,26,Homme,Semi-urbaine,Veuf(ve),Aucun,6,Restauration/Transformation,6.0,103000,68000,147,1,130800,Irrégulière,3,87.5,11.0,0,0,1,Incident de paiement signale ailleurs,0,0,Intrants agricoles,166000,12,Bien matériel,0.81,1
CSWA-02009,56,Homme,Semi-urbaine,Célibataire,Primaire,4,Fonctionnaire,4.5,150000,122000,159,0,324200,Régulière,3,75.8,5.0,1,8,0,Non consulté,0,0,Elevage,143000,9,Bien matériel,0.93,0
CSWA-02010,48,Femme,Rurale,Marié(e),Secondaire,11,Commerce informel,5.6,156000,126000,53,0,81500,Aucune épargne,2,77.9,4.0,0,0,1,Bon payeur ailleurs (solde sans incident),0,0,Santé,458000,12,Caution solidaire,1.08,0
CSWA-02011,42,Homme,Semi-urbaine,Divorcé(e),Primaire,7,Autre service,7.7,55000,40000,10,1,3100,Régulière,2,94.2,3.0,1,6,1,Jamais emprunté ailleurs,0,0,Fonds de commerce,62000,24,Caution solidaire,0.78,0
CSWA-02012,37,Homme,Rurale,Marié(e),Primaire,6,Fonctionnaire,4.1,56000,31000,142,1,97300,Aucune épargne,2,89.2,2.0,1,8,1,Pret en cours ailleurs,1,169000,Santé,220000,6,Aucune,1.56,0
CSWA-02013,26,Femme,Rurale,Veuf(ve),Secondaire,6,Commerce informel,8.5,97000,79000,16,0,13700,Régulière,1,90.6,6.0,1,9,1,Jamais emprunté ailleurs,0,0,Fonds de commerce,497000,6,Caution solidaire,1.77,0
CSWA-02014,62,Homme,Urbaine,Marié(e),Aucun,1,Artisanat,5.3,93000,63000,114,1,85400,Irrégulière,5,89.4,3.0,0,0,1,Bon payeur ailleurs (solde sans incident),0,0,Fonds de commerce,479000,12,Caution solidaire,1.16,0
CSWA-02015,49,Femme,Urbaine,Marié(e),Primaire,3,Elevage,9.6,68000,41000,89,1,10200,Régulière,0,,,1,12,1,Bon payeur ailleurs (solde sans incident),0,0,Habitat/Réparation,346000,9,Caution solidaire,1.24,0
CSWA-02016,34,Femme,Urbaine,Marié(e),Aucun,4,Transport,5.6,212000,104000,89,1,63100,Régulière,2,90.6,2.0,1,9,1,Jamais emprunté ailleurs,0,0,Education,740000,18,Bien matériel,0.71,0
CSWA-02017,38,Homme,Semi-urbaine,Divorcé(e),Aucun,6,Commerce informel,2.1,57000,41000,133,1,7000,Régulière,2,84.8,13.0,1,9,1,Bon payeur ailleurs (solde sans incident),0,0,Equipement/Matériel,304000,3,Aucune,2.71,0
CSWA-02018,53,Femme,Rurale,Veuf(ve),Secondaire,0,Elevage,3.3,202000,151000,115,0,36900,Irrégulière,1,71.4,7.0,1,9,0,Non consulté,0,0,Equipement/Matériel,680000,12,Caution solidaire,1.06,0
CSWA-02019,52,Homme,Urbaine,Marié(e),Secondaire,2,Elevage,5.2,37000,23000,109,0,54100,Irrégulière,0,,,1,14,1,Bon payeur ailleurs (solde sans incident),0,0,Fonds de commerce,57000,3,Aval d'un tiers,1.2,0
CSWA-02020,40,Femme,Rurale,Marié(e),Supérieur,3,Agriculture,18.5,66000,33000,80,1,63000,Irrégulière,2,67.7,9.0,1,16,1,Pret en cours ailleurs,1,183000,Intrants agricoles,225000,3,Bien matériel,2.02,0
CSWA-02021,33,Homme,Urbaine,Marié(e),Aucun,4,Autre service,3.2,123000,67000,126,0,55600,Irrégulière,1,78.5,4.0,1,9,1,Jamais emprunté ailleurs,0,0,Equipement/Matériel,421000,36,Bien matériel,0.65,0
CSWA-02022,50,Homme,Urbaine,Marié(e),Secondaire,4,Elevage,16.0,45000,30000,114,0,19900,Régulière,0,,,1,8,1,Incident de paiement signale ailleurs,0,0,Equipement/Matériel,162000,9,Aval d'un tiers,1.12,0
CSWA-02023,49,Homme,Semi-urbaine,Marié(e),Supérieur,3,Agriculture,9.0,54000,25000,105,0,42700,Aucune épargne,0,,,1,9,1,Incident de paiement signale ailleurs,0,0,Fonds de commerce,172000,9,Caution solidaire,0.86,1
CSWA-02024,47,Femme,Rurale,Marié(e),Secondaire,4,Salarié secteur formel,9.2,93000,54000,133,1,64100,Irrégulière,2,88.4,1.0,1,10,1,Jamais emprunté ailleurs,0,0,Fonds de commerce,377000,24,Caution solidaire,0.77,0
CSWA-02025,22,Femme,Urbaine,Célibataire,Supérieur,5,Commerce informel,7.7,31000,12000,22,1,5800,Régulière,2,79.3,5.0,0,0,1,Pret en cours ailleurs,3,103000,Equipement/Matériel,142000,3,Caution solidaire,2.4,0
CSWA-02026,41,Femme,Rurale,Marié(e),Supérieur,3,Commerce informel,15.2,148000,111000,3,0,4700,Irrégulière,0,,,1,2,0,Non consulté,0,0,Intrants agricoles,661000,3,Caution solidaire,2.42,0
CSWA-02027,47,Femme,Rurale,Veuf(ve),Secondaire,5,Commerce informel,3.5,182000,98000,7,1,10300,Régulière,1,82.4,22.0,1,10,1,Bon payeur ailleurs (solde sans incident),0,0,Habitat/Réparation,765000,24,Caution solidaire,0.73,0
CSWA-02028,63,Femme,Rurale,Marié(e),Supérieur,5,Fonctionnaire,8.8,104000,60000,111,1,158900,Aucune épargne,2,54.1,3.0,1,9,1,Incident de paiement signale ailleurs,0,0,Intrants agricoles,307000,6,Caution solidaire,1.13,0
CSWA-02029,43,Femme,Semi-urbaine,Marié(e),Secondaire,0,Salarié secteur formel,2.4,113000,90000,136,0,108700,Régulière,1,63.2,1.0,0,0,1,Jamais emprunté ailleurs,0,0,Equipement/Matériel,101000,18,Bien matériel,0.85,0
CSWA-02030,35,Femme,Rurale,Marié(e),Primaire,3,Artisanat,3.5,64000,35000,28,1,23600,Irrégulière,0,,,1,9,0,Non consulté,0,0,Intrants agricoles,212000,18,Aucune,0.75,0
CSWA-02031,45,Femme,Rurale,Marié(e),Supérieur,1,Agriculture,8.0,66000,39000,11,0,5900,Irrégulière,0,,,1,5,1,Bon payeur ailleurs (solde sans incident),0,0,Fonds de commerce,310000,36,Aucune,0.74,1
CSWA-02032,27,Homme,Urbaine,Célibataire,Secondaire,7,Elevage,9.3,95000,47000,61,0,38200,Aucune épargne,0,,,1,13,0,Non consulté,0,0,Equipement/Matériel,443000,9,Aval d'un tiers,1.07,1
CSWA-02033,23,Femme,Rurale,Célibataire,Aucun,3,Artisanat,6.8,87000,66000,143,0,97300,Régulière,2,95.1,4.0,1,10,0,Non consulté,0,0,Santé,179000,9,Aval d'un tiers,1.01,0
CSWA-02034,50,Femme,Urbaine,Marié(e),Primaire,7,Artisanat,1.3,66000,37000,80,0,59100,Irrégulière,2,87.6,13.0,1,10,1,Jamais emprunté ailleurs,0,0,Education,345000,18,Caution solidaire,0.89,0
CSWA-02035,65,Homme,Urbaine,Marié(e),Aucun,3,Commerce informel,3.1,193000,114000,121,0,349800,Régulière,4,69.8,1.0,1,12,0,Non consulté,0,0,Habitat/Réparation,928000,12,Bien matériel,1.04,1
CSWA-02036,58,Homme,Semi-urbaine,Veuf(ve),Secondaire,5,Commerce informel,2.1,71000,42000,176,0,9600,Régulière,1,74.6,9.0,1,9,1,Bon payeur ailleurs (solde sans incident),0,0,Fonds de commerce,315000,9,Caution solidaire,1.14,0
CSWA-02037,46,Homme,Rurale,Marié(e),Aucun,2,Fonctionnaire,5.0,170000,117000,93,0,125100,Régulière,1,79.7,2.0,1,13,1,Jamais emprunté ailleurs,0,0,Fonds de commerce,146000,12,Caution solidaire,0.77,1
CSWA-02038,20,Femme,Rurale,Marié(e),Primaire,3,Restauration/Transformation,2.1,85000,53000,59,1,51100,Régulière,4,46.7,7.0,1,12,1,Jamais emprunté ailleurs,0,0,Fonds de commerce,136000,12,Aucune,0.77,0
CSWA-02039,65,Homme,Urbaine,Célibataire,Primaire,3,Commerce informel,3.6,83000,47000,6,1,4700,Irrégulière,2,51.8,0.0,1,11,1,Bon payeur ailleurs (solde sans incident),0,0,Education,190000,12,Bien matériel,0.78,0
CSWA-02040,40,Femme,Semi-urbaine,Marié(e),Aucun,2,Autre service,3.6,107000,72000,148,0,138000,Régulière,1,78.3,0.0,1,6,1,Bon payeur ailleurs (solde sans incident),0,0,Santé,260000,12,Caution solidaire,0.9,0
CSWA-02041,32,Femme,Urbaine,Marié(e),Supérieur,6,Agriculture,10.6,107000,72000,135,1,16200,Aucune épargne,2,84.3,14.0,1,4,1,Bon payeur ailleurs (solde sans incident),0,0,Habitat/Réparation,386000,18,Caution solidaire,0.9,0
CSWA-02042,60,Femme,Rurale,Célibataire,Primaire,3,Restauration/Transformation,3.8,75000,53000,61,1,20300,Aucune épargne,3,72.3,10.0,0,0,1,Bon payeur ailleurs (solde sans incident),0,0,Fonds de commerce,332000,24,Caution solidaire,0.91,0
CSWA-02043,54,Homme,Semi-urbaine,Veuf(ve),Aucun,6,Commerce informel,15.7,110000,64000,114,0,73600,Régulière,2,88.6,4.0,1,10,1,Pret en cours ailleurs,1,150000,Evénement social,604000,12,Aval d'un tiers,1.22,0
CSWA-02044,54,Femme,Rurale,Marié(e),Aucun,3,Fonctionnaire,4.2,111000,93000,42,1,29300,Régulière,0,,,1,4,1,Pret en cours ailleurs,3,218000,Santé,391000,3,Caution solidaire,2.33,0
CSWA-02045,32,Femme,Semi-urbaine,Marié(e),Secondaire,4,Commerce informel,7.4,201000,128000,121,0,251200,Régulière,0,,,0,0,0,Non consulté,0,0,Habitat/Réparation,535000,12,Aval d'un tiers,0.89,0
CSWA-02046,65,Homme,Urbaine,Célibataire,Secondaire,3,Autre service,6.3,84000,63000,79,0,90000,Irrégulière,3,64.0,4.0,1,12,0,Non consulté,0,0,Santé,125000,6,Bien matériel,1.03,0
CSWA-02047,40,Homme,Rurale,Marié(e),Primaire,3,Restauration/Transformation,5.7,53000,31000,37,1,2400,Irrégulière,2,93.9,17.0,1,7,1,Bon payeur ailleurs (solde sans incident),0,0,Intrants agricoles,80000,6,Bien matériel,0.87,0
CSWA-02048,43,Homme,Semi-urbaine,Marié(e),Primaire,1,Commerce informel,8.9,56000,29000,17,1,6600,Régulière,2,64.5,23.0,0,0,1,Jamais emprunté ailleurs,0,0,Education,45000,24,Caution solidaire,0.56,0
CSWA-02049,54,Homme,Rurale,Marié(e),Supérieur,3,Commerce informel,5.2,297000,182000,4,0,16500,Irrégulière,0,,,1,9,1,Pret en cours ailleurs,1,99000,Fonds de commerce,379000,6,Aval d'un tiers,0.88,0
CSWA-02050,50,Femme,Rurale,Célibataire,Secondaire,5,Salarié secteur formel,3.6,205000,131000,148,1,439400,Régulière,1,65.8,3.0,1,13,1,Bon payeur ailleurs (solde sans incident),0,0,Equipement/Matériel,356000,12,Caution solidaire,0.8,0
CSWA-02051,27,Femme,Rurale,Marié(e),Secondaire,0,Commerce informel,8.1,42000,21000,13,1,5800,Régulière,0,,,1,8,1,Pret en cours ailleurs,1,55000,Education,46000,6,Caution solidaire,0.82,0
CSWA-02052,33,Femme,Semi-urbaine,Marié(e),Primaire,3,Commerce informel,2.7,82000,60000,90,1,105800,Régulière,0,,,0,0,1,Jamais emprunté ailleurs,0,0,Intrants agricoles,251000,24,Bien matériel,0.87,0
CSWA-02053,35,Femme,Semi-urbaine,Marié(e),Supérieur,3,Restauration/Transformation,4.3,58000,33000,23,1,10300,Irrégulière,1,89.6,2.0,1,8,1,Jamais emprunté ailleurs,0,0,Habitat/Réparation,319000,12,Aucune,1.08,1
CSWA-02054,63,Femme,Rurale,Marié(e),Secondaire,5,Commerce informel,8.9,127000,86000,124,0,150200,Irrégulière,3,62.4,3.0,1,7,1,Bon payeur ailleurs (solde sans incident),0,0,Fonds de commerce,368000,24,Aucune,0.81,0
CSWA-02055,52,Femme,Semi-urbaine,Veuf(ve),Primaire,5,Artisanat,4.9,121000,60000,71,1,110500,Régulière,2,73.4,5.0,1,7,1,Bon payeur ailleurs (solde sans incident),0,0,Fonds de commerce,553000,6,Aucune,1.35,0
CSWA-02056,36,Femme,Rurale,Marié(e),Supérieur,0,Artisanat,7.0,60000,36000,144,0,7500,Régulière,0,,,0,0,1,Bon payeur ailleurs (solde sans incident),0,0,Fonds de commerce,303000,12,Caution solidaire,1.07,0
CSWA-02057,53,Homme,Rurale,Marié(e),Secondaire,4,Commerce informel,6.3,185000,97000,17,0,43700,Régulière,1,87.1,1.0,1,4,1,Jamais emprunté ailleurs,0,0,Fonds de commerce,275000,12,Bien matériel,0.66,0
CSWA-02058,53,Femme,Urbaine,Veuf(ve),Secondaire,2,Agriculture,3.8,44000,25000,74,1,23800,Irrégulière,2,98.2,12.0,1,7,1,Bon payeur ailleurs (solde sans incident),0,0,Habitat/Réparation,95000,12,Bien matériel,0.77,0
CSWA-02059,37,Homme,Rurale,Marié(e),Secondaire,2,Commerce informel,5.0,54000,37000,73,1,56900,Régulière,0,,,1,8,1,Bon payeur ailleurs (solde sans incident),0,0,Habitat/Réparation,256000,9,Caution solidaire,1.28,0
CSWA-02060,37,Femme,Semi-urbaine,Marié(e),Primaire,8,Autre service,2.7,192000,82000,82,1,7400,Irrégulière,0,,,1,13,1,Pret en cours ailleurs,2,112000,Fonds de commerce,415000,9,Aval d'un tiers,0.75,0
CSWA-02061,61,Femme,Rurale,Marié(e),Primaire,1,Commerce informel,9.7,39000,18000,52,0,3500,Irrégulière,1,83.2,14.0,1,8,1,Bon payeur ailleurs (solde sans incident),0,0,Intrants agricoles,113000,18,Aucune,0.64,0
CSWA-02062,45,Femme,Urbaine,Célibataire,Aucun,1,Restauration/Transformation,4.4,98000,52000,46,1,6500,Irrégulière,6,96.7,2.0,1,10,1,Bon payeur ailleurs (solde sans incident),0,0,Education,133000,3,Bien matériel,1.04,0
CSWA-02063,26,Homme,Rurale,Célibataire,Primaire,2,Restauration/Transformation,10.1,191000,93000,172,0,37900,Régulière,2,77.9,4.0,0,0,1,Bon payeur ailleurs (solde sans incident),0,0,Fonds de commerce,792000,12,Bien matériel,0.87,0
CSWA-02064,52,Femme,Semi-urbaine,Célibataire,Primaire,6,Transport,4.8,20000,9000,129,0,5900,Irrégulière,1,77.2,3.0,0,0,1,Bon payeur ailleurs (solde sans incident),0,0,Intrants agricoles,39000,9,Aval d'un tiers,0.7,0
CSWA-02065,46,Homme,Semi-urbaine,Marié(e),Primaire,3,Agriculture,7.3,67000,51000,83,0,29000,Régulière,1,74.0,1.0,1,11,1,Bon payeur ailleurs (solde sans incident),0,0,Education,263000,9,Bien matériel,1.25,0
CSWA-02066,42,Femme,Urbaine,Marié(e),Supérieur,3,Commerce informel,2.7,136000,59000,150,0,46900,Régulière,1,74.0,1.0,1,8,0,Non consulté,0,0,Habitat/Réparation,267000,6,Aucune,0.8,0
CSWA-02067,53,Homme,Urbaine,Marié(e),Aucun,4,Elevage,9.3,70000,47000,13,1,2200,Régulière,3,72.4,1.0,1,7,1,Jamais emprunté ailleurs,0,0,Equipement/Matériel,153000,12,Caution solidaire,0.88,0
CSWA-02068,61,Femme,Rurale,Divorcé(e),Secondaire,8,Restauration/Transformation,4.9,84000,48000,104,1,60600,Régulière,1,85.9,7.0,1,11,1,Pret en cours ailleurs,1,217000,Habitat/Réparation,431000,6,Bien matériel,1.76,0
CSWA-02069,34,Femme,Urbaine,Marié(e),Aucun,3,Restauration/Transformation,3.9,90000,39000,123,1,105400,Régulière,4,92.0,0.0,1,8,1,Bon payeur ailleurs (solde sans incident),0,0,Equipement/Matériel,359000,9,Caution solidaire,0.93,0
CSWA-02070,38,Homme,Semi-urbaine,Célibataire,Aucun,1,Commerce informel,2.5,96000,48000,7,0,1000,Irrégulière,1,86.8,12.0,1,10,0,Non consulté,0,0,Fonds de commerce,494000,12,Aval d'un tiers,0.98,1
CSWA-02071,27,Homme,Rurale,Célibataire,Aucun,2,Restauration/Transformation,20.6,52000,21000,128,1,58300,Aucune épargne,1,78.4,2.0,1,10,0,Non consulté,0,0,Fonds de commerce,120000,12,Bien matériel,0.62,0
CSWA-02072,49,Femme,Rurale,Marié(e),Primaire,6,Commerce informel,2.2,123000,49000,129,0,140700,Aucune épargne,1,61.8,8.0,1,3,1,Bon payeur ailleurs (solde sans incident),0,0,Intrants agricoles,427000,12,Caution solidaire,0.72,0
CSWA-02073,37,Homme,Urbaine,Marié(e),Primaire,4,Elevage,15.5,93000,49000,96,0,45000,Irrégulière,0,,,1,9,0,Non consulté,0,0,Fonds de commerce,97000,12,Aval d'un tiers,0.62,0
CSWA-02074,35,Homme,Rurale,Marié(e),Primaire,4,Artisanat,12.8,43000,31000,121,0,16100,Aucune épargne,2,75.5,17.0,1,6,0,Non consulté,0,0,Fonds de commerce,181000,9,Aucune,1.24,0
CSWA-02075,51,Homme,Semi-urbaine,Marié(e),Secondaire,4,Commerce informel,2.1,63000,35000,171,1,103500,Régulière,4,62.2,0.0,0,0,1,Bon payeur ailleurs (solde sans incident),0,0,Education,119000,12,Aucune,0.73,0
CSWA-02076,38,Homme,Rurale,Divorcé(e),Primaire,4,Autre service,5.2,37000,23000,62,1,27100,Aucune épargne,1,93.0,0.0,0,0,1,Incident de paiement signale ailleurs,0,0,Intrants agricoles,77000,6,Caution solidaire,1.01,1
CSWA-02077,40,Femme,Urbaine,Marié(e),Aucun,3,Artisanat,4.9,91000,38000,40,1,16400,Régulière,1,61.8,4.0,0,0,1,Pret en cours ailleurs,2,234000,Fonds de commerce,249000,12,Aucune,0.9,0
CSWA-02078,39,Femme,Urbaine,Divorcé(e),Primaire,3,Commerce informel,5.3,106000,84000,74,1,61300,Irrégulière,4,66.4,2.0,1,7,1,Bon payeur ailleurs (solde sans incident),0,0,Intrants agricoles,131000,3,Bien matériel,1.25,0
CSWA-02079,31,Homme,Semi-urbaine,Marié(e),Aucun,5,Commerce informel,6.3,91000,47000,172,0,27900,Régulière,1,89.9,2.0,0,0,1,Pret en cours ailleurs,1,207000,Elevage,203000,36,Bien matériel,0.79,0
CSWA-02080,24,Femme,Semi-urbaine,Marié(e),Aucun,5,Transport,10.2,109000,48000,90,1,115800,Irrégulière,0,,,1,7,1,Bon payeur ailleurs (solde sans incident),0,0,Fonds de commerce,344000,9,Caution solidaire,0.83,0
CSWA-02081,57,Homme,Urbaine,Veuf(ve),Aucun,0,Salarié secteur formel,2.4,96000,51000,168,0,162100,Irrégulière,3,79.3,5.0,1,8,1,Bon payeur ailleurs (solde sans incident),0,0,Elevage,508000,12,Caution solidaire,1.02,0
CSWA-02082,23,Homme,Rurale,Veuf(ve),Secondaire,3,Commerce informel,4.9,123000,103000,143,0,116400,Irrégulière,1,86.0,5.0,1,12,1,Jamais emprunté ailleurs,0,0,Fonds de commerce,200000,18,Bien matériel,0.94,0
CSWA-02083,34,Femme,Urbaine,Marié(e),Secondaire,2,Commerce informel,4.0,75000,50000,22,1,15200,Régulière,0,,,1,13,1,Pret en cours ailleurs,2,84000,Fonds de commerce,254000,24,Aval d'un tiers,0.93,0
CSWA-02084,50,Homme,Rurale,Célibataire,Secondaire,4,Restauration/Transformation,3.7,119000,49000,123,0,209900,Aucune épargne,1,69.6,8.0,1,8,1,Bon payeur ailleurs (solde sans incident),0,0,Fonds de commerce,473000,24,Caution solidaire,0.6,0
CSWA-02085,25,Femme,Urbaine,Veuf(ve),Secondaire,5,Agriculture,5.4,40000,17000,159,1,54500,Régulière,1,83.4,5.0,1,12,1,Bon payeur ailleurs (solde sans incident),0,0,Fonds de commerce,159000,24,Aval d'un tiers,0.61,0
CSWA-02086,49,Femme,Semi-urbaine,Célibataire,Primaire,3,Agriculture,4.6,37000,27000,94,0,22900,Régulière,1,64.2,4.0,1,12,1,Jamais emprunté ailleurs,0,0,Fonds de commerce,31000,36,Aucune,0.76,0
CSWA-02087,53,Femme,Semi-urbaine,Célibataire,Primaire,2,Agriculture,0.9,85000,66000,55,0,32600,Régulière,3,61.6,24.0,1,6,1,Jamais emprunté ailleurs,0,0,Fonds de commerce,467000,9,Caution solidaire,1.46,0
CSWA-02088,50,Femme,Urbaine,Marié(e),Aucun,3,Elevage,6.4,118000,46000,145,0,51400,Régulière,3,94.3,22.0,1,8,1,Jamais emprunté ailleurs,0,0,Elevage,574000,36,Caution solidaire,0.54,0
CSWA-02089,33,Homme,Rurale,Marié(e),Secondaire,2,Commerce informel,1.3,69000,34000,11,0,10400,Irrégulière,1,97.1,0.0,0,0,1,Jamais emprunté ailleurs,0,0,Habitat/Réparation,141000,9,Caution solidaire,0.75,0
CSWA-02090,19,Homme,Urbaine,Marié(e),Aucun,4,Agriculture,9.6,115000,43000,155,1,150000,Régulière,0,,,1,14,0,Non consulté,0,0,Fonds de commerce,438000,6,Aucune,1.09,1
CSWA-02091,60,Homme,Urbaine,Marié(e),Aucun,4,Commerce informel,5.8,96000,40000,15,1,8800,Irrégulière,3,55.8,1.0,1,13,1,Bon payeur ailleurs (solde sans incident),0,0,Evénement social,425000,18,Bien matériel,0.69,0
CSWA-02092,34,Femme,Urbaine,Marié(e),Supérieur,5,Commerce informel,4.4,26000,11000,10,0,3700,Aucune épargne,0,,,1,10,1,Jamais emprunté ailleurs,0,0,Evénement social,116000,6,Aucune,1.26,1
CSWA-02093,56,Femme,Urbaine,Marié(e),Aucun,5,Autre service,2.0,290000,165000,94,0,229400,Irrégulière,2,68.8,8.0,1,9,1,Bon payeur ailleurs (solde sans incident),0,0,Intrants agricoles,1131000,12,Aucune,0.93,0
CSWA-02094,28,Homme,Semi-urbaine,Marié(e),Aucun,2,Commerce informel,6.5,40000,14000,13,0,1300,Irrégulière,2,81.7,2.0,1,4,1,Bon payeur ailleurs (solde sans incident),0,0,Evénement social,80000,12,Aucune,0.54,0
CSWA-02095,26,Homme,Urbaine,Marié(e),Supérieur,2,Commerce informel,5.2,48000,34000,130,1,65500,Régulière,2,54.8,7.0,0,0,1,Jamais emprunté ailleurs,0,0,Fonds de commerce,155000,9,Caution solidaire,1.11,1
CSWA-02096,55,Homme,Semi-urbaine,Marié(e),Primaire,1,Salarié secteur formel,5.4,108000,60000,86,0,134800,Régulière,1,79.9,3.0,1,10,1,Pret en cours ailleurs,2,218000,Equipement/Matériel,300000,18,Aucune,0.91,1
CSWA-02097,63,Femme,Urbaine,Marié(e),Primaire,4,Autre service,5.9,82000,45000,134,0,136900,Régulière,2,90.7,0.0,1,6,1,Incident de paiement signale ailleurs,0,0,Evénement social,176000,6,Caution solidaire,0.95,0
CSWA-02098,59,Femme,Rurale,Marié(e),Aucun,1,Salarié secteur formel,7.7,182000,151000,141,0,151700,Régulière,1,81.5,2.0,1,17,1,Bon payeur ailleurs (solde sans incident),0,0,Habitat/Réparation,981000,12,Aucune,1.33,0
CSWA-02099,54,Femme,Rurale,Veuf(ve),Primaire,1,Commerce informel,6.4,62000,32000,143,1,108100,Régulière,1,99.9,3.0,1,7,1,Pret en cours ailleurs,1,148000,Education,137000,12,Bien matériel,0.94,0
CSWA-02100,30,Femme,Semi-urbaine,Marié(e),Supérieur,5,Artisanat,12.3,50000,19000,20,0,7400,Irrégulière,0,,,1,5,1,Incident de paiement signale ailleurs,0,0,Equipement/Matériel,233000,3,Caution solidaire,2.12,0
CSWA-02101,61,Homme,Urbaine,Marié(e),Secondaire,2,Restauration/Transformation,7.7,52000,29000,153,0,49900,Irrégulière,2,66.0,5.0,1,12,1,Incident de paiement signale ailleurs,0,0,Fonds de commerce,250000,3,Bien matériel,2.35,1
CSWA-02102,50,Femme,Urbaine,Marié(e),Primaire,3,Transport,6.3,125000,73000,156,0,165400,Aucune épargne,2,73.5,1.0,0,0,1,Bon payeur ailleurs (solde sans incident),0,0,Intrants agricoles,157000,12,Aucune,0.7,1
CSWA-02103,27,Femme,Rurale,Marié(e),Primaire,0,Commerce informel,5.6,61000,36000,92,0,8200,Irrégulière,3,82.8,13.0,1,9,1,Jamais emprunté ailleurs,0,0,Evénement social,267000,9,Bien matériel,1.13,0
CSWA-02104,25,Homme,Rurale,Marié(e),Primaire,2,Agriculture,2.9,45000,26000,25,1,4700,Irrégulière,3,93.2,1.0,1,7,1,Jamais emprunté ailleurs,0,0,Fonds de commerce,224000,9,Bien matériel,1.2,0
CSWA-02105,59,Femme,Rurale,Marié(e),Primaire,4,Commerce informel,1.8,53000,27000,132,1,61800,Aucune épargne,0,,,1,8,1,Bon payeur ailleurs (solde sans incident),0,0,Habitat/Réparation,181000,12,Bien matériel,0.83,0
CSWA-02106,31,Homme,Urbaine,Célibataire,Aucun,1,Restauration/Transformation,0.7,74000,46000,126,0,19100,Irrégulière,1,76.4,12.0,1,10,1,Pret en cours ailleurs,1,168000,Evénement social,209000,18,Caution solidaire,1.0,0
CSWA-02107,54,Femme,Urbaine,Célibataire,Aucun,0,Agriculture,7.4,54000,42000,25,1,8600,Aucune épargne,0,,,1,11,1,Pret en cours ailleurs,2,56000,Education,278000,9,Aucune,1.51,0
CSWA-02108,25,Femme,Semi-urbaine,Marié(e),Secondaire,3,Elevage,5.2,68000,36000,145,0,123000,Régulière,3,65.9,1.0,0,0,1,Pret en cours ailleurs,1,88000,Santé,140000,3,Caution solidaire,1.41,0
CSWA-02109,32,Femme,Rurale,Marié(e),Secondaire,2,Artisanat,7.8,98000,61000,123,1,162000,Régulière,0,,,1,6,1,Jamais emprunté ailleurs,0,0,Fonds de commerce,188000,12,Bien matériel,0.8,0
CSWA-02110,32,Femme,Rurale,Marié(e),Supérieur,4,Salarié secteur formel,11.8,140000,108000,9,1,3800,Irrégulière,1,87.2,7.0,1,5,1,Bon payeur ailleurs (solde sans incident),0,0,Evénement social,738000,9,Aucune,1.43,0
CSWA-02111,32,Homme,Urbaine,Marié(e),Secondaire,4,Fonctionnaire,4.9,59000,32000,110,0,92100,Aucune épargne,0,,,1,6,1,Bon payeur ailleurs (solde sans incident),0,0,Fonds de commerce,320000,12,Aval d'un tiers,1.05,1
CSWA-02112,50,Femme,Urbaine,Marié(e),Primaire,1,Restauration/Transformation,2.1,55000,23000,153,1,60400,Régulière,4,76.6,8.0,0,0,1,Bon payeur ailleurs (solde sans incident),0,0,Intrants agricoles,74000,18,Bien matériel,0.5,0
CSWA-02113,61,Femme,Semi-urbaine,Célibataire,Secondaire,0,Commerce informel,9.1,174000,99000,172,1,76700,Irrégulière,3,60.8,3.0,1,9,0,Non consulté,0,0,Evénement social,643000,3,Aucune,1.95,0
CSWA-02114,61,Femme,Rurale,Marié(e),Supérieur,1,Salarié secteur formel,4.7,160000,96000,152,0,275800,Aucune épargne,1,82.8,4.0,0,0,1,Pret en cours ailleurs,1,141000,Habitat/Réparation,726000,36,Caution solidaire,0.82,0
CSWA-02115,53,Femme,Urbaine,Célibataire,Aucun,4,Commerce informel,3.6,83000,65000,155,0,20400,Régulière,1,81.8,2.0,1,14,1,Jamais emprunté ailleurs,0,0,Evénement social,430000,6,Caution solidaire,1.75,0
CSWA-02116,28,Homme,Semi-urbaine,Marié(e),Primaire,5,Commerce informel,3.4,120000,93000,27,1,35800,Irrégulière,3,86.8,11.0,0,0,1,Jamais emprunté ailleurs,0,0,Fonds de commerce,194000,3,Bien matériel,1.38,0
CSWA-02117,64,Femme,Rurale,Marié(e),Aucun,4,Agriculture,7.4,48000,35000,5,1,4600,Régulière,1,70.8,2.0,0,0,1,Incident de paiement signale ailleurs,0,0,Habitat/Réparation,163000,6,Caution solidaire,1.36,0
CSWA-02118,44,Femme,Urbaine,Célibataire,Supérieur,2,Restauration/Transformation,7.3,58000,31000,38,0,21300,Aucune épargne,2,82.9,4.0,0,0,1,Pret en cours ailleurs,1,95000,Habitat/Réparation,204000,12,Caution solidaire,1.01,1
CSWA-02119,44,Homme,Rurale,Marié(e),Supérieur,2,Commerce informel,10.4,104000,51000,159,0,206300,Régulière,3,64.1,2.0,1,15,1,Bon payeur ailleurs (solde sans incident),0,0,Santé,559000,18,Bien matériel,0.82,0
CSWA-02120,51,Femme,Rurale,Marié(e),Secondaire,9,Commerce informel,2.5,22000,13000,155,0,42300,Irrégulière,1,76.0,8.0,1,7,1,Bon payeur ailleurs (solde sans incident),0,0,Santé,91000,24,Aval d'un tiers,0.78,0
CSWA-02121,55,Femme,Urbaine,Marié(e),Aucun,3,Commerce informel,2.5,124000,63000,15,0,12600,Irrégulière,1,55.1,1.0,1,8,0,Non consulté,0,0,Equipement/Matériel,602000,18,Caution solidaire,0.81,1
CSWA-02122,63,Femme,Rurale,Célibataire,Supérieur,5,Artisanat,5.9,59000,50000,174,1,81100,Régulière,0,,,1,7,1,Pret en cours ailleurs,2,231000,Fonds de commerce,131000,18,Aucune,1.34,1
CSWA-02123,46,Femme,Rurale,Marié(e),Aucun,1,Restauration/Transformation,6.4,45000,18000,39,1,11300,Aucune épargne,4,99.6,3.0,1,5,1,Bon payeur ailleurs (solde sans incident),0,0,Equipement/Matériel,141000,6,Caution solidaire,0.98,0
CSWA-02124,47,Homme,Urbaine,Veuf(ve),Aucun,1,Elevage,9.6,100000,60000,88,0,82100,Régulière,0,,,0,0,1,Bon payeur ailleurs (solde sans incident),0,0,Santé,254000,6,Aval d'un tiers,1.07,0
CSWA-02125,54,Femme,Semi-urbaine,Divorcé(e),Primaire,5,Agriculture,10.0,179000,97000,110,1,157500,Régulière,4,87.6,13.0,1,11,1,Bon payeur ailleurs (solde sans incident),0,0,Intrants agricoles,583000,6,Caution solidaire,1.15,0
CSWA-02126,30,Homme,Urbaine,Célibataire,Secondaire,3,Salarié secteur formel,5.8,98000,72000,23,0,10600,Irrégulière,2,70.0,10.0,1,9,1,Jamais emprunté ailleurs,0,0,Intrants agricoles,171000,9,Bien matériel,0.95,0
CSWA-02127,33,Femme,Rurale,Marié(e),Secondaire,5,Agriculture,10.4,95000,62000,69,0,42900,Régulière,2,60.5,15.0,0,0,1,Bon payeur ailleurs (solde sans incident),0,0,Intrants agricoles,151000,3,Aucune,1.25,0
CSWA-02128,48,Femme,Rurale,Célibataire,Primaire,4,Agriculture,5.1,104000,40000,51,1,45700,Aucune épargne,2,38.3,4.0,1,6,1,Jamais emprunté ailleurs,0,0,Elevage,441000,9,Aucune,0.91,1
CSWA-02129,22,Femme,Rurale,Marié(e),Primaire,1,Artisanat,5.2,92000,63000,65,1,72200,Irrégulière,3,67.1,1.0,1,13,1,Pret en cours ailleurs,1,59000,Intrants agricoles,214000,6,Caution solidaire,1.18,0
CSWA-02130,34,Femme,Rurale,Veuf(ve),Primaire,5,Restauration/Transformation,4.6,47000,28000,61,0,6600,Aucune épargne,4,86.3,2.0,1,15,1,Jamais emprunté ailleurs,0,0,Equipement/Matériel,45000,9,Aval d'un tiers,0.71,0
CSWA-02131,52,Femme,Rurale,Marié(e),Aucun,5,Transport,2.4,91000,60000,82,0,64000,Irrégulière,1,69.3,17.0,1,10,1,Bon payeur ailleurs (solde sans incident),0,0,Habitat/Réparation,121000,12,Caution solidaire,0.78,0
CSWA-02132,64,Femme,Semi-urbaine,Marié(e),Secondaire,4,Commerce informel,1.7,89000,35000,114,1,143000,Aucune épargne,1,68.8,5.0,0,0,1,Bon payeur ailleurs (solde sans incident),0,0,Elevage,377000,24,Caution solidaire,0.59,0
CSWA-02133,43,Femme,Semi-urbaine,Marié(e),Primaire,2,Salarié secteur formel,5.9,141000,85000,22,0,19600,Irrégulière,2,64.2,5.0,1,11,1,Jamais emprunté ailleurs,0,0,Elevage,576000,6,Aucune,1.37,1
CSWA-02134,37,Femme,Semi-urbaine,Célibataire,Aucun,2,Agriculture,9.2,130000,80000,130,1,22600,Régulière,2,96.2,2.0,1,12,1,Incident de paiement signale ailleurs,0,0,Habitat/Réparation,167000,12,Bien matériel,0.74,1
CSWA-02135,39,Femme,Urbaine,Veuf(ve),Primaire,5,Fonctionnaire,3.5,122000,52000,22,1,34300,Régulière,3,73.0,4.0,1,9,1,Bon payeur ailleurs (solde sans incident),0,0,Education,240000,18,Aval d'un tiers,0.55,0
CSWA-02136,51,Homme,Rurale,Marié(e),Secondaire,2,Elevage,9.9,87000,57000,110,1,33000,Régulière,2,67.4,4.0,1,8,1,Bon payeur ailleurs (solde sans incident),0,0,Equipement/Matériel,410000,18,Aval d'un tiers,0.95,0
CSWA-02137,44,Femme,Rurale,Marié(e),Secondaire,4,Elevage,11.5,186000,150000,36,1,70700,Aucune épargne,1,92.7,11.0,1,6,1,Pret en cours ailleurs,1,159000,Fonds de commerce,182000,24,Aucune,0.93,0
CSWA-02138,20,Femme,Urbaine,Célibataire,Aucun,4,Commerce informel,4.3,71000,26000,161,1,81200,Aucune épargne,3,43.6,5.0,1,2,1,Pret en cours ailleurs,1,175000,Santé,156000,6,Aucune,1.0,0
CSWA-02139,44,Femme,Semi-urbaine,Célibataire,Aucun,4,Elevage,1.4,45000,21000,59,0,37500,Régulière,0,,,1,4,1,Jamais emprunté ailleurs,0,0,Equipement/Matériel,149000,18,Caution solidaire,0.67,0
CSWA-02140,37,Femme,Urbaine,Célibataire,Supérieur,1,Elevage,4.6,110000,57000,2,1,11600,Régulière,1,87.3,14.0,1,6,1,Bon payeur ailleurs (solde sans incident),0,0,Santé,490000,18,Caution solidaire,0.8,0
CSWA-02141,51,Homme,Urbaine,Marié(e),Primaire,7,Salarié secteur formel,2.7,205000,128000,19,1,47100,Régulière,1,86.7,2.0,1,9,1,Pret en cours ailleurs,1,158000,Habitat/Réparation,742000,18,Bien matériel,0.92,0
CSWA-02142,60,Femme,Urbaine,Célibataire,Primaire,4,Salarié secteur formel,9.3,106000,76000,71,0,68800,Irrégulière,0,,,1,11,1,Jamais emprunté ailleurs,0,0,Intrants agricoles,506000,12,Bien matériel,1.16,0
CSWA-02143,64,Homme,Urbaine,Célibataire,Aucun,1,Elevage,6.1,22000,15000,173,0,9100,Irrégulière,1,72.4,10.0,0,0,0,Non consulté,0,0,Intrants agricoles,72000,6,Caution solidaire,1.29,0
CSWA-02144,47,Homme,Urbaine,Marié(e),Supérieur,6,Salarié secteur formel,1.4,141000,82000,53,1,21100,Aucune épargne,2,86.2,9.0,1,6,0,Non consulté,0,0,Evénement social,297000,9,Caution solidaire,0.84,0
CSWA-02145,36,Femme,Rurale,Marié(e),Secondaire,4,Salarié secteur formel,7.0,196000,163000,90,0,17300,Régulière,2,66.7,18.0,1,10,1,Pret en cours ailleurs,1,80000,Equipement/Matériel,840000,12,Caution solidaire,1.27,0
CSWA-02146,39,Homme,Rurale,Marié(e),Aucun,2,Fonctionnaire,9.6,104000,54000,136,1,135300,Irrégulière,2,71.0,0.0,1,5,1,Bon payeur ailleurs (solde sans incident),0,0,Intrants agricoles,387000,12,Aucune,0.87,1
CSWA-02147,27,Homme,Urbaine,Marié(e),Aucun,2,Agriculture,5.6,30000,22000,42,0,13200,Irrégulière,0,,,0,0,1,Jamais emprunté ailleurs,0,0,Evénement social,75000,6,Caution solidaire,1.2,0
CSWA-02148,62,Femme,Urbaine,Célibataire,Aucun,5,Commerce informel,4.0,112000,85000,123,1,46200,Régulière,2,88.2,9.0,1,11,1,Jamais emprunté ailleurs,0,0,Santé,357000,3,Bien matériel,1.95,0
CSWA-02149,58,Femme,Semi-urbaine,Marié(e),Aucun,5,Fonctionnaire,6.7,75000,30000,75,1,72700,Irrégulière,0,,,1,9,1,Pret en cours ailleurs,1,68000,Fonds de commerce,234000,12,Bien matériel,0.77,0
CSWA-02150,59,Homme,Urbaine,Marié(e),Aucun,4,Artisanat,13.0,265000,99000,161,1,235400,Irrégulière,3,70.5,2.0,1,6,1,Incident de paiement signale ailleurs,0,0,Intrants agricoles,1187000,3,Aucune,2.05,0
CSWA-02151,34,Homme,Rurale,Marié(e),Aucun,1,Elevage,10.5,69000,58000,123,1,30100,Aucune épargne,1,48.9,4.0,1,8,1,Bon payeur ailleurs (solde sans incident),0,0,Habitat/Réparation,271000,3,Bien matériel,2.31,0
CSWA-02152,34,Femme,Rurale,Veuf(ve),Aucun,4,Agriculture,2.2,88000,47000,57,0,56900,Aucune épargne,2,99.4,9.0,1,6,1,Pret en cours ailleurs,1,219000,Equipement/Matériel,156000,6,Caution solidaire,1.09,0
CSWA-02153,59,Femme,Rurale,Célibataire,Primaire,2,Commerce informel,6.0,25000,17000,82,0,19500,Irrégulière,3,89.7,3.0,1,10,1,Bon payeur ailleurs (solde sans incident),0,0,Habitat/Réparation,30000,3,Caution solidaire,1.13,0
CSWA-02154,44,Femme,Semi-urbaine,Marié(e),Primaire,7,Commerce informel,2.7,138000,50000,154,0,69300,Irrégulière,1,58.9,5.0,1,9,1,Jamais emprunté ailleurs,0,0,Habitat/Réparation,680000,9,Aval d'un tiers,0.98,0
CSWA-02155,52,Femme,Rurale,Célibataire,Primaire,7,Commerce informel,3.9,136000,100000,67,1,114300,Aucune épargne,0,,,1,7,1,Jamais emprunté ailleurs,0,0,Elevage,593000,12,Aval d'un tiers,1.14,0
CSWA-02156,42,Homme,Semi-urbaine,Marié(e),Secondaire,5,Artisanat,11.0,101000,53000,97,0,18300,Aucune épargne,2,92.8,3.0,1,3,1,Bon payeur ailleurs (solde sans incident),0,0,Education,448000,6,Caution solidaire,1.35,0
CSWA-02157,39,Femme,Semi-urbaine,Célibataire,Aucun,3,Elevage,6.0,155000,99000,155,1,75000,Irrégulière,0,,,1,11,1,Bon payeur ailleurs (solde sans incident),0,0,Habitat/Réparation,356000,36,Aucune,0.71,0
CSWA-02158,48,Homme,Urbaine,Célibataire,Secondaire,4,Artisanat,2.9,53000,20000,28,0,17200,Régulière,3,92.9,0.0,0,0,1,Pret en cours ailleurs,1,110000,Habitat/Réparation,138000,6,Aucune,1.05,0
CSWA-02159,57,Femme,Urbaine,Marié(e),Supérieur,4,Commerce informel,4.5,72000,29000,152,1,90400,Régulière,4,64.1,3.0,1,8,1,Jamais emprunté ailleurs,0,0,Fonds de commerce,116000,24,Bien matériel,0.48,0
CSWA-02160,34,Homme,Urbaine,Divorcé(e),Supérieur,4,Commerce informel,8.2,73000,56000,150,0,73200,Aucune épargne,0,,,1,6,1,Pret en cours ailleurs,2,111000,Intrants agricoles,254000,3,Bien matériel,2.2,0
CSWA-02161,57,Femme,Rurale,Marié(e),Aucun,1,Elevage,3.8,148000,93000,98,1,37200,Régulière,4,95.5,2.0,0,0,1,Pret en cours ailleurs,2,62000,Intrants agricoles,636000,18,Caution solidaire,0.93,0
CSWA-02162,30,Homme,Rurale,Célibataire,Aucun,0,Commerce informel,6.2,150000,111000,43,0,10600,Aucune épargne,2,81.3,1.0,1,10,1,Incident de paiement signale ailleurs,0,0,Elevage,766000,12,Bien matériel,1.22,0
CSWA-02163,37,Femme,Urbaine,Marié(e),Secondaire,7,Salarié secteur formel,4.0,105000,45000,26,1,18300,Irrégulière,1,91.7,1.0,1,11,1,Pret en cours ailleurs,2,68000,Fonds de commerce,258000,24,Bien matériel,0.6,1
CSWA-02164,61,Homme,Urbaine,Célibataire,Aucun,3,Agriculture,4.2,94000,48000,137,0,190100,Aucune épargne,1,66.7,3.0,1,14,1,Jamais emprunté ailleurs,0,0,Fonds de commerce,502000,6,Aucune,1.51,1
CSWA-02165,63,Femme,Rurale,Marié(e),Aucun,5,Agriculture,11.6,109000,85000,68,1,70100,Régulière,2,98.1,5.0,1,9,1,Pret en cours ailleurs,1,40000,Habitat/Réparation,425000,9,Aval d'un tiers,1.3,0
CSWA-02166,62,Homme,Rurale,Marié(e),Aucun,4,Artisanat,5.9,67000,43000,97,1,32500,Régulière,4,67.4,1.0,1,11,1,Bon payeur ailleurs (solde sans incident),0,0,Fonds de commerce,103000,24,Bien matériel,0.71,0
CSWA-02167,33,Homme,Rurale,Marié(e),Primaire,2,Artisanat,7.4,171000,117000,17,0,43600,Aucune épargne,0,,,1,12,1,Incident de paiement signale ailleurs,0,0,Fonds de commerce,888000,6,Bien matériel,1.65,1
CSWA-02168,58,Homme,Semi-urbaine,Divorcé(e),Secondaire,3,Commerce informel,5.8,63000,29000,93,0,87700,Irrégulière,0,,,1,8,1,Pret en cours ailleurs,1,140000,Fonds de commerce,112000,3,Aval d'un tiers,1.32,0
CSWA-02169,62,Femme,Urbaine,Marié(e),Aucun,0,Restauration/Transformation,1.9,102000,64000,13,1,7000,Irrégulière,1,96.3,5.0,0,0,0,Non consulté,0,0,Habitat/Réparation,200000,36,Bien matériel,0.69,0
CSWA-02170,64,Femme,Rurale,Marié(e),Supérieur,5,Commerce informel,2.6,58000,42000,97,0,19800,Aucune épargne,0,,,1,9,1,Incident de paiement signale ailleurs,0,0,Fonds de commerce,302000,12,Bien matériel,1.21,1
CSWA-02171,19,Femme,Semi-urbaine,Marié(e),Secondaire,5,Agriculture,11.6,136000,59000,152,0,65700,Irrégulière,3,86.3,17.0,1,6,1,Bon payeur ailleurs (solde sans incident),0,0,Equipement/Matériel,595000,18,Caution solidaire,0.71,0
CSWA-02172,54,Femme,Rurale,Célibataire,Aucun,3,Agriculture,10.9,77000,38000,176,1,121400,Régulière,4,84.9,3.0,1,17,1,Jamais emprunté ailleurs,0,0,Fonds de commerce,116000,12,Aucune,0.63,0
CSWA-02173,65,Femme,Rurale,Marié(e),Primaire,2,Artisanat,5.7,252000,89000,153,1,190500,Régulière,1,95.1,18.0,0,0,1,Jamais emprunté ailleurs,0,0,Elevage,1285000,9,Bien matériel,0.99,0
CSWA-02174,54,Homme,Rurale,Marié(e),Aucun,6,Restauration/Transformation,3.2,75000,62000,106,1,93600,Irrégulière,0,,,0,0,1,Jamais emprunté ailleurs,0,0,Intrants agricoles,251000,9,Aval d'un tiers,1.24,0
CSWA-02175,29,Femme,Urbaine,Divorcé(e),Supérieur,4,Transport,1.6,135000,108000,134,1,100000,Irrégulière,2,74.2,2.0,1,7,1,Incident de paiement signale ailleurs,0,0,Equipement/Matériel,711000,9,Caution solidaire,1.46,0
CSWA-02176,54,Femme,Semi-urbaine,Marié(e),Secondaire,4,Elevage,16.6,57000,23000,8,1,4800,Irrégulière,1,69.4,4.0,1,7,1,Pret en cours ailleurs,1,105000,Intrants agricoles,263000,18,Caution solidaire,0.86,0
CSWA-02177,23,Femme,Rurale,Marié(e),Secondaire,4,Commerce informel,2.5,68000,52000,123,0,33300,Irrégulière,2,73.2,3.0,1,14,1,Bon payeur ailleurs (solde sans incident),0,0,Equipement/Matériel,335000,3,Bien matériel,2.6,0
CSWA-02178,41,Femme,Rurale,Veuf(ve),Secondaire,4,Restauration/Transformation,3.4,79000,49000,173,0,101000,Irrégulière,1,59.5,2.0,0,0,1,Jamais emprunté ailleurs,0,0,Intrants agricoles,141000,9,Aval d'un tiers,0.84,1
CSWA-02179,48,Femme,Rurale,Marié(e),Aucun,2,Elevage,3.8,98000,82000,28,1,27400,Régulière,0,,,1,13,1,Bon payeur ailleurs (solde sans incident),0,0,Evénement social,130000,3,Caution solidaire,1.33,0
CSWA-02180,40,Femme,Rurale,Marié(e),Supérieur,2,Artisanat,3.2,54000,33000,51,1,40900,Irrégulière,2,88.8,1.0,0,0,1,Pret en cours ailleurs,1,185000,Equipement/Matériel,275000,12,Aucune,1.39,0
CSWA-02181,51,Femme,Urbaine,Marié(e),Supérieur,2,Agriculture,5.4,59000,27000,179,1,50600,Aucune épargne,2,90.4,2.0,0,0,1,Jamais emprunté ailleurs,0,0,Intrants agricoles,153000,9,Aucune,0.78,0
CSWA-02182,30,Homme,Semi-urbaine,Célibataire,Secondaire,7,Agriculture,15.5,85000,66000,85,1,82400,Régulière,0,,,1,12,1,Jamais emprunté ailleurs,0,0,Fonds de commerce,217000,6,Bien matériel,1.25,0
CSWA-02183,47,Femme,Rurale,Veuf(ve),Primaire,5,Restauration/Transformation,4.9,101000,83000,131,0,121900,Irrégulière,2,91.1,6.0,1,4,0,Non consulté,0,0,Fonds de commerce,145000,12,Caution solidaire,0.96,0
CSWA-02184,49,Femme,Urbaine,Célibataire,Aucun,2,Elevage,6.5,79000,49000,149,1,134300,Irrégulière,0,,,0,0,1,Bon payeur ailleurs (solde sans incident),0,0,Intrants agricoles,219000,6,Caution solidaire,1.14,0
CSWA-02185,48,Femme,Rurale,Célibataire,Aucun,1,Salarié secteur formel,7.7,204000,113000,173,1,328900,Irrégulière,2,44.7,2.0,0,0,1,Pret en cours ailleurs,2,130000,Habitat/Réparation,839000,18,Caution solidaire,0.87,0
CSWA-02186,32,Femme,Semi-urbaine,Marié(e),Aucun,2,Restauration/Transformation,8.8,39000,29000,16,0,1200,Aucune épargne,1,76.3,4.0,1,10,1,Jamais emprunté ailleurs,0,0,Fonds de commerce,184000,9,Aucune,1.33,0
CSWA-02187,33,Homme,Urbaine,Marié(e),Primaire,5,Elevage,5.7,106000,42000,65,1,26300,Aucune épargne,0,,,1,7,1,Bon payeur ailleurs (solde sans incident),0,0,Fonds de commerce,332000,3,Aucune,1.57,0
CSWA-02188,31,Homme,Rurale,Marié(e),Secondaire,2,Commerce informel,3.0,128000,99000,42,0,58000,Aucune épargne,1,78.1,1.0,1,11,0,Non consulté,0,0,Evénement social,114000,9,Aucune,0.88,1
CSWA-02189,40,Homme,Rurale,Marié(e),Supérieur,1,Commerce informel,7.8,137000,107000,147,0,225900,Régulière,1,61.7,5.0,1,13,1,Jamais emprunté ailleurs,0,0,Elevage,534000,9,Bien matériel,1.27,0
CSWA-02190,46,Femme,Semi-urbaine,Marié(e),Aucun,3,Commerce informel,12.9,88000,44000,158,0,133000,Régulière,1,94.2,2.0,0,0,1,Pret en cours ailleurs,2,224000,Habitat/Réparation,194000,3,Bien matériel,1.55,0
CSWA-02191,36,Homme,Rurale,Célibataire,Aucun,5,Commerce informel,1.6,58000,21000,157,1,29400,Irrégulière,1,92.1,0.0,1,12,1,Incident de paiement signale ailleurs,0,0,Intrants agricoles,117000,9,Aval d'un tiers,0.61,0
CSWA-02192,38,Femme,Semi-urbaine,Marié(e),Aucun,3,Commerce informel,3.6,68000,24000,22,0,2900,Irrégulière,1,75.3,1.0,1,5,1,Bon payeur ailleurs (solde sans incident),0,0,Habitat/Réparation,111000,9,Caution solidaire,0.56,0
CSWA-02193,32,Femme,Urbaine,Marié(e),Supérieur,3,Restauration/Transformation,6.7,88000,74000,121,1,118500,Régulière,6,97.3,12.0,1,14,1,Jamais emprunté ailleurs,0,0,Evénement social,133000,12,Bien matériel,0.98,0
CSWA-02194,29,Femme,Semi-urbaine,Marié(e),Secondaire,5,Agriculture,7.9,80000,59000,94,1,72800,Irrégulière,1,72.1,4.0,0,0,1,Pret en cours ailleurs,2,282000,Habitat/Réparation,320000,18,Caution solidaire,1.3,0
CSWA-02195,49,Homme,Semi-urbaine,Marié(e),Primaire,4,Commerce informel,4.2,51000,27000,131,1,56900,Irrégulière,1,85.1,3.0,1,9,1,Bon payeur ailleurs (solde sans incident),0,0,Fonds de commerce,248000,12,Aval d'un tiers,0.98,0
CSWA-02196,57,Femme,Rurale,Marié(e),Primaire,3,Agriculture,8.8,32000,25000,34,0,1000,Irrégulière,2,92.3,9.0,1,5,1,Bon payeur ailleurs (solde sans incident),0,0,Habitat/Réparation,128000,9,Aval d'un tiers,1.28,0
CSWA-02197,32,Homme,Rurale,Marié(e),Primaire,3,Transport,10.4,60000,48000,24,1,13600,Aucune épargne,0,,,1,11,1,Jamais emprunté ailleurs,0,0,Fonds de commerce,311000,18,Bien matériel,1.12,0
CSWA-02198,59,Femme,Urbaine,Marié(e),Aucun,6,Agriculture,6.7,69000,55000,64,1,51900,Aucune épargne,2,68.5,3.0,1,11,1,Bon payeur ailleurs (solde sans incident),0,0,Santé,350000,3,Aucune,2.69,0
CSWA-02199,45,Homme,Rurale,Marié(e),Aucun,4,Fonctionnaire,8.6,99000,59000,64,1,45300,Régulière,3,84.4,4.0,1,9,1,Pret en cours ailleurs,1,86000,Equipement/Matériel,96000,18,Caution solidaire,0.73,0
CSWA-02200,26,Homme,Urbaine,Célibataire,Aucun,2,Salarié secteur formel,4.9,160000,122000,143,0,24700,Régulière,2,72.4,5.0,1,10,1,Jamais emprunté ailleurs,0,0,Fonds de commerce,332000,18,Aval d'un tiers,0.89,0
CSWA-02201,36,Homme,Urbaine,Célibataire,Aucun,1,Salarié secteur formel,2.4,70000,26000,35,0,11200,Régulière,0,,,1,8,0,Non consulté,0,0,Elevage,191000,18,Aucune,0.54,0
CSWA-02202,19,Femme,Semi-urbaine,Célibataire,Primaire,4,Restauration/Transformation,2.9,86000,37000,173,0,43000,Aucune épargne,1,71.8,4.0,1,9,1,Jamais emprunté ailleurs,0,0,Intrants agricoles,294000,24,Bien matériel,0.59,0
CSWA-02203,20,Homme,Urbaine,Célibataire,Primaire,1,Transport,14.3,191000,127000,4,0,16200,Régulière,1,46.7,2.0,1,7,1,Pret en cours ailleurs,1,267000,Habitat/Réparation,845000,6,Aucune,1.62,0
CSWA-02204,34,Femme,Rurale,Veuf(ve),Secondaire,3,Agriculture,10.4,74000,30000,104,0,16300,Irrégulière,2,79.8,18.0,1,14,1,Bon payeur ailleurs (solde sans incident),0,0,Intrants agricoles,128000,3,Bien matériel,1.05,0
CSWA-02205,40,Femme,Urbaine,Marié(e),Primaire,2,Restauration/Transformation,2.8,34000,13000,96,1,3000,Régulière,1,78.7,18.0,1,7,1,Jamais emprunté ailleurs,0,0,Elevage,81000,18,Caution solidaire,0.53,0
CSWA-02206,56,Femme,Urbaine,Célibataire,Primaire,3,Commerce informel,2.6,55000,22000,66,0,44800,Irrégulière,1,70.9,2.0,1,7,1,Jamais emprunté ailleurs,0,0,Fonds de commerce,273000,18,Caution solidaire,0.71,0
CSWA-02207,25,Homme,Rurale,Marié(e),Supérieur,5,Commerce informel,7.9,218000,126000,21,1,63400,Régulière,4,85.7,11.0,0,0,1,Jamais emprunté ailleurs,0,0,Fonds de commerce,1063000,6,Caution solidaire,1.49,1
CSWA-02208,58,Homme,Urbaine,Marié(e),Primaire,6,Fonctionnaire,21.0,190000,113000,15,0,36200,Régulière,3,94.1,20.0,0,0,1,Jamais emprunté ailleurs,0,0,Education,1003000,9,Caution solidaire,1.25,0
CSWA-02209,30,Femme,Rurale,Marié(e),Secondaire,3,Artisanat,5.8,136000,111000,50,1,60500,Irrégulière,0,,,1,10,1,Jamais emprunté ailleurs,0,0,Habitat/Réparation,569000,12,Caution solidaire,1.21,0
CSWA-02210,25,Homme,Semi-urbaine,Marié(e),Aucun,1,Commerce informel,3.3,119000,67000,73,0,48300,Irrégulière,1,85.8,6.0,1,14,0,Non consulté,0,0,Fonds de commerce,617000,3,Caution solidaire,2.5,0
CSWA-02211,51,Femme,Rurale,Célibataire,Secondaire,2,Commerce informel,9.1,120000,73000,35,0,6300,Irrégulière,3,45.6,12.0,1,12,1,Pret en cours ailleurs,1,108000,Intrants agricoles,108000,24,Caution solidaire,0.73,0
CSWA-02212,55,Homme,Semi-urbaine,Marié(e),Primaire,2,Elevage,11.3,71000,54000,147,1,63200,Aucune épargne,1,85.8,7.0,0,0,1,Incident de paiement signale ailleurs,0,0,Fonds de commerce,78000,18,Caution solidaire,0.83,0
CSWA-02213,47,Femme,Rurale,Célibataire,Aucun,2,Salarié secteur formel,7.9,159000,120000,176,0,84700,Régulière,1,91.0,14.0,1,11,1,Jamais emprunté ailleurs,0,0,Evénement social,564000,18,Aval d'un tiers,0.98,0
CSWA-02214,24,Homme,Rurale,Veuf(ve),Aucun,3,Salarié secteur formel,7.2,118000,61000,137,1,197000,Aucune épargne,0,,,0,0,1,Jamais emprunté ailleurs,0,0,Santé,104000,9,Aucune,0.63,0
CSWA-02215,24,Femme,Urbaine,Marié(e),Secondaire,3,Commerce informel,2.7,129000,92000,149,1,241400,Aucune épargne,2,80.4,0.0,1,10,1,Bon payeur ailleurs (solde sans incident),0,0,Equipement/Matériel,118000,6,Caution solidaire,0.88,0
CSWA-02216,37,Homme,Urbaine,Marié(e),Secondaire,4,Commerce informel,9.2,58000,46000,65,0,27200,Régulière,2,83.3,1.0,1,9,1,Jamais emprunté ailleurs,0,0,Fonds de commerce,166000,18,Caution solidaire,0.97,1
CSWA-02217,40,Femme,Semi-urbaine,Marié(e),Secondaire,3,Commerce informel,8.0,68000,52000,156,0,51400,Régulière,1,75.0,4.0,1,5,1,Bon payeur ailleurs (solde sans incident),0,0,Habitat/Réparation,134000,6,Aval d'un tiers,1.13,0
CSWA-02218,65,Homme,Rurale,Marié(e),Primaire,3,Restauration/Transformation,4.4,57000,29000,31,1,18700,Régulière,0,,,1,19,0,Non consulté,0,0,Fonds de commerce,265000,9,Aval d'un tiers,1.09,0
CSWA-02219,32,Femme,Rurale,Divorcé(e),Secondaire,5,Elevage,2.2,140000,101000,109,1,145500,Irrégulière,3,94.0,2.0,1,7,0,Non consulté,0,0,Elevage,686000,6,Bien matériel,1.64,0
CSWA-02220,28,Femme,Semi-urbaine,Célibataire,Primaire,2,Restauration/Transformation,4.2,95000,68000,98,1,82400,Régulière,1,63.3,2.0,0,0,1,Incident de paiement signale ailleurs,0,0,Equipement/Matériel,511000,9,Caution solidaire,1.39,0
CSWA-02221,63,Homme,Urbaine,Célibataire,Aucun,0,Artisanat,5.5,100000,47000,87,1,121000,Régulière,1,91.4,5.0,1,12,1,Jamais emprunté ailleurs,0,0,Equipement/Matériel,519000,12,Aucune,0.95,0
CSWA-02222,26,Homme,Semi-urbaine,Marié(e),Primaire,1,Commerce informel,8.3,111000,76000,150,0,73900,Irrégulière,2,76.0,6.0,0,0,0,Non consulté,0,0,Intrants agricoles,306000,3,Aucune,1.71,1
CSWA-02223,20,Homme,Urbaine,Célibataire,Primaire,1,Commerce informel,9.1,37000,15000,61,0,11700,Irrégulière,2,75.4,7.0,0,0,1,Bon payeur ailleurs (solde sans incident),0,0,Habitat/Réparation,44000,6,Bien matériel,0.63,0
CSWA-02224,38,Homme,Semi-urbaine,Célibataire,Secondaire,7,Agriculture,5.2,131000,64000,102,1,15100,Irrégulière,1,61.2,1.0,1,14,1,Pret en cours ailleurs,2,172000,Elevage,318000,3,Caution solidaire,1.51,0
CSWA-02225,37,Homme,Urbaine,Marié(e),Primaire,6,Restauration/Transformation,4.9,60000,22000,84,1,17900,Irrégulière,2,82.6,8.0,1,12,1,Jamais emprunté ailleurs,0,0,Fonds de commerce,163000,9,Caution solidaire,0.7,0
CSWA-02226,48,Femme,Urbaine,Marié(e),Primaire,5,Artisanat,10.1,63000,26000,98,0,44600,Irrégulière,2,82.4,1.0,1,8,1,Jamais emprunté ailleurs,0,0,Elevage,149000,3,Aucune,1.3,1
CSWA-02227,60,Femme,Rurale,Marié(e),Supérieur,6,Fonctionnaire,6.8,68000,27000,62,0,52100,Irrégulière,2,98.8,5.0,1,10,1,Bon payeur ailleurs (solde sans incident),0,0,Intrants agricoles,361000,6,Aval d'un tiers,1.39,0
CSWA-02228,62,Homme,Urbaine,Marié(e),Secondaire,11,Commerce informel,7.9,84000,69000,128,0,33400,Aucune épargne,1,93.7,1.0,1,7,0,Non consulté,0,0,Intrants agricoles,185000,6,Caution solidaire,1.23,0
CSWA-02229,32,Femme,Semi-urbaine,Veuf(ve),Aucun,3,Fonctionnaire,4.5,104000,45000,107,0,89100,Irrégulière,3,93.0,15.0,1,3,0,Non consulté,0,0,Intrants agricoles,485000,6,Aval d'un tiers,1.3,0
CSWA-02230,65,Homme,Rurale,Marié(e),Supérieur,3,Commerce informel,9.9,38000,15000,24,0,4400,Irrégulière,2,74.8,1.0,0,0,1,Incident de paiement signale ailleurs,0,0,Intrants agricoles,209000,9,Caution solidaire,1.08,0
CSWA-02231,48,Femme,Urbaine,Marié(e),Aucun,6,Agriculture,3.8,30000,22000,80,1,28400,Irrégulière,3,68.7,1.0,0,0,1,Pret en cours ailleurs,1,265000,Fonds de commerce,160000,24,Caution solidaire,1.78,0
CSWA-02232,22,Homme,Urbaine,Veuf(ve),Secondaire,4,Commerce informel,15.5,72000,49000,112,0,78200,Régulière,2,81.2,6.0,1,7,1,Pret en cours ailleurs,1,138000,Intrants agricoles,132000,12,Aucune,1.02,1
CSWA-02233,63,Femme,Semi-urbaine,Marié(e),Aucun,4,Commerce informel,2.5,126000,84000,18,0,2600,Irrégulière,1,84.6,14.0,1,9,0,Non consulté,0,0,Fonds de commerce,583000,36,Aval d'un tiers,0.81,0
CSWA-02234,25,Femme,Rurale,Marié(e),Primaire,7,Commerce informel,5.8,120000,96000,15,0,4900,Aucune épargne,1,81.9,2.0,1,6,1,Pret en cours ailleurs,2,145000,Santé,582000,12,Aval d'un tiers,1.36,0
CSWA-02235,46,Homme,Semi-urbaine,Veuf(ve),Supérieur,4,Commerce informel,2.4,140000,96000,98,0,158300,Aucune épargne,3,88.1,4.0,1,8,0,Non consulté,0,0,Fonds de commerce,185000,12,Aucune,0.81,0
CSWA-02236,56,Homme,Urbaine,Veuf(ve),Aucun,2,Artisanat,7.6,72000,49000,29,0,21500,Régulière,0,,,0,0,1,Bon payeur ailleurs (solde sans incident),0,0,Elevage,253000,36,Bien matériel,0.79,0
CSWA-02237,30,Homme,Semi-urbaine,Célibataire,Secondaire,2,Transport,10.7,67000,39000,103,0,14100,Régulière,2,69.7,0.0,1,9,1,Incident de paiement signale ailleurs,0,0,Elevage,247000,6,Caution solidaire,1.27,0
CSWA-02238,31,Femme,Rurale,Marié(e),Primaire,5,Restauration/Transformation,7.9,76000,48000,10,1,3600,Régulière,3,99.2,12.0,1,11,1,Jamais emprunté ailleurs,0,0,Education,380000,18,Bien matériel,0.94,0
CSWA-02239,41,Femme,Rurale,Divorcé(e),Aucun,4,Salarié secteur formel,4.3,111000,81000,154,0,73900,Irrégulière,1,91.3,3.0,1,11,0,Non consulté,0,0,Elevage,194000,12,Aucune,0.89,0
CSWA-02240,60,Femme,Urbaine,Célibataire,Supérieur,1,Restauration/Transformation,2.4,196000,104000,111,0,157700,Irrégulière,3,88.2,3.0,1,8,1,Jamais emprunté ailleurs,0,0,Evénement social,804000,3,Bien matériel,2.06,1
CSWA-02241,29,Femme,Urbaine,Célibataire,Primaire,4,Autre service,4.3,63000,23000,115,0,5200,Aucune épargne,0,,,1,7,0,Non consulté,0,0,Elevage,73000,3,Caution solidaire,0.8,0
CSWA-02242,50,Femme,Semi-urbaine,Marié(e),Secondaire,4,Commerce informel,8.1,70000,39000,174,1,98800,Régulière,1,75.5,1.0,1,7,1,Pret en cours ailleurs,3,172000,Evénement social,249000,6,Aucune,1.44,1
CSWA-02243,40,Femme,Semi-urbaine,Marié(e),Secondaire,2,Autre service,2.9,82000,44000,113,1,25700,Irrégulière,0,,,0,0,1,Bon payeur ailleurs (solde sans incident),0,0,Fonds de commerce,211000,9,Caution solidaire,0.86,0
CSWA-02244,24,Femme,Urbaine,Célibataire,Aucun,3,Agriculture,1.8,70000,31000,27,1,21000,Irrégulière,1,90.1,1.0,1,9,1,Jamais emprunté ailleurs,0,0,Habitat/Réparation,295000,6,Aval d'un tiers,1.23,0
CSWA-02245,52,Femme,Semi-urbaine,Veuf(ve),Aucun,1,Elevage,4.9,59000,42000,162,0,80000,Irrégulière,0,,,0,0,1,Jamais emprunté ailleurs,0,0,Equipement/Matériel,253000,9,Aucune,1.25,0
CSWA-02246,58,Homme,Urbaine,Marié(e),Primaire,6,Artisanat,2.4,75000,56000,85,0,75700,Aucune épargne,1,87.9,8.0,0,0,1,Jamais emprunté ailleurs,0,0,Intrants agricoles,350000,12,Aval d'un tiers,1.18,0
CSWA-02247,46,Femme,Urbaine,Marié(e),Primaire,3,Commerce informel,6.6,52000,22000,121,0,60200,Aucune épargne,3,54.2,4.0,1,9,1,Jamais emprunté ailleurs,0,0,Habitat/Réparation,97000,12,Bien matériel,0.6,0
CSWA-02248,27,Homme,Urbaine,Célibataire,Aucun,2,Commerce informel,5.2,120000,71000,161,1,264100,Régulière,3,94.2,1.0,1,9,1,Jamais emprunté ailleurs,0,0,Fonds de commerce,404000,6,Caution solidaire,1.22,0
CSWA-02249,26,Homme,Rurale,Marié(e),Primaire,2,Agriculture,4.8,182000,93000,86,0,224400,Aucune épargne,0,,,1,9,0,Non consulté,0,0,Elevage,365000,36,Caution solidaire,0.57,0
CSWA-02250,38,Femme,Urbaine,Marié(e),Secondaire,3,Transport,16.5,69000,44000,154,0,100600,Aucune épargne,0,,,1,9,0,Non consulté,0,0,Evénement social,67000,9,Bien matériel,0.76,1
CSWA-02251,42,Homme,Rurale,Marié(e),Aucun,4,Salarié secteur formel,7.2,192000,76000,172,0,314900,Irrégulière,2,64.2,3.0,1,4,1,Jamais emprunté ailleurs,0,0,Fonds de commerce,509000,9,Bien matériel,0.73,1
CSWA-02252,44,Homme,Urbaine,Marié(e),Secondaire,7,Commerce informel,0.8,76000,62000,77,0,32500,Régulière,2,73.2,9.0,1,7,1,Bon payeur ailleurs (solde sans incident),0,0,Elevage,377000,6,Caution solidaire,1.74,0
CSWA-02253,30,Homme,Rurale,Célibataire,Primaire,4,Commerce informel,15.3,55000,21000,5,0,6900,Régulière,0,,,0,0,1,Incident de paiement signale ailleurs,0,0,Elevage,234000,9,Caution solidaire,0.91,1
CSWA-02254,42,Femme,Semi-urbaine,Marié(e),Aucun,1,Artisanat,5.8,118000,90000,135,0,195700,Régulière,3,52.3,4.0,1,5,1,Bon payeur ailleurs (solde sans incident),0,0,Intrants agricoles,362000,6,Aval d'un tiers,1.34,0
CSWA-02255,32,Femme,Rurale,Marié(e),Aucun,2,Agriculture,4.5,49000,22000,145,1,28300,Aucune épargne,0,,,0,0,1,Bon payeur ailleurs (solde sans incident),0,0,Habitat/Réparation,257000,9,Caution solidaire,1.1,0
CSWA-02256,51,Homme,Urbaine,Veuf(ve),Aucun,3,Commerce informel,6.4,114000,84000,8,0,4300,Régulière,0,,,1,11,1,Bon payeur ailleurs (solde sans incident),0,0,Intrants agricoles,620000,3,Aval d'un tiers,2.77,0
CSWA-02257,56,Homme,Semi-urbaine,Célibataire,Primaire,2,Agriculture,2.6,93000,46000,172,1,179400,Aucune épargne,2,60.9,9.0,1,6,0,Non consulté,0,0,Intrants agricoles,124000,12,Bien matériel,0.62,0
CSWA-02258,49,Femme,Urbaine,Marié(e),Aucun,3,Restauration/Transformation,5.1,65000,48000,137,0,48800,Irrégulière,1,89.9,4.0,1,14,1,Jamais emprunté ailleurs,0,0,Santé,310000,9,Aval d'un tiers,1.33,0
CSWA-02259,19,Femme,Semi-urbaine,Marié(e),Secondaire,1,Commerce informel,9.8,61000,49000,35,0,26500,Régulière,1,92.5,24.0,0,0,1,Pret en cours ailleurs,1,168000,Fonds de commerce,179000,12,Bien matériel,1.32,0
CSWA-02260,65,Homme,Rurale,Célibataire,Secondaire,6,Commerce informel,4.6,50000,41000,131,0,90200,Régulière,2,80.9,4.0,1,8,1,Jamais emprunté ailleurs,0,0,Santé,264000,9,Bien matériel,1.48,1
CSWA-02261,20,Femme,Urbaine,Marié(e),Aucun,3,Commerce informel,4.0,143000,112000,124,0,35900,Irrégulière,2,91.6,2.0,0,0,1,Bon payeur ailleurs (solde sans incident),0,0,Equipement/Matériel,547000,18,Aval d'un tiers,1.02,0
CSWA-02262,65,Femme,Urbaine,Marié(e),Secondaire,4,Elevage,3.5,72000,41000,105,0,60300,Régulière,1,68.0,3.0,0,0,1,Bon payeur ailleurs (solde sans incident),0,0,Fonds de commerce,91000,6,Aucune,0.81,0
CSWA-02263,20,Homme,Semi-urbaine,Marié(e),Supérieur,1,Commerce informel,8.9,96000,54000,103,0,132100,Irrégulière,2,83.6,4.0,1,8,1,Bon payeur ailleurs (solde sans incident),0,0,Intrants agricoles,321000,12,Caution solidaire,0.88,0
CSWA-02264,43,Femme,Semi-urbaine,Marié(e),Aucun,6,Artisanat,6.7,80000,66000,21,1,14200,Régulière,0,,,1,6,1,Jamais emprunté ailleurs,0,0,Fonds de commerce,285000,3,Caution solidaire,2.15,0
CSWA-02265,23,Femme,Rurale,Célibataire,Supérieur,5,Salarié secteur formel,15.3,26000,21000,169,1,10800,Irrégulière,1,60.4,5.0,1,12,0,Non consulté,0,0,Fonds de commerce,114000,24,Caution solidaire,1.01,0
CSWA-02266,23,Femme,Semi-urbaine,Marié(e),Aucun,6,Commerce informel,14.0,97000,57000,54,0,62500,Aucune épargne,3,86.5,12.0,0,0,1,Bon payeur ailleurs (solde sans incident),0,0,Santé,462000,12,Bien matériel,1.03,0
CSWA-02267,51,Femme,Semi-urbaine,Marié(e),Secondaire,5,Commerce informel,4.8,107000,59000,52,0,18600,Régulière,0,,,1,7,1,Bon payeur ailleurs (solde sans incident),0,0,Intrants agricoles,487000,6,Bien matériel,1.4,0
CSWA-02268,53,Femme,Urbaine,Marié(e),Aucun,2,Commerce informel,7.8,87000,35000,31,1,20500,Régulière,2,97.6,0.0,1,8,1,Jamais emprunté ailleurs,0,0,Equipement/Matériel,100000,9,Bien matériel,0.54,0
CSWA-02269,24,Femme,Rurale,Marié(e),Secondaire,2,Autre service,4.4,73000,39000,37,1,39200,Aucune épargne,2,70.6,1.0,0,0,1,Jamais emprunté ailleurs,0,0,Habitat/Réparation,333000,3,Caution solidaire,2.24,0
CSWA-02270,64,Femme,Urbaine,Marié(e),Secondaire,2,Elevage,4.0,44000,26000,11,1,6500,Irrégulière,0,,,1,10,0,Non consulté,0,0,Habitat/Réparation,145000,24,Aucune,0.75,0
CSWA-02271,34,Femme,Rurale,Veuf(ve),Supérieur,1,Transport,3.8,58000,44000,150,0,80700,Régulière,2,91.4,18.0,1,7,1,Jamais emprunté ailleurs,0,0,Fonds de commerce,132000,12,Caution solidaire,0.97,0
CSWA-02272,33,Femme,Urbaine,Marié(e),Supérieur,4,Salarié secteur formel,3.5,89000,46000,162,0,38000,Régulière,1,60.8,1.0,1,12,0,Non consulté,0,0,Education,303000,12,Aucune,0.83,0
CSWA-02273,32,Femme,Semi-urbaine,Marié(e),Aucun,3,Autre service,9.8,82000,41000,10,1,4900,Régulière,0,,,1,6,1,Jamais emprunté ailleurs,0,0,Intrants agricoles,179000,12,Aucune,0.7,0
CSWA-02274,40,Femme,Rurale,Marié(e),Secondaire,1,Salarié secteur formel,3.9,112000,41000,33,1,14100,Régulière,2,72.3,2.0,1,8,1,Jamais emprunté ailleurs,0,0,Intrants agricoles,587000,18,Caution solidaire,0.69,0
CSWA-02275,27,Homme,Urbaine,Célibataire,Aucun,3,Commerce informel,4.4,114000,42000,80,1,93500,Irrégulière,2,92.6,3.0,0,0,1,Bon payeur ailleurs (solde sans incident),0,0,Education,464000,3,Bien matériel,1.89,0
CSWA-02276,38,Homme,Urbaine,Marié(e),Aucun,2,Artisanat,6.7,96000,72000,38,1,41900,Régulière,2,68.3,7.0,0,0,1,Jamais emprunté ailleurs,0,0,Evénement social,261000,18,Aval d'un tiers,0.92,0
CSWA-02277,28,Homme,Rurale,Veuf(ve),Aucun,3,Autre service,6.3,59000,25000,36,1,20200,Régulière,1,93.2,3.0,0,0,1,Jamais emprunté ailleurs,0,0,Intrants agricoles,121000,12,Caution solidaire,0.62,0
CSWA-02278,21,Femme,Rurale,Célibataire,Supérieur,5,Artisanat,6.0,49000,41000,127,0,57600,Régulière,3,77.7,10.0,0,0,1,Jamais emprunté ailleurs,0,0,Intrants agricoles,172000,3,Aucune,2.15,1
CSWA-02279,36,Homme,Semi-urbaine,Marié(e),Secondaire,3,Transport,10.8,55000,21000,159,0,43100,Irrégulière,3,70.9,2.0,1,13,1,Bon payeur ailleurs (solde sans incident),0,0,Fonds de commerce,129000,6,Caution solidaire,0.82,0
CSWA-02280,50,Femme,Urbaine,Célibataire,Aucun,4,Fonctionnaire,3.9,130000,98000,58,1,52600,Régulière,1,89.3,1.0,1,9,1,Bon payeur ailleurs (solde sans incident),0,0,Habitat/Réparation,239000,6,Caution solidaire,1.1,0
CSWA-02281,54,Homme,Rurale,Marié(e),Supérieur,5,Artisanat,3.5,67000,27000,94,1,92800,Irrégulière,2,82.5,1.0,1,10,1,Jamais emprunté ailleurs,0,0,Fonds de commerce,105000,6,Aval d'un tiers,0.7,0
CSWA-02282,35,Homme,Rurale,Divorcé(e),Secondaire,3,Restauration/Transformation,0.6,73000,49000,73,0,72800,Régulière,1,96.5,2.0,1,4,1,Bon payeur ailleurs (solde sans incident),0,0,Education,81000,36,Aucune,0.71,0
CSWA-02283,34,Femme,Rurale,Divorcé(e),Primaire,4,Artisanat,7.9,134000,98000,68,1,98300,Aucune épargne,0,,,0,0,1,Jamais emprunté ailleurs,0,0,Equipement/Matériel,500000,3,Caution solidaire,2.12,0
CSWA-02284,56,Homme,Rurale,Marié(e),Primaire,4,Agriculture,7.7,105000,49000,11,1,15100,Aucune épargne,1,97.3,1.0,1,12,1,Bon payeur ailleurs (solde sans incident),0,0,Elevage,96000,3,Caution solidaire,0.81,0
CSWA-02285,51,Femme,Urbaine,Célibataire,Secondaire,5,Commerce informel,10.2,160000,101000,128,1,219500,Irrégulière,3,87.2,3.0,1,8,0,Non consulté,0,0,Santé,754000,18,Caution solidaire,0.92,0
CSWA-02286,58,Homme,Urbaine,Marié(e),Secondaire,2,Artisanat,4.8,86000,64000,167,0,139400,Aucune épargne,1,95.2,1.0,1,11,1,Pret en cours ailleurs,2,110000,Intrants agricoles,98000,6,Bien matériel,1.07,0
CSWA-02287,61,Femme,Rurale,Marié(e),Primaire,2,Autre service,5.3,49000,21000,137,1,76800,Aucune épargne,2,81.2,16.0,1,9,1,Jamais emprunté ailleurs,0,0,Fonds de commerce,215000,12,Bien matériel,0.84,0
CSWA-02288,57,Homme,Semi-urbaine,Célibataire,Primaire,0,Fonctionnaire,9.6,115000,70000,180,0,81900,Irrégulière,1,71.7,9.0,1,7,0,Non consulté,0,0,Santé,462000,3,Bien matériel,2.11,0
CSWA-02289,63,Femme,Urbaine,Veuf(ve),Aucun,2,Commerce informel,4.3,68000,42000,148,0,145700,Aucune épargne,2,85.5,21.0,1,8,1,Jamais emprunté ailleurs,0,0,Fonds de commerce,248000,12,Caution solidaire,0.96,1
CSWA-02290,38,Femme,Urbaine,Marié(e),Primaire,2,Salarié secteur formel,5.7,174000,128000,67,1,78100,Aucune épargne,0,,,1,13,1,Jamais emprunté ailleurs,0,0,Evénement social,311000,12,Aval d'un tiers,0.9,0
CSWA-02291,37,Homme,Rurale,Célibataire,Primaire,1,Commerce informel,10.7,91000,48000,148,0,13200,Irrégulière,1,95.7,8.0,1,9,1,Pret en cours ailleurs,2,140000,Intrants agricoles,119000,6,Caution solidaire,0.91,0
CSWA-02292,34,Homme,Semi-urbaine,Célibataire,Aucun,0,Artisanat,7.6,34000,23000,39,0,4100,Régulière,2,90.1,0.0,0,0,1,Bon payeur ailleurs (solde sans incident),0,0,Equipement/Matériel,30000,12,Bien matériel,0.76,0
CSWA-02293,30,Homme,Rurale,Marié(e),Aucun,4,Fonctionnaire,4.7,91000,75000,72,0,65800,Irrégulière,1,95.3,9.0,0,0,0,Non consulté,0,0,Habitat/Réparation,498000,24,Caution solidaire,1.08,0
CSWA-02294,54,Femme,Urbaine,Célibataire,Secondaire,2,Autre service,9.5,62000,44000,128,1,80000,Irrégulière,0,,,1,6,1,Jamais emprunté ailleurs,0,0,Equipement/Matériel,331000,6,Bien matériel,1.71,0
CSWA-02295,52,Femme,Rurale,Célibataire,Primaire,4,Artisanat,5.4,108000,39000,52,1,46500,Irrégulière,1,72.8,8.0,1,7,1,Incident de paiement signale ailleurs,0,0,Intrants agricoles,269000,12,Caution solidaire,0.59,0
CSWA-02296,56,Homme,Rurale,Célibataire,Primaire,4,Artisanat,9.6,137000,58000,137,0,144500,Irrégulière,1,81.6,1.0,0,0,1,Pret en cours ailleurs,2,123000,Fonds de commerce,239000,9,Bien matériel,0.72,0
CSWA-02297,26,Femme,Rurale,Divorcé(e),Aucun,3,Agriculture,6.7,68000,37000,34,1,22300,Régulière,1,81.0,0.0,1,5,1,Jamais emprunté ailleurs,0,0,Education,162000,18,Caution solidaire,0.69,0
CSWA-02298,42,Femme,Urbaine,Marié(e),Supérieur,8,Restauration/Transformation,4.2,65000,36000,28,0,19900,Régulière,1,74.5,10.0,1,14,1,Jamais emprunté ailleurs,0,0,Intrants agricoles,328000,9,Caution solidaire,1.18,0
CSWA-02299,29,Femme,Urbaine,Marié(e),Aucun,5,Commerce informel,2.8,123000,63000,136,0,55100,Régulière,2,93.2,3.0,0,0,1,Bon payeur ailleurs (solde sans incident),0,0,Habitat/Réparation,517000,9,Aucune,1.03,0
CSWA-02300,60,Femme,Urbaine,Marié(e),Primaire,4,Commerce informel,8.7,53000,30000,88,0,15600,Irrégulière,2,67.6,0.0,1,7,1,Jamais emprunté ailleurs,0,0,Elevage,253000,9,Bien matériel,1.16,1
CSWA-02301,31,Femme,Rurale,Marié(e),Aucun,3,Salarié secteur formel,9.2,124000,102000,169,0,18100,Régulière,2,55.1,1.0,1,8,1,Pret en cours ailleurs,1,234000,Fonds de commerce,169000,18,Caution solidaire,1.08,0
CSWA-02302,25,Femme,Rurale,Marié(e),Secondaire,5,Commerce informel,11.5,109000,82000,36,0,36100,Régulière,1,83.3,3.0,1,7,1,Bon payeur ailleurs (solde sans incident),0,0,Fonds de commerce,363000,18,Aucune,0.96,0
CSWA-02303,45,Femme,Urbaine,Veuf(ve),Primaire,4,Restauration/Transformation,8.0,52000,22000,129,0,39000,Aucune épargne,4,76.1,2.0,1,9,1,Incident de paiement signale ailleurs,0,0,Equipement/Matériel,81000,3,Aval d'un tiers,1.0,0
CSWA-02304,60,Homme,Rurale,Marié(e),Primaire,4,Agriculture,5.1,69000,39000,43,0,41700,Irrégulière,0,,,1,5,1,Jamais emprunté ailleurs,0,0,Elevage,336000,3,Bien matériel,2.38,0
CSWA-02305,62,Homme,Semi-urbaine,Célibataire,Secondaire,3,Commerce informel,6.6,85000,59000,86,1,38400,Régulière,1,90.1,6.0,1,7,1,Jamais emprunté ailleurs,0,0,Santé,254000,18,Caution solidaire,0.88,0
CSWA-02306,23,Homme,Urbaine,Marié(e),Secondaire,5,Commerce informel,5.9,168000,73000,89,1,128900,Régulière,1,94.8,9.0,1,4,1,Bon payeur ailleurs (solde sans incident),0,0,Elevage,173000,6,Aval d'un tiers,0.63,0
CSWA-02307,34,Femme,Rurale,Marié(e),Primaire,5,Commerce informel,5.0,42000,16000,153,1,34700,Régulière,5,88.1,5.0,1,10,1,Pret en cours ailleurs,1,281000,Fonds de commerce,61000,6,Caution solidaire,1.25,0
CSWA-02308,26,Homme,Rurale,Célibataire,Primaire,6,Commerce informel,2.5,74000,61000,72,1,29600,Régulière,1,85.1,5.0,0,0,1,Pret en cours ailleurs,3,109000,Equipement/Matériel,226000,12,Aucune,1.24,0
CSWA-02309,33,Femme,Urbaine,Célibataire,Supérieur,4,Artisanat,2.8,170000,126000,66,0,63500,Régulière,0,,,1,9,1,Bon payeur ailleurs (solde sans incident),0,0,Fonds de commerce,384000,9,Bien matériel,1.02,0
CSWA-02310,44,Femme,Semi-urbaine,Marié(e),Supérieur,6,Artisanat,8.8,138000,109000,86,0,110200,Régulière,1,67.3,1.0,0,0,1,Jamais emprunté ailleurs,0,0,Fonds de commerce,567000,12,Aval d'un tiers,1.17,0
CSWA-02311,32,Femme,Semi-urbaine,Veuf(ve),Secondaire,2,Agriculture,3.4,69000,51000,177,1,69700,Aucune épargne,2,91.8,10.0,1,7,1,Jamais emprunté ailleurs,0,0,Equipement/Matériel,370000,12,Aucune,1.24,0
CSWA-02312,22,Femme,Urbaine,Marié(e),Secondaire,3,Salarié secteur formel,4.8,93000,64000,70,0,16300,Régulière,0,,,1,11,0,Non consulté,0,0,Intrants agricoles,409000,12,Caution solidaire,1.1,0
CSWA-02313,42,Homme,Urbaine,Marié(e),Secondaire,4,Restauration/Transformation,1.9,104000,76000,99,0,28400,Aucune épargne,3,85.1,4.0,1,4,1,Bon payeur ailleurs (solde sans incident),0,0,Education,375000,3,Caution solidaire,2.08,0
CSWA-02314,21,Femme,Urbaine,Marié(e),Supérieur,1,Restauration/Transformation,2.0,105000,64000,14,0,11900,Aucune épargne,1,85.1,10.0,1,3,0,Non consulté,0,0,Fonds de commerce,376000,3,Caution solidaire,1.95,0
CSWA-02315,29,Homme,Urbaine,Célibataire,Aucun,6,Artisanat,3.5,172000,82000,109,0,125600,Irrégulière,1,92.6,6.0,1,9,0,Non consulté,0,0,Fonds de commerce,652000,12,Caution solidaire,0.83,0
CSWA-02316,19,Femme,Rurale,Marié(e),Supérieur,5,Restauration/Transformation,8.7,151000,60000,14,0,27800,Régulière,2,88.5,3.0,1,5,0,Non consulté,0,0,Evénement social,159000,9,Caution solidaire,0.53,0
CSWA-02317,23,Femme,Semi-urbaine,Célibataire,Secondaire,4,Commerce informel,8.9,38000,25000,3,0,1000,Irrégulière,0,,,1,8,1,Pret en cours ailleurs,1,94000,Intrants agricoles,50000,6,Aval d'un tiers,1.13,0
CSWA-02318,39,Femme,Semi-urbaine,Marié(e),Primaire,4,Commerce informel,6.4,34000,16000,48,0,6900,Aucune épargne,2,60.8,0.0,1,8,0,Non consulté,0,0,Intrants agricoles,136000,12,Caution solidaire,0.84,0
CSWA-02319,58,Femme,Urbaine,Marié(e),Primaire,2,Commerce informel,3.8,60000,46000,35,1,22000,Irrégulière,0,,,0,0,1,Bon payeur ailleurs (solde sans incident),0,0,Evénement social,169000,6,Aucune,1.29,0
CSWA-02320,55,Homme,Rurale,Célibataire,Primaire,4,Restauration/Transformation,12.1,29000,18000,95,1,28600,Régulière,1,77.0,2.0,1,7,1,Pret en cours ailleurs,1,184000,Fonds de commerce,124000,12,Aucune,1.59,0
CSWA-02321,23,Femme,Urbaine,Marié(e),Secondaire,5,Agriculture,4.7,166000,141000,38,0,9200,Aucune épargne,3,55.5,3.0,0,0,1,Bon payeur ailleurs (solde sans incident),0,0,Fonds de commerce,476000,9,Bien matériel,1.21,1
CSWA-02322,20,Femme,Rurale,Marié(e),Secondaire,1,Autre service,12.8,35000,19000,39,0,5400,Irrégulière,0,,,0,0,1,Bon payeur ailleurs (solde sans incident),0,0,Fonds de commerce,151000,6,Caution solidaire,1.35,1
CSWA-02323,34,Femme,Urbaine,Marié(e),Aucun,2,Commerce informel,7.1,69000,39000,160,0,40600,Irrégulière,3,71.1,7.0,0,0,1,Bon payeur ailleurs (solde sans incident),0,0,Elevage,282000,9,Caution solidaire,1.07,0
CSWA-02324,49,Homme,Semi-urbaine,Marié(e),Primaire,1,Agriculture,9.8,50000,24000,113,0,81400,Régulière,0,,,1,10,1,Pret en cours ailleurs,2,125000,Elevage,119000,6,Bien matériel,1.15,1
CSWA-02325,54,Homme,Semi-urbaine,Marié(e),Aucun,4,Commerce informel,9.9,34000,17000,2,1,4200,Irrégulière,4,86.2,1.0,1,12,1,Jamais emprunté ailleurs,0,0,Intrants agricoles,149000,24,Aval d'un tiers,0.71,0
CSWA-02326,57,Femme,Urbaine,Marié(e),Primaire,3,Transport,1.5,155000,91000,138,1,315200,Irrégulière,0,,,1,11,1,Bon payeur ailleurs (solde sans incident),0,0,Equipement/Matériel,709000,3,Aucune,2.29,0
CSWA-02327,35,Homme,Rurale,Marié(e),Primaire,4,Elevage,2.7,59000,23000,131,0,19200,Régulière,3,71.9,23.0,0,0,1,Jamais emprunté ailleurs,0,0,Habitat/Réparation,308000,12,Caution solidaire,0.88,0
CSWA-02328,26,Femme,Rurale,Marié(e),Secondaire,4,Artisanat,4.5,231000,177000,161,0,391700,Aucune épargne,0,,,1,10,1,Bon payeur ailleurs (solde sans incident),0,0,Equipement/Matériel,287000,12,Bien matériel,0.88,0
CSWA-02329,20,Femme,Semi-urbaine,Marié(e),Aucun,4,Artisanat,3.5,175000,70000,98,0,137200,Régulière,0,,,1,10,1,Bon payeur ailleurs (solde sans incident),0,0,Santé,282000,6,Bien matériel,0.7,0
CSWA-02330,25,Femme,Rurale,Marié(e),Aucun,4,Commerce informel,7.4,81000,65000,170,1,156300,Régulière,0,,,1,5,1,Incident de paiement signale ailleurs,0,0,Intrants agricoles,404000,12,Caution solidaire,1.27,0
CSWA-02331,22,Homme,Urbaine,Marié(e),Aucun,5,Transport,7.7,26000,14000,170,0,15200,Irrégulière,2,95.4,0.0,1,2,1,Jamais emprunté ailleurs,0,0,Fonds de commerce,108000,12,Aucune,0.93,0
CSWA-02332,59,Femme,Rurale,Célibataire,Primaire,4,Salarié secteur formel,4.3,163000,95000,66,1,8300,Régulière,1,87.7,8.0,0,0,1,Jamais emprunté ailleurs,0,0,Fonds de commerce,881000,24,Aucune,0.83,0
CSWA-02333,31,Homme,Urbaine,Célibataire,Supérieur,1,Artisanat,4.0,284000,236000,15,0,8500,Irrégulière,1,82.4,4.0,1,5,1,Bon payeur ailleurs (solde sans incident),0,0,Elevage,251000,18,Bien matériel,0.89,0
CSWA-02334,57,Femme,Rurale,Marié(e),Secondaire,1,Commerce informel,9.4,102000,73000,170,0,134300,Régulière,1,95.9,13.0,1,9,0,Non consulté,0,0,Equipement/Matériel,224000,6,Caution solidaire,1.13,0
CSWA-02335,44,Femme,Urbaine,Marié(e),Secondaire,7,Restauration/Transformation,4.0,74000,36000,118,0,128400,Régulière,3,89.4,7.0,1,6,0,Non consulté,0,0,Education,87000,6,Caution solidaire,0.71,0
CSWA-02336,44,Homme,Rurale,Marié(e),Primaire,2,Restauration/Transformation,10.4,58000,29000,158,1,7800,Irrégulière,3,89.1,16.0,1,10,1,Incident de paiement signale ailleurs,0,0,Fonds de commerce,318000,12,Bien matériel,1.01,1
CSWA-02337,40,Homme,Semi-urbaine,Marié(e),Aucun,6,Fonctionnaire,6.5,132000,56000,14,0,16500,Régulière,0,,,1,11,1,Jamais emprunté ailleurs,0,0,Fonds de commerce,656000,12,Caution solidaire,0.89,0
CSWA-02338,57,Homme,Urbaine,Marié(e),Secondaire,3,Commerce informel,6.5,99000,66000,57,1,18200,Régulière,1,88.5,8.0,1,7,1,Bon payeur ailleurs (solde sans incident),0,0,Elevage,108000,36,Aval d'un tiers,0.7,0
CSWA-02339,21,Femme,Rurale,Célibataire,Primaire,10,Fonctionnaire,3.0,168000,114000,1,1,2100,Régulière,1,87.6,13.0,1,5,0,Non consulté,0,0,Santé,571000,3,Bien matériel,1.95,0
CSWA-02340,23,Femme,Rurale,Célibataire,Aucun,2,Salarié secteur formel,8.3,92000,73000,67,1,58500,Irrégulière,0,,,1,8,0,Non consulté,0,0,Equipement/Matériel,100000,18,Caution solidaire,0.86,0
CSWA-02341,38,Homme,Urbaine,Marié(e),Primaire,4,Commerce informel,2.7,147000,72000,136,1,116600,Aucune épargne,3,39.3,22.0,1,9,1,Bon payeur ailleurs (solde sans incident),0,0,Intrants agricoles,570000,3,Caution solidaire,1.94,0
CSWA-02342,37,Homme,Rurale,Veuf(ve),Secondaire,2,Restauration/Transformation,8.3,103000,40000,31,0,35900,Régulière,1,95.5,23.0,1,14,1,Pret en cours ailleurs,2,221000,Intrants agricoles,177000,12,Aucune,0.74,0
CSWA-02343,44,Femme,Rurale,Marié(e),Primaire,3,Commerce informel,7.7,34000,16000,68,0,13300,Régulière,0,,,1,8,1,Jamais emprunté ailleurs,0,0,Equipement/Matériel,57000,6,Bien matériel,0.78,0
CSWA-02344,53,Homme,Urbaine,Veuf(ve),Aucun,4,Commerce informel,7.8,47000,39000,157,0,13300,Régulière,0,,,1,6,1,Pret en cours ailleurs,2,351000,Evénement social,177000,18,Bien matériel,1.74,0
CSWA-02345,46,Femme,Semi-urbaine,Célibataire,Secondaire,4,Restauration/Transformation,7.7,58000,49000,55,0,35300,Régulière,0,,,1,6,0,Non consulté,0,0,Fonds de commerce,198000,3,Aucune,2.12,0
CSWA-02346,31,Femme,Rurale,Marié(e),Aucun,3,Commerce informel,9.4,79000,42000,96,1,75200,Irrégulière,2,96.6,4.0,1,9,1,Bon payeur ailleurs (solde sans incident),0,0,Fonds de commerce,149000,6,Aucune,0.88,0
CSWA-02347,34,Femme,Rurale,Marié(e),Primaire,2,Commerce informel,7.3,184000,109000,79,1,197400,Irrégulière,1,96.2,6.0,1,8,1,Jamais emprunté ailleurs,0,0,Equipement/Matériel,421000,9,Bien matériel,0.88,0
CSWA-02348,54,Femme,Urbaine,Marié(e),Secondaire,3,Restauration/Transformation,1.6,250000,193000,38,1,100200,Régulière,3,97.0,4.0,1,10,1,Jamais emprunté ailleurs,0,0,Elevage,660000,6,Aval d'un tiers,1.26,0
CSWA-02349,28,Femme,Urbaine,Veuf(ve),Supérieur,1,Autre service,6.8,100000,59000,168,1,8800,Régulière,0,,,1,13,1,Bon payeur ailleurs (solde sans incident),0,0,Santé,187000,18,Aucune,0.71,0
CSWA-02350,42,Femme,Urbaine,Marié(e),Primaire,3,Commerce informel,3.3,109000,90000,146,1,198800,Régulière,1,78.3,0.0,1,8,1,Jamais emprunté ailleurs,0,0,Santé,128000,12,Caution solidaire,0.93,0
CSWA-02351,44,Homme,Semi-urbaine,Veuf(ve),Aucun,4,Commerce informel,2.2,35000,27000,71,1,21000,Aucune épargne,2,98.7,5.0,0,0,0,Non consulté,0,0,Intrants agricoles,35000,24,Aval d'un tiers,0.82,0
CSWA-02352,54,Homme,Semi-urbaine,Marié(e),Primaire,3,Commerce informel,3.0,64000,46000,154,1,4900,Irrégulière,1,88.0,6.0,1,6,1,Jamais emprunté ailleurs,0,0,Habitat/Réparation,328000,6,Aucune,1.68,0
CSWA-02353,52,Femme,Semi-urbaine,Marié(e),Aucun,3,Commerce informel,3.8,60000,40000,90,1,65300,Aucune épargne,2,84.1,5.0,1,11,1,Bon payeur ailleurs (solde sans incident),0,0,Elevage,301000,24,Bien matériel,0.9,0
CSWA-02354,40,Homme,Urbaine,Marié(e),Secondaire,3,Fonctionnaire,7.9,149000,68000,116,1,201100,Régulière,1,81.5,3.0,0,0,1,Pret en cours ailleurs,1,105000,Evénement social,505000,24,Aval d'un tiers,0.68,0
CSWA-02355,33,Femme,Rurale,Marié(e),Secondaire,7,Elevage,4.8,111000,49000,53,1,88200,Aucune épargne,2,61.3,8.0,1,9,1,Jamais emprunté ailleurs,0,0,Intrants agricoles,350000,6,Caution solidaire,1.03,0
CSWA-02356,36,Femme,Semi-urbaine,Marié(e),Primaire,1,Restauration/Transformation,9.3,63000,49000,71,0,33200,Aucune épargne,1,91.7,8.0,0,0,1,Bon payeur ailleurs (solde sans incident),0,0,Evénement social,294000,18,Aval d'un tiers,1.07,0
CSWA-02357,38,Femme,Rurale,Veuf(ve),Secondaire,5,Agriculture,3.6,29000,14000,167,1,56900,Aucune épargne,0,,,1,5,0,Non consulté,0,0,Intrants agricoles,153000,24,Aval d'un tiers,0.73,0
CSWA-02358,29,Homme,Urbaine,Marié(e),Primaire,1,Autre service,4.9,128000,60000,40,1,55300,Régulière,1,72.1,2.0,1,10,1,Jamais emprunté ailleurs,0,0,Equipement/Matériel,191000,24,Caution solidaire,0.54,0
CSWA-02359,48,Femme,Semi-urbaine,Veuf(ve),Primaire,3,Elevage,3.7,157000,121000,75,0,89400,Régulière,0,,,1,5,1,Pret en cours ailleurs,1,133000,Fonds de commerce,363000,3,Aval d'un tiers,1.71,0
CSWA-02360,28,Femme,Urbaine,Divorcé(e),Supérieur,1,Fonctionnaire,1.2,159000,59000,138,0,63300,Aucune épargne,0,,,0,0,1,Bon payeur ailleurs (solde sans incident),0,0,Intrants agricoles,858000,3,Bien matériel,2.39,1
CSWA-02361,49,Homme,Urbaine,Marié(e),Aucun,2,Restauration/Transformation,5.8,74000,52000,60,1,30400,Irrégulière,0,,,1,13,1,Jamais emprunté ailleurs,0,0,Fonds de commerce,192000,12,Caution solidaire,0.94,0
CSWA-02362,54,Femme,Semi-urbaine,Marié(e),Primaire,2,Fonctionnaire,19.4,100000,66000,139,1,36500,Irrégulière,1,65.3,3.0,1,8,0,Non consulté,0,0,Equipement/Matériel,329000,3,Bien matériel,1.89,0
CSWA-02363,64,Femme,Rurale,Marié(e),Secondaire,3,Elevage,2.3,51000,19000,71,1,17400,Régulière,1,81.2,10.0,1,6,1,Pret en cours ailleurs,2,244000,Fonds de commerce,74000,12,Caution solidaire,0.94,0
CSWA-02364,24,Femme,Urbaine,Célibataire,Primaire,0,Salarié secteur formel,8.4,82000,36000,92,1,99100,Régulière,1,65.7,1.0,1,9,1,Jamais emprunté ailleurs,0,0,Intrants agricoles,237000,12,Bien matériel,0.71,0
CSWA-02365,54,Femme,Rurale,Divorcé(e),Primaire,5,Agriculture,9.4,54000,27000,179,1,39200,Régulière,0,,,0,0,1,Jamais emprunté ailleurs,0,0,Intrants agricoles,233000,6,Caution solidaire,1.31,0
CSWA-02366,23,Homme,Semi-urbaine,Veuf(ve),Aucun,5,Restauration/Transformation,5.9,244000,113000,134,1,407200,Irrégulière,3,90.9,6.0,1,6,1,Jamais emprunté ailleurs,0,0,Education,517000,6,Caution solidaire,0.86,0
CSWA-02367,34,Femme,Urbaine,Veuf(ve),Primaire,1,Artisanat,2.4,136000,59000,166,1,18200,Régulière,2,88.4,15.0,1,14,1,Jamais emprunté ailleurs,0,0,Education,192000,6,Caution solidaire,0.7,0
CSWA-02368,27,Femme,Semi-urbaine,Marié(e),Primaire,3,Elevage,16.3,97000,75000,36,1,26200,Irrégulière,2,91.1,1.0,0,0,1,Incident de paiement signale ailleurs,0,0,Fonds de commerce,84000,6,Bien matériel,0.94,0
CSWA-02369,26,Homme,Urbaine,Marié(e),Primaire,1,Elevage,7.6,360000,292000,151,0,608700,Aucune épargne,0,,,1,7,1,Bon payeur ailleurs (solde sans incident),0,0,Intrants agricoles,961000,6,Caution solidaire,1.31,0
CSWA-02370,27,Femme,Urbaine,Marié(e),Aucun,1,Commerce informel,12.7,163000,71000,96,1,203900,Aucune épargne,1,95.0,21.0,1,6,1,Bon payeur ailleurs (solde sans incident),0,0,Equipement/Matériel,433000,9,Aucune,0.77,0
CSWA-02371,21,Homme,Rurale,Veuf(ve),Primaire,2,Fonctionnaire,1.8,66000,42000,138,1,6400,Aucune épargne,1,93.9,5.0,1,10,1,Bon payeur ailleurs (solde sans incident),0,0,Education,183000,18,Bien matériel,0.81,0
CSWA-02372,57,Homme,Rurale,Marié(e),Secondaire,3,Agriculture,3.9,46000,26000,59,0,32600,Régulière,4,65.1,4.0,1,11,1,Jamais emprunté ailleurs,0,0,Elevage,49000,12,Aval d'un tiers,0.67,0
CSWA-02373,21,Femme,Urbaine,Marié(e),Secondaire,6,Commerce informel,2.3,64000,34000,132,1,113300,Irrégulière,2,82.9,17.0,1,8,1,Jamais emprunté ailleurs,0,0,Equipement/Matériel,168000,36,Caution solidaire,0.61,0
CSWA-02374,37,Homme,Rurale,Marié(e),Secondaire,8,Restauration/Transformation,10.0,76000,63000,179,1,35200,Régulière,1,92.2,0.0,1,11,0,Non consulté,0,0,Intrants agricoles,308000,3,Bien matériel,2.34,0
CSWA-02375,51,Femme,Rurale,Marié(e),Secondaire,2,Restauration/Transformation,1.8,53000,20000,90,1,5300,Aucune épargne,1,72.5,7.0,1,15,1,Bon payeur ailleurs (solde sans incident),0,0,Elevage,97000,9,Caution solidaire,0.61,0
CSWA-02376,65,Homme,Rurale,Marié(e),Secondaire,3,Commerce informel,5.2,44000,37000,77,0,11300,Irrégulière,1,73.9,3.0,1,9,1,Jamais emprunté ailleurs,0,0,Equipement/Matériel,170000,6,Aval d'un tiers,1.56,0
CSWA-02377,59,Femme,Rurale,Marié(e),Aucun,2,Agriculture,4.9,92000,47000,95,0,33300,Aucune épargne,1,74.3,20.0,1,16,0,Non consulté,0,0,Equipement/Matériel,351000,18,Caution solidaire,0.75,0
CSWA-02378,25,Homme,Semi-urbaine,Veuf(ve),Primaire,7,Artisanat,1.4,132000,84000,38,0,15700,Régulière,2,91.7,7.0,1,10,1,Bon payeur ailleurs (solde sans incident),0,0,Intrants agricoles,317000,9,Caution solidaire,0.93,0
CSWA-02379,65,Femme,Rurale,Célibataire,Aucun,3,Salarié secteur formel,8.0,93000,76000,102,0,85300,Aucune épargne,1,93.1,11.0,1,9,1,Incident de paiement signale ailleurs,0,0,Santé,325000,12,Caution solidaire,1.14,0
CSWA-02380,49,Homme,Rurale,Marié(e),Primaire,5,Agriculture,7.2,84000,56000,36,0,12200,Régulière,2,82.0,5.0,1,6,1,Jamais emprunté ailleurs,0,0,Fonds de commerce,69000,3,Caution solidaire,0.97,1
CSWA-02381,27,Femme,Rurale,Célibataire,Supérieur,0,Commerce informel,3.8,113000,83000,125,1,154100,Irrégulière,1,77.8,2.0,0,0,1,Incident de paiement signale ailleurs,0,0,Intrants agricoles,595000,18,Bien matériel,1.06,0
CSWA-02382,40,Homme,Rurale,Marié(e),Primaire,3,Restauration/Transformation,12.7,29000,12000,180,0,41200,Aucune épargne,1,64.1,1.0,1,14,0,Non consulté,0,0,Education,51000,3,Caution solidaire,1.07,0
CSWA-02383,62,Homme,Urbaine,Célibataire,Secondaire,1,Commerce informel,1.6,130000,83000,138,0,126100,Régulière,2,79.7,48.0,1,11,1,Pret en cours ailleurs,2,272000,Evénement social,701000,3,Aucune,2.84,0
CSWA-02384,37,Femme,Urbaine,Marié(e),Aucun,2,Salarié secteur formel,1.1,172000,87000,180,1,404500,Régulière,5,84.9,4.0,1,5,1,Jamais emprunté ailleurs,0,0,Habitat/Réparation,588000,36,Aucune,0.61,0
CSWA-02385,27,Femme,Urbaine,Marié(e),Primaire,3,Transport,6.1,96000,54000,80,1,69700,Régulière,1,70.8,9.0,1,11,0,Non consulté,0,0,Fonds de commerce,186000,18,Aucune,0.68,0
CSWA-02386,60,Femme,Rurale,Marié(e),Primaire,3,Salarié secteur formel,3.0,107000,50000,144,1,64900,Irrégulière,0,,,0,0,1,Jamais emprunté ailleurs,0,0,Fonds de commerce,483000,6,Aucune,1.31,0
CSWA-02387,63,Homme,Semi-urbaine,Marié(e),Aucun,4,Agriculture,5.3,71000,47000,102,1,11900,Irrégulière,0,,,0,0,0,Non consulté,0,0,Evénement social,318000,12,Caution solidaire,1.08,0
CSWA-02388,64,Homme,Rurale,Marié(e),Primaire,6,Commerce informel,10.8,36000,22000,87,0,25800,Aucune épargne,2,67.1,9.0,1,7,1,Bon payeur ailleurs (solde sans incident),0,0,Elevage,55000,6,Aucune,0.9,0
CSWA-02389,63,Femme,Rurale,Célibataire,Secondaire,3,Artisanat,2.2,53000,22000,114,0,68200,Irrégulière,0,,,1,5,1,Jamais emprunté ailleurs,0,0,Santé,283000,3,Aval d'un tiers,2.41,0
CSWA-02390,60,Femme,Rurale,Célibataire,Primaire,3,Commerce informel,10.1,48000,34000,120,1,58900,Irrégulière,0,,,0,0,1,Bon payeur ailleurs (solde sans incident),0,0,Habitat/Réparation,85000,24,Aucune,0.79,1
CSWA-02391,40,Homme,Rurale,Marié(e),Secondaire,3,Commerce informel,2.3,58000,29000,9,1,6300,Irrégulière,1,93.2,13.0,1,6,1,Jamais emprunté ailleurs,0,0,Education,228000,6,Bien matériel,1.23,0
CSWA-02392,28,Femme,Rurale,Marié(e),Supérieur,2,Agriculture,4.2,155000,100000,127,0,231400,Irrégulière,2,96.3,18.0,1,4,1,Bon payeur ailleurs (solde sans incident),0,0,Evénement social,848000,6,Aval d'un tiers,1.67,0
CSWA-02393,48,Femme,Rurale,Célibataire,Primaire,5,Elevage,11.3,67000,53000,95,1,50600,Régulière,1,89.7,15.0,1,8,1,Bon payeur ailleurs (solde sans incident),0,0,Fonds de commerce,169000,9,Aval d'un tiers,1.1,0
CSWA-02394,29,Femme,Rurale,Marié(e),Supérieur,4,Agriculture,8.1,56000,31000,24,1,5700,Aucune épargne,1,85.5,14.0,0,0,1,Bon payeur ailleurs (solde sans incident),0,0,Education,68000,12,Aval d'un tiers,0.67,0
CSWA-02395,41,Homme,Urbaine,Marié(e),Aucun,3,Commerce informel,3.1,116000,78000,33,0,47600,Régulière,1,94.8,10.0,0,0,1,Bon payeur ailleurs (solde sans incident),0,0,Fonds de commerce,285000,12,Bien matériel,0.9,0
CSWA-02396,49,Femme,Rurale,Marié(e),Aucun,7,Commerce informel,6.8,97000,76000,26,0,17100,Régulière,0,,,1,5,0,Non consulté,0,0,Habitat/Réparation,447000,6,Caution solidaire,1.64,0
CSWA-02397,63,Homme,Rurale,Marié(e),Primaire,3,Restauration/Transformation,4.0,247000,163000,149,0,87300,Aucune épargne,2,82.3,4.0,1,6,1,Bon payeur ailleurs (solde sans incident),0,0,Equipement/Matériel,684000,9,Aval d'un tiers,1.0,1
CSWA-02398,32,Femme,Semi-urbaine,Marié(e),Primaire,4,Agriculture,4.4,141000,119000,71,1,134500,Aucune épargne,2,75.7,8.0,1,15,1,Jamais emprunté ailleurs,0,0,Fonds de commerce,529000,12,Caution solidaire,1.19,0
CSWA-02399,30,Homme,Semi-urbaine,Marié(e),Primaire,5,Restauration/Transformation,4.9,27000,11000,78,0,7100,Irrégulière,1,86.8,10.0,0,0,1,Jamais emprunté ailleurs,0,0,Fonds de commerce,147000,12,Caution solidaire,0.91,0
CSWA-02400,53,Femme,Semi-urbaine,Marié(e),Primaire,3,Restauration/Transformation,7.5,126000,67000,68,0,23800,Irrégulière,3,78.4,2.0,1,6,1,Bon payeur ailleurs (solde sans incident),0,0,Intrants agricoles,172000,12,Bien matériel,0.66,0
CSWA-02401,19,Femme,Rurale,Célibataire,Secondaire,1,Restauration/Transformation,5.9,118000,83000,131,0,48500,Régulière,2,80.1,15.0,1,11,1,Jamais emprunté ailleurs,0,0,Elevage,428000,3,Bien matériel,2.06,0
CSWA-02402,45,Femme,Urbaine,Célibataire,Aucun,3,Fonctionnaire,5.0,234000,139000,85,1,67300,Irrégulière,2,66.0,12.0,0,0,1,Bon payeur ailleurs (solde sans incident),0,0,Equipement/Matériel,346000,6,Aval d'un tiers,0.87,0
CSWA-02403,54,Homme,Rurale,Célibataire,Secondaire,1,Autre service,5.1,72000,35000,179,1,56600,Irrégulière,0,,,1,8,1,Jamais emprunté ailleurs,0,0,Habitat/Réparation,347000,36,Caution solidaire,0.64,0
CSWA-02404,44,Homme,Semi-urbaine,Marié(e),Primaire,2,Commerce informel,6.4,148000,77000,55,0,70300,Irrégulière,0,,,1,7,1,Jamais emprunté ailleurs,0,0,Equipement/Matériel,568000,12,Caution solidaire,0.88,0
CSWA-02405,37,Femme,Semi-urbaine,Veuf(ve),Primaire,2,Agriculture,5.7,67000,48000,172,1,39800,Régulière,3,68.8,15.0,1,3,1,Jamais emprunté ailleurs,0,0,Intrants agricoles,135000,9,Caution solidaire,0.97,0
CSWA-02406,57,Femme,Semi-urbaine,Célibataire,Aucun,3,Transport,3.9,95000,71000,112,1,138500,Régulière,1,97.9,6.0,1,8,1,Bon payeur ailleurs (solde sans incident),0,0,Education,213000,12,Aval d'un tiers,0.96,0
CSWA-02407,36,Femme,Urbaine,Marié(e),Primaire,2,Transport,6.5,45000,30000,116,0,34600,Irrégulière,2,83.1,5.0,1,5,1,Incident de paiement signale ailleurs,0,0,Santé,158000,12,Bien matériel,0.99,0
CSWA-02408,52,Homme,Rurale,Marié(e),Primaire,4,Commerce informel,7.2,38000,30000,136,0,37600,Irrégulière,1,90.5,1.0,1,13,1,Jamais emprunté ailleurs,0,0,Intrants agricoles,40000,9,Aval d'un tiers,0.92,0
CSWA-02409,40,Femme,Semi-urbaine,Célibataire,Secondaire,2,Autre service,6.6,130000,79000,158,0,214700,Irrégulière,1,88.8,6.0,1,11,1,Jamais emprunté ailleurs,0,0,Habitat/Réparation,567000,18,Aval d'un tiers,0.88,0
CSWA-02410,20,Homme,Rurale,Marié(e),Primaire,4,Salarié secteur formel,9.3,180000,137000,157,1,32800,Régulière,2,68.1,0.0,1,5,1,Bon payeur ailleurs (solde sans incident),0,0,Elevage,296000,24,Caution solidaire,0.84,0
CSWA-02411,43,Homme,Rurale,Célibataire,Aucun,2,Salarié secteur formel,3.7,185000,75000,161,1,147700,Irrégulière,4,86.9,11.0,0,0,1,Incident de paiement signale ailleurs,0,0,Habitat/Réparation,968000,9,Aucune,1.06,0
CSWA-02412,21,Homme,Rurale,Célibataire,Secondaire,1,Commerce informel,3.6,126000,106000,74,1,97000,Aucune épargne,0,,,1,7,1,Jamais emprunté ailleurs,0,0,Intrants agricoles,438000,24,Bien matériel,1.0,0
CSWA-02413,62,Femme,Rurale,Veuf(ve),Secondaire,2,Elevage,11.8,20000,16000,141,1,16800,Irrégulière,0,,,1,13,1,Jamais emprunté ailleurs,0,0,Habitat/Réparation,49000,24,Bien matériel,0.92,0
CSWA-02414,47,Homme,Urbaine,Veuf(ve),Supérieur,3,Agriculture,3.2,52000,41000,53,1,4700,Irrégulière,3,89.0,3.0,1,7,1,Jamais emprunté ailleurs,0,0,Equipement/Matériel,109000,18,Caution solidaire,0.92,0
CSWA-02415,36,Homme,Urbaine,Célibataire,Primaire,2,Agriculture,4.7,32000,25000,89,1,21500,Aucune épargne,1,71.1,1.0,0,0,0,Non consulté,0,0,Evénement social,63000,12,Aval d'un tiers,0.97,0
CSWA-02416,41,Femme,Semi-urbaine,Divorcé(e),Secondaire,4,Commerce informel,1.2,156000,120000,28,1,15400,Irrégulière,0,,,0,0,0,Non consulté,0,0,Fonds de commerce,526000,18,Bien matériel,0.98,0
CSWA-02417,48,Femme,Semi-urbaine,Veuf(ve),Primaire,1,Commerce informel,2.3,64000,25000,78,1,66200,Irrégulière,1,77.2,7.0,1,9,1,Jamais emprunté ailleurs,0,0,Fonds de commerce,103000,3,Bien matériel,0.99,0
CSWA-02418,31,Homme,Semi-urbaine,Marié(e),Secondaire,4,Salarié secteur formel,4.2,131000,105000,101,0,27500,Régulière,1,70.9,4.0,0,0,1,Pret en cours ailleurs,1,194000,Education,194000,12,Aucune,1.07,0
CSWA-02419,32,Homme,Urbaine,Célibataire,Primaire,3,Elevage,4.1,96000,42000,151,0,21000,Régulière,2,80.3,2.0,1,10,1,Jamais emprunté ailleurs,0,0,Habitat/Réparation,431000,3,Aval d'un tiers,2.11,0
CSWA-02420,38,Femme,Urbaine,Marié(e),Aucun,3,Artisanat,4.8,126000,99000,7,0,9700,Aucune épargne,4,84.5,25.0,1,12,1,Pret en cours ailleurs,1,128000,Education,160000,24,Aucune,0.94,0
CSWA-02421,31,Homme,Urbaine,Marié(e),Supérieur,0,Commerce informel,13.5,118000,74000,108,0,41700,Aucune épargne,3,90.9,2.0,1,7,1,Bon payeur ailleurs (solde sans incident),0,0,Fonds de commerce,595000,24,Bien matériel,0.86,1
CSWA-02422,54,Homme,Semi-urbaine,Marié(e),Secondaire,0,Fonctionnaire,1.5,136000,67000,155,1,272800,Régulière,2,83.3,1.0,0,0,1,Pret en cours ailleurs,1,96000,Elevage,205000,12,Bien matériel,0.7,0
CSWA-02423,23,Femme,Rurale,Marié(e),Primaire,5,Fonctionnaire,5.5,144000,73000,140,1,59300,Aucune épargne,2,91.1,1.0,1,12,1,Pret en cours ailleurs,1,185000,Education,136000,9,Aucune,0.74,0
CSWA-02424,57,Homme,Semi-urbaine,Marié(e),Primaire,3,Restauration/Transformation,5.1,129000,63000,86,0,80800,Irrégulière,1,83.4,7.0,1,13,1,Jamais emprunté ailleurs,0,0,Habitat/Réparation,267000,18,Caution solidaire,0.62,0
CSWA-02425,35,Femme,Urbaine,Marié(e),Secondaire,5,Agriculture,14.7,56000,40000,74,1,47100,Régulière,0,,,1,10,1,Bon payeur ailleurs (solde sans incident),0,0,Evénement social,199000,6,Aucune,1.38,0
CSWA-02426,45,Homme,Rurale,Marié(e),Aucun,3,Commerce informel,8.8,65000,47000,110,0,7700,Régulière,3,48.9,0.0,1,6,1,Bon payeur ailleurs (solde sans incident),0,0,Education,335000,12,Caution solidaire,1.2,0
CSWA-02427,26,Homme,Semi-urbaine,Célibataire,Primaire,5,Artisanat,4.1,35000,20000,127,1,66700,Irrégulière,1,87.1,2.0,1,13,1,Jamais emprunté ailleurs,0,0,Evénement social,33000,12,Aucune,0.66,0
CSWA-02428,37,Homme,Urbaine,Veuf(ve),Aucun,1,Salarié secteur formel,11.7,116000,65000,73,0,98100,Régulière,1,82.4,8.0,1,8,1,Jamais emprunté ailleurs,0,0,Habitat/Réparation,442000,18,Caution solidaire,0.8,0
CSWA-02429,54,Homme,Semi-urbaine,Divorcé(e),Aucun,6,Autre service,3.8,47000,21000,99,1,24500,Irrégulière,0,,,1,6,1,Bon payeur ailleurs (solde sans incident),0,0,Fonds de commerce,106000,9,Caution solidaire,0.73,0
CSWA-02430,31,Homme,Rurale,Marié(e),Aucun,1,Commerce informel,9.2,176000,97000,1,1,11500,Aucune épargne,1,75.7,5.0,1,8,1,Jamais emprunté ailleurs,0,0,Fonds de commerce,173000,12,Caution solidaire,0.64,0
CSWA-02431,25,Homme,Urbaine,Marié(e),Secondaire,4,Agriculture,12.7,109000,74000,58,0,16500,Irrégulière,0,,,1,13,1,Jamais emprunté ailleurs,0,0,Elevage,589000,24,Aucune,0.93,1
CSWA-02432,43,Femme,Urbaine,Célibataire,Aucun,4,Agriculture,5.9,90000,60000,142,1,78100,Aucune épargne,1,86.7,2.0,1,15,0,Non consulté,0,0,Intrants agricoles,266000,6,Aval d'un tiers,1.22,0
CSWA-02433,26,Femme,Semi-urbaine,Marié(e),Secondaire,2,Agriculture,2.7,99000,41000,75,0,36700,Irrégulière,0,,,1,15,0,Non consulté,0,0,Habitat/Réparation,420000,12,Bien matériel,0.81,0
CSWA-02434,33,Homme,Rurale,Divorcé(e),Supérieur,3,Restauration/Transformation,1.4,45000,32000,86,0,18700,Irrégulière,2,93.5,1.0,1,5,1,Jamais emprunté ailleurs,0,0,Education,119000,12,Caution solidaire,0.96,0
CSWA-02435,40,Femme,Semi-urbaine,Célibataire,Aucun,5,Artisanat,6.0,195000,165000,169,0,383500,Régulière,5,93.9,10.0,1,10,0,Non consulté,0,0,Fonds de commerce,279000,6,Bien matériel,1.11,0
CSWA-02436,45,Femme,Semi-urbaine,Marié(e),Secondaire,5,Salarié secteur formel,9.0,204000,154000,74,1,182500,Irrégulière,1,67.7,3.0,1,12,1,Jamais emprunté ailleurs,0,0,Fonds de commerce,984000,3,Aucune,2.56,0
CSWA-02437,49,Femme,Rurale,Marié(e),Primaire,4,Commerce informel,21.7,141000,50000,79,0,63500,Aucune épargne,0,,,1,7,1,Jamais emprunté ailleurs,0,0,Fonds de commerce,275000,12,Caution solidaire,0.54,0
CSWA-02438,50,Homme,Semi-urbaine,Marié(e),Supérieur,2,Agriculture,11.0,60000,46000,137,1,16700,Régulière,2,87.9,0.0,1,8,1,Jamais emprunté ailleurs,0,0,Fonds de commerce,194000,6,Aval d'un tiers,1.37,0
CSWA-02439,58,Homme,Semi-urbaine,Marié(e),Primaire,2,Artisanat,5.6,37000,14000,153,1,5500,Régulière,0,,,1,10,1,Jamais emprunté ailleurs,0,0,Fonds de commerce,53000,18,Caution solidaire,0.47,0
CSWA-02440,22,Homme,Urbaine,Marié(e),Primaire,4,Transport,2.6,241000,101000,63,0,217000,Irrégulière,0,,,1,7,1,Jamais emprunté ailleurs,0,0,Fonds de commerce,363000,12,Aval d'un tiers,0.56,0
CSWA-02441,36,Homme,Semi-urbaine,Célibataire,Aucun,2,Salarié secteur formel,5.0,152000,72000,32,1,9000,Aucune épargne,3,72.4,1.0,1,14,1,Jamais emprunté ailleurs,0,0,Habitat/Réparation,816000,9,Bien matériel,1.14,1
CSWA-02442,19,Homme,Urbaine,Célibataire,Supérieur,3,Salarié secteur formel,13.4,133000,79000,117,0,154300,Irrégulière,0,,,1,7,1,Pret en cours ailleurs,2,128000,Fonds de commerce,345000,24,Aucune,0.8,0
CSWA-02443,19,Femme,Urbaine,Marié(e),Aucun,1,Elevage,16.3,20000,15000,19,0,1000,Régulière,1,87.9,8.0,1,10,0,Non consulté,0,0,Elevage,105000,3,Caution solidaire,2.71,0
CSWA-02444,28,Femme,Rurale,Marié(e),Secondaire,1,Commerce informel,3.8,78000,59000,131,0,122400,Aucune épargne,0,,,1,7,1,Bon payeur ailleurs (solde sans incident),0,0,Santé,111000,9,Bien matériel,0.93,0
CSWA-02445,47,Homme,Semi-urbaine,Marié(e),Aucun,6,Restauration/Transformation,4.8,113000,61000,87,0,55300,Régulière,1,56.8,3.0,0,0,1,Jamais emprunté ailleurs,0,0,Intrants agricoles,332000,3,Caution solidaire,1.64,0
CSWA-02446,61,Femme,Urbaine,Marié(e),Secondaire,5,Autre service,12.1,87000,51000,177,1,79500,Régulière,3,81.4,11.0,1,13,1,Bon payeur ailleurs (solde sans incident),0,0,Evénement social,165000,9,Aucune,0.82,0
CSWA-02447,55,Homme,Rurale,Célibataire,Primaire,2,Commerce informel,11.7,77000,34000,55,0,2900,Régulière,1,81.3,3.0,1,15,1,Jamais emprunté ailleurs,0,0,Fonds de commerce,191000,9,Caution solidaire,0.75,0
CSWA-02448,49,Femme,Rurale,Marié(e),Aucun,5,Commerce informel,3.9,72000,59000,139,0,144900,Irrégulière,1,82.1,2.0,1,6,1,Bon payeur ailleurs (solde sans incident),0,0,Intrants agricoles,243000,9,Caution solidaire,1.24,0
CSWA-02449,55,Femme,Urbaine,Célibataire,Aucun,0,Commerce informel,8.3,130000,63000,1,1,8700,Régulière,4,83.9,5.0,1,9,0,Non consulté,0,0,Habitat/Réparation,593000,6,Caution solidaire,1.34,0
CSWA-02450,27,Homme,Semi-urbaine,Marié(e),Aucun,4,Restauration/Transformation,4.1,40000,18000,5,1,1000,Régulière,4,88.9,4.0,1,11,1,Pret en cours ailleurs,1,134000,Fonds de commerce,92000,24,Bien matériel,0.86,0
CSWA-02451,58,Femme,Semi-urbaine,Marié(e),Secondaire,4,Artisanat,10.3,71000,60000,81,1,12600,Irrégulière,2,52.3,1.0,1,6,1,Jamais emprunté ailleurs,0,0,Intrants agricoles,265000,12,Aucune,1.19,0
CSWA-02452,60,Femme,Urbaine,Célibataire,Secondaire,1,Commerce informel,5.6,178000,81000,113,1,207700,Régulière,1,52.3,2.0,1,9,1,Jamais emprunté ailleurs,0,0,Elevage,356000,18,Aval d'un tiers,0.58,0
CSWA-02453,23,Femme,Urbaine,Célibataire,Aucun,4,Commerce informel,4.5,36000,16000,31,0,3800,Irrégulière,0,,,1,15,1,Bon payeur ailleurs (solde sans incident),0,0,Santé,132000,12,Aucune,0.79,0
CSWA-02454,41,Femme,Semi-urbaine,Célibataire,Primaire,4,Restauration/Transformation,8.8,76000,64000,111,0,64100,Régulière,3,74.8,3.0,1,6,1,Pret en cours ailleurs,1,184000,Education,220000,18,Caution solidaire,1.24,0
CSWA-02455,58,Femme,Urbaine,Marié(e),Aucun,2,Agriculture,5.8,44000,17000,120,1,16800,Régulière,0,,,1,11,0,Non consulté,0,0,Fonds de commerce,37000,12,Aucune,0.47,0
CSWA-02456,41,Homme,Urbaine,Veuf(ve),Secondaire,3,Commerce informel,8.7,95000,35000,23,1,13000,Aucune épargne,1,95.3,0.0,0,0,1,Pret en cours ailleurs,1,82000,Fonds de commerce,115000,6,Aval d'un tiers,0.67,0
CSWA-02457,58,Homme,Semi-urbaine,Marié(e),Secondaire,1,Artisanat,2.8,82000,47000,156,1,148000,Régulière,1,75.8,5.0,1,5,1,Jamais emprunté ailleurs,0,0,Santé,207000,18,Aval d'un tiers,0.73,0
CSWA-02458,62,Femme,Semi-urbaine,Marié(e),Secondaire,7,Commerce informel,3.2,48000,24000,136,0,4800,Irrégulière,0,,,0,0,1,Jamais emprunté ailleurs,0,0,Elevage,223000,6,Bien matériel,1.37,0
CSWA-02459,41,Homme,Rurale,Célibataire,Secondaire,5,Commerce informel,5.3,82000,64000,60,1,18100,Irrégulière,2,73.7,3.0,1,10,1,Bon payeur ailleurs (solde sans incident),0,0,Habitat/Réparation,367000,9,Caution solidaire,1.34,0
CSWA-02460,21,Femme,Rurale,Marié(e),Primaire,1,Commerce informel,3.5,84000,60000,68,1,79100,Régulière,3,89.9,9.0,0,0,0,Non consulté,0,0,Fonds de commerce,386000,12,Caution solidaire,1.14,0
CSWA-02461,34,Femme,Semi-urbaine,Célibataire,Aucun,5,Commerce informel,4.2,58000,36000,49,0,28400,Irrégulière,1,77.3,0.0,1,8,1,Pret en cours ailleurs,2,138000,Habitat/Réparation,293000,9,Caution solidaire,1.46,1
CSWA-02462,29,Homme,Rurale,Marié(e),Secondaire,1,Commerce informel,5.4,64000,23000,113,0,96100,Régulière,1,82.3,4.0,1,9,0,Non consulté,0,0,Evénement social,119000,24,Aucune,0.45,0
CSWA-02463,41,Homme,Rurale,Marié(e),Aucun,3,Commerce informel,3.7,57000,28000,124,1,4900,Irrégulière,0,,,1,8,0,Non consulté,0,0,Evénement social,72000,12,Caution solidaire,0.61,0
CSWA-02464,46,Femme,Semi-urbaine,Marié(e),Aucun,3,Commerce informel,13.1,23000,18000,49,0,14900,Régulière,4,50.4,18.0,1,12,0,Non consulté,0,0,Fonds de commerce,82000,6,Caution solidaire,1.45,0
CSWA-02465,40,Homme,Rurale,Célibataire,Primaire,1,Restauration/Transformation,3.3,135000,64000,99,1,157600,Irrégulière,2,91.0,2.0,1,10,1,Jamais emprunté ailleurs,0,0,Evénement social,567000,12,Bien matériel,0.87,0
CSWA-02466,28,Homme,Rurale,Célibataire,Secondaire,0,Transport,5.2,156000,57000,32,0,10900,Aucune épargne,2,80.2,0.0,1,5,1,Pret en cours ailleurs,1,364000,Intrants agricoles,655000,3,Caution solidaire,2.14,0
CSWA-02467,33,Homme,Rurale,Marié(e),Secondaire,4,Commerce informel,5.3,31000,14000,75,0,15900,Aucune épargne,0,,,1,13,1,Bon payeur ailleurs (solde sans incident),0,0,Habitat/Réparation,148000,24,Caution solidaire,0.67,0
CSWA-02468,50,Femme,Rurale,Marié(e),Supérieur,5,Restauration/Transformation,6.0,157000,114000,72,1,68000,Aucune épargne,2,83.1,6.0,1,10,1,Bon payeur ailleurs (solde sans incident),0,0,Habitat/Réparation,478000,12,Caution solidaire,1.01,0
CSWA-02469,20,Femme,Rurale,Marié(e),Primaire,3,Commerce informel,4.5,101000,79000,69,0,90600,Irrégulière,1,80.2,6.0,1,12,1,Jamais emprunté ailleurs,0,0,Intrants agricoles,502000,18,Caution solidaire,1.09,0
CSWA-02470,29,Homme,Urbaine,Marié(e),Aucun,4,Salarié secteur formel,9.2,150000,74000,38,0,57300,Régulière,0,,,1,10,1,Bon payeur ailleurs (solde sans incident),0,0,Habitat/Réparation,540000,9,Aucune,0.94,0
CSWA-02471,60,Femme,Rurale,Célibataire,Primaire,5,Commerce informel,9.6,72000,34000,5,0,7200,Régulière,1,58.2,8.0,0,0,1,Pret en cours ailleurs,2,123000,Habitat/Réparation,363000,18,Bien matériel,0.94,0
CSWA-02472,23,Homme,Semi-urbaine,Marié(e),Secondaire,2,Commerce informel,3.8,55000,42000,178,1,134500,Régulière,1,87.7,3.0,1,9,1,Incident de paiement signale ailleurs,0,0,Evénement social,241000,6,Bien matériel,1.58,0
CSWA-02473,38,Femme,Rurale,Marié(e),Aucun,4,Agriculture,10.0,134000,60000,73,0,48200,Aucune épargne,2,86.0,15.0,0,0,0,Non consulté,0,0,Fonds de commerce,610000,24,Bien matériel,0.66,0
CSWA-02474,28,Homme,Urbaine,Marié(e),Supérieur,4,Commerce informel,3.7,49000,26000,131,0,8600,Irrégulière,2,59.3,3.0,1,10,1,Bon payeur ailleurs (solde sans incident),0,0,Education,126000,6,Caution solidaire,1.01,0
CSWA-02475,23,Femme,Urbaine,Marié(e),Primaire,5,Commerce informel,5.2,260000,140000,156,1,272600,Régulière,1,82.1,1.0,1,9,1,Jamais emprunté ailleurs,0,0,Habitat/Réparation,1127000,9,Caution solidaire,1.08,0
CSWA-02476,38,Femme,Urbaine,Célibataire,Secondaire,7,Agriculture,5.6,153000,84000,7,0,19400,Régulière,1,92.4,12.0,1,10,1,Pret en cours ailleurs,2,106000,Fonds de commerce,503000,18,Aucune,0.82,1
CSWA-02477,43,Femme,Semi-urbaine,Célibataire,Secondaire,2,Restauration/Transformation,2.5,41000,16000,72,0,30200,Régulière,1,69.5,4.0,1,8,0,Non consulté,0,0,Elevage,60000,6,Bien matériel,0.66,0
CSWA-02478,27,Homme,Rurale,Marié(e),Primaire,1,Commerce informel,3.6,199000,154000,70,0,12100,Aucune épargne,1,78.8,8.0,1,11,1,Pret en cours ailleurs,1,64000,Elevage,759000,12,Aucune,1.16,0
CSWA-02479,22,Femme,Urbaine,Divorcé(e),Secondaire,3,Commerce informel,2.0,121000,55000,115,1,205500,Régulière,5,75.3,6.0,1,8,1,Jamais emprunté ailleurs,0,0,Fonds de commerce,618000,3,Aucune,2.36,0
CSWA-02480,25,Femme,Semi-urbaine,Marié(e),Primaire,2,Salarié secteur formel,6.0,111000,59000,165,1,151100,Aucune épargne,0,,,0,0,1,Bon payeur ailleurs (solde sans incident),0,0,Evénement social,349000,6,Caution solidaire,1.12,0
CSWA-02481,49,Femme,Urbaine,Veuf(ve),Secondaire,3,Commerce informel,2.6,117000,78000,122,1,87700,Irrégulière,3,83.2,3.0,1,9,0,Non consulté,0,0,Santé,524000,24,Aval d'un tiers,0.88,0
CSWA-02482,59,Femme,Urbaine,Célibataire,Secondaire,3,Commerce informel,12.5,134000,101000,108,0,109800,Aucune épargne,2,78.8,2.0,1,5,1,Jamais emprunté ailleurs,0,0,Intrants agricoles,222000,12,Bien matériel,0.91,0
CSWA-02483,27,Femme,Semi-urbaine,Marié(e),Primaire,3,Elevage,4.1,53000,34000,41,0,17800,Irrégulière,2,73.1,1.0,0,0,1,Incident de paiement signale ailleurs,0,0,Santé,273000,9,Aval d'un tiers,1.28,0
CSWA-02484,34,Homme,Rurale,Célibataire,Aucun,4,Commerce informel,8.5,128000,68000,88,1,155800,Régulière,2,65.1,6.0,1,7,1,Jamais emprunté ailleurs,0,0,Equipement/Matériel,415000,3,Bien matériel,1.74,0
CSWA-02485,35,Femme,Semi-urbaine,Marié(e),Supérieur,4,Transport,8.2,64000,23000,134,1,48600,Régulière,2,85.3,3.0,1,3,1,Jamais emprunté ailleurs,0,0,Intrants agricoles,253000,24,Caution solidaire,0.54,0
CSWA-02486,35,Homme,Semi-urbaine,Célibataire,Supérieur,1,Commerce informel,3.5,126000,75000,97,0,122700,Aucune épargne,1,90.1,2.0,1,13,1,Jamais emprunté ailleurs,0,0,Fonds de commerce,324000,36,Aucune,0.68,0
CSWA-02487,30,Femme,Semi-urbaine,Marié(e),Primaire,3,Commerce informel,4.2,75000,47000,110,1,16600,Irrégulière,1,94.5,10.0,0,0,1,Bon payeur ailleurs (solde sans incident),0,0,Habitat/Réparation,325000,6,Caution solidaire,1.44,0
CSWA-02488,21,Homme,Urbaine,Marié(e),Supérieur,2,Transport,4.2,46000,24000,55,1,16600,Irrégulière,1,78.2,3.0,1,13,1,Bon payeur ailleurs (solde sans incident),0,0,Elevage,154000,12,Caution solidaire,0.83,0
CSWA-02489,43,Homme,Semi-urbaine,Veuf(ve),Primaire,1,Salarié secteur formel,6.5,166000,110000,85,0,196900,Irrégulière,5,78.6,6.0,1,16,1,Incident de paiement signale ailleurs,0,0,Education,483000,6,Aval d'un tiers,1.21,1
CSWA-02490,35,Femme,Rurale,Marié(e),Primaire,4,Restauration/Transformation,20.0,66000,49000,70,1,53300,Régulière,3,82.8,9.0,1,8,1,Jamais emprunté ailleurs,0,0,Intrants agricoles,78000,18,Aucune,0.82,0
CSWA-02491,35,Femme,Urbaine,Marié(e),Primaire,1,Commerce informel,6.3,88000,32000,90,0,110600,Irrégulière,2,79.4,2.0,1,10,1,Jamais emprunté ailleurs,0,0,Equipement/Matériel,405000,6,Caution solidaire,1.22,0
CSWA-02492,31,Femme,Semi-urbaine,Marié(e),Aucun,3,Elevage,4.0,101000,76000,36,0,8100,Aucune épargne,1,68.9,10.0,1,8,1,Bon payeur ailleurs (solde sans incident),0,0,Intrants agricoles,103000,6,Caution solidaire,0.94,1
CSWA-02493,62,Femme,Rurale,Marié(e),Primaire,2,Autre service,6.6,181000,117000,117,1,151900,Régulière,1,93.5,4.0,1,12,1,Pret en cours ailleurs,1,98000,Elevage,695000,24,Aval d'un tiers,0.87,0
CSWA-02494,47,Homme,Semi-urbaine,Célibataire,Secondaire,3,Elevage,2.6,64000,33000,128,0,65800,Régulière,4,95.2,2.0,1,6,1,Jamais emprunté ailleurs,0,0,Equipement/Matériel,340000,12,Aval d'un tiers,1.01,0
CSWA-02495,38,Homme,Rurale,Célibataire,Aucun,3,Fonctionnaire,3.3,116000,81000,137,0,27300,Régulière,2,73.2,3.0,0,0,1,Jamais emprunté ailleurs,0,0,Equipement/Matériel,369000,6,Aucune,1.29,0
CSWA-02496,28,Homme,Rurale,Veuf(ve),Aucun,5,Restauration/Transformation,12.6,200000,140000,43,0,68600,Aucune épargne,0,,,1,9,1,Incident de paiement signale ailleurs,0,0,Intrants agricoles,278000,9,Bien matériel,0.87,1
CSWA-02497,56,Femme,Urbaine,Marié(e),Secondaire,2,Salarié secteur formel,4.7,153000,112000,76,0,68600,Irrégulière,3,69.9,1.0,1,8,1,Jamais emprunté ailleurs,0,0,Intrants agricoles,235000,12,Bien matériel,0.88,0
CSWA-02498,60,Femme,Semi-urbaine,Marié(e),Secondaire,5,Commerce informel,3.2,60000,33000,77,1,2100,Irrégulière,2,79.2,8.0,1,12,0,Non consulté,0,0,Fonds de commerce,209000,6,Aval d'un tiers,1.2,0
CSWA-02499,20,Femme,Rurale,Marié(e),Supérieur,2,Fonctionnaire,2.4,164000,105000,159,0,50400,Régulière,1,79.4,2.0,1,13,1,Bon payeur ailleurs (solde sans incident),0,0,Intrants agricoles,314000,9,Bien matériel,0.88,0
CSWA-02500,62,Femme,Urbaine,Marié(e),Aucun,2,Salarié secteur formel,5.3,130000,76000,167,0,162800,Régulière,0,,,1,10,1,Pret en cours ailleurs,2,323000,Habitat/Réparation,240000,3,Caution solidaire,1.5,0
CSWA-02501,51,Homme,Urbaine,Célibataire,Secondaire,4,Transport,2.5,70000,37000,87,1,11700,Régulière,0,,,1,9,1,Incident de paiement signale ailleurs,0,0,Equipement/Matériel,378000,24,Aucune,0.78,0
CSWA-02502,23,Femme,Semi-urbaine,Marié(e),Aucun,1,Fonctionnaire,10.4,127000,53000,74,0,58200,Irrégulière,2,75.6,3.0,1,9,0,Non consulté,0,0,Fonds de commerce,446000,12,Bien matériel,0.74,0
CSWA-02503,54,Femme,Urbaine,Marié(e),Aucun,3,Transport,8.2,47000,38000,4,0,6300,Régulière,1,84.9,21.0,1,12,1,Jamais emprunté ailleurs,0,0,Evénement social,210000,36,Bien matériel,0.95,0
CSWA-02504,24,Femme,Rurale,Veuf(ve),Secondaire,3,Artisanat,3.9,37000,15000,61,1,15300,Aucune épargne,3,63.4,4.0,1,10,1,Jamais emprunté ailleurs,0,0,Habitat/Réparation,129000,3,Bien matériel,1.71,1
CSWA-02505,21,Homme,Rurale,Marié(e),Primaire,7,Restauration/Transformation,14.2,159000,107000,13,0,17800,Irrégulière,2,88.8,0.0,1,10,1,Pret en cours ailleurs,3,148000,Equipement/Matériel,611000,12,Aval d'un tiers,1.12,0
CSWA-02506,24,Homme,Urbaine,Marié(e),Secondaire,0,Salarié secteur formel,4.2,160000,88000,77,1,79500,Régulière,1,87.5,4.0,1,9,1,Bon payeur ailleurs (solde sans incident),0,0,Fonds de commerce,180000,18,Aucune,0.62,0
CSWA-02507,40,Homme,Rurale,Célibataire,Aucun,3,Restauration/Transformation,4.7,96000,73000,70,1,12800,Régulière,1,93.1,9.0,0,0,1,Bon payeur ailleurs (solde sans incident),0,0,Education,481000,9,Bien matériel,1.38,0
CSWA-02508,48,Homme,Urbaine,Marié(e),Aucun,2,Artisanat,3.4,115000,67000,45,0,63100,Régulière,1,82.7,1.0,0,0,1,Bon payeur ailleurs (solde sans incident),0,0,Habitat/Réparation,627000,9,Caution solidaire,1.26,0
CSWA-02509,38,Femme,Semi-urbaine,Célibataire,Primaire,6,Artisanat,7.8,31000,14000,176,0,60600,Régulière,1,44.8,10.0,1,8,1,Pret en cours ailleurs,1,186000,Santé,150000,6,Caution solidaire,1.89,0
CSWA-02510,24,Homme,Semi-urbaine,Célibataire,Aucun,3,Salarié secteur formel,2.6,136000,58000,132,0,123000,Aucune épargne,1,95.0,7.0,1,9,1,Incident de paiement signale ailleurs,0,0,Fonds de commerce,408000,3,Aucune,1.55,1
CSWA-02511,28,Femme,Urbaine,Marié(e),Aucun,4,Commerce informel,4.0,59000,32000,116,0,21400,Aucune épargne,3,45.6,15.0,1,9,1,Pret en cours ailleurs,1,112000,Fonds de commerce,155000,12,Aval d'un tiers,0.96,0
CSWA-02512,59,Femme,Rurale,Marié(e),Aucun,5,Restauration/Transformation,3.6,230000,142000,123,0,312700,Régulière,3,97.3,6.0,1,8,1,Incident de paiement signale ailleurs,0,0,Santé,490000,12,Caution solidaire,0.82,0
CSWA-02513,64,Femme,Rurale,Marié(e),Primaire,3,Artisanat,6.3,52000,35000,63,0,16900,Régulière,2,73.7,29.0,1,6,1,Jamais emprunté ailleurs,0,0,Fonds de commerce,154000,36,Aval d'un tiers,0.77,0
CSWA-02514,54,Homme,Semi-urbaine,Célibataire,Secondaire,7,Salarié secteur formel,2.2,184000,142000,46,1,63300,Régulière,3,94.2,3.0,1,15,0,Non consulté,0,0,Fonds de commerce,430000,6,Caution solidaire,1.21,0
CSWA-02515,23,Homme,Rurale,Marié(e),Aucun,4,Commerce informel,5.0,211000,113000,154,1,132600,Irrégulière,3,92.4,1.0,0,0,1,Jamais emprunté ailleurs,0,0,Equipement/Matériel,839000,12,Caution solidaire,0.91,0
CSWA-02516,57,Homme,Rurale,Célibataire,Primaire,2,Elevage,10.4,62000,46000,76,1,30700,Irrégulière,2,94.8,37.0,1,9,1,Incident de paiement signale ailleurs,0,0,Elevage,338000,24,Bien matériel,1.0,0
CSWA-02517,51,Femme,Semi-urbaine,Marié(e),Primaire,5,Commerce informel,2.4,73000,34000,129,0,129100,Régulière,0,,,1,7,1,Bon payeur ailleurs (solde sans incident),0,0,Elevage,120000,24,Aucune,0.54,0
CSWA-02518,43,Homme,Urbaine,Marié(e),Primaire,4,Restauration/Transformation,8.0,68000,54000,96,1,30800,Régulière,2,92.6,13.0,1,12,1,Jamais emprunté ailleurs,0,0,Santé,209000,18,Aval d'un tiers,0.99,0
CSWA-02519,25,Femme,Rurale,Marié(e),Primaire,4,Transport,9.0,186000,74000,4,0,10100,Régulière,2,79.9,2.0,1,7,1,Bon payeur ailleurs (solde sans incident),0,0,Santé,844000,6,Aval d'un tiers,1.24,0
CSWA-02520,65,Homme,Urbaine,Marié(e),Secondaire,6,Artisanat,4.9,89000,67000,157,0,108700,Irrégulière,0,,,0,0,0,Non consulté,0,0,Evénement social,282000,12,Aval d'un tiers,1.05,0
CSWA-02521,39,Homme,Rurale,Marié(e),Secondaire,4,Artisanat,1.1,108000,52000,4,1,4400,Régulière,1,44.4,12.0,1,4,1,Jamais emprunté ailleurs,0,0,Elevage,372000,6,Bien matériel,1.12,0
CSWA-02522,21,Homme,Urbaine,Marié(e),Aucun,0,Agriculture,7.9,75000,51000,61,1,66500,Irrégulière,2,77.8,7.0,1,10,1,Bon payeur ailleurs (solde sans incident),0,0,Equipement/Matériel,373000,36,Aval d'un tiers,0.83,0
CSWA-02523,28,Femme,Semi-urbaine,Veuf(ve),Secondaire,3,Artisanat,10.2,105000,65000,136,1,26700,Régulière,4,95.9,1.0,1,4,0,Non consulté,0,0,Fonds de commerce,461000,9,Aucune,1.17,0
CSWA-02524,37,Femme,Rurale,Marié(e),Aucun,5,Salarié secteur formel,13.6,58000,37000,105,0,13000,Régulière,0,,,1,14,1,Bon payeur ailleurs (solde sans incident),0,0,Elevage,63000,6,Aucune,0.84,0
CSWA-02525,21,Femme,Urbaine,Célibataire,Primaire,5,Restauration/Transformation,5.7,58000,49000,149,1,82500,Irrégulière,2,89.7,3.0,1,10,1,Jamais emprunté ailleurs,0,0,Equipement/Matériel,57000,6,Aval d'un tiers,1.03,0
CSWA-02526,34,Femme,Semi-urbaine,Marié(e),Primaire,2,Commerce informel,1.6,214000,139000,170,1,337100,Irrégulière,2,74.9,12.0,0,0,0,Non consulté,0,0,Fonds de commerce,361000,18,Aval d'un tiers,0.75,0
CSWA-02527,41,Femme,Semi-urbaine,Célibataire,Aucun,3,Elevage,7.8,72000,33000,128,0,41500,Aucune épargne,0,,,1,14,0,Non consulté,0,0,Fonds de commerce,214000,12,Aucune,0.74,0
CSWA-02528,63,Femme,Rurale,Marié(e),Aucun,3,Restauration/Transformation,1.8,142000,79000,47,0,9700,Régulière,2,86.1,2.0,0,0,1,Jamais emprunté ailleurs,0,0,Intrants agricoles,305000,12,Bien matériel,0.76,0
CSWA-02529,23,Homme,Rurale,Célibataire,Aucun,2,Elevage,7.1,40000,16000,1,1,1000,Régulière,0,,,1,7,1,Bon payeur ailleurs (solde sans incident),0,0,Habitat/Réparation,71000,12,Aucune,0.56,0
CSWA-02530,46,Femme,Urbaine,Marié(e),Aucun,6,Artisanat,8.6,118000,61000,132,1,56000,Irrégulière,0,,,1,7,0,Non consulté,0,0,Equipement/Matériel,543000,12,Caution solidaire,0.95,0
CSWA-02531,62,Femme,Rurale,Marié(e),Primaire,1,Fonctionnaire,10.6,170000,84000,58,1,61100,Régulière,0,,,1,6,0,Non consulté,0,0,Fonds de commerce,559000,12,Caution solidaire,0.8,0
CSWA-02532,56,Homme,Urbaine,Marié(e),Aucun,4,Salarié secteur formel,4.0,219000,147000,118,1,220900,Régulière,3,84.2,0.0,1,5,1,Pret en cours ailleurs,3,194000,Education,1171000,12,Bien matériel,1.25,0
CSWA-02533,62,Femme,Urbaine,Marié(e),Secondaire,3,Commerce informel,2.9,146000,118000,92,1,126500,Régulière,2,91.2,9.0,1,7,1,Jamais emprunté ailleurs,0,0,Santé,669000,9,Bien matériel,1.38,0
CSWA-02534,27,Femme,Semi-urbaine,Marié(e),Secondaire,3,Elevage,5.7,55000,27000,27,0,15600,Irrégulière,1,44.7,3.0,1,12,1,Bon payeur ailleurs (solde sans incident),0,0,Habitat/Réparation,301000,36,Caution solidaire,0.66,0
CSWA-02535,56,Femme,Rurale,Marié(e),Aucun,0,Artisanat,2.2,105000,81000,66,0,7300,Régulière,2,91.3,0.0,1,12,1,Jamais emprunté ailleurs,0,0,Habitat/Réparation,276000,18,Aucune,0.94,0
CSWA-02536,64,Homme,Urbaine,Divorcé(e),Aucun,1,Salarié secteur formel,4.3,122000,96000,178,0,181400,Régulière,1,86.2,12.0,1,11,1,Jamais emprunté ailleurs,0,0,Education,140000,18,Caution solidaire,0.86,0
CSWA-02537,34,Femme,Urbaine,Marié(e),Primaire,7,Commerce informel,3.6,88000,59000,58,0,5000,Régulière,3,79.2,9.0,1,3,1,Bon payeur ailleurs (solde sans incident),0,0,Elevage,398000,9,Bien matériel,1.23,0
CSWA-02538,42,Femme,Semi-urbaine,Marié(e),Secondaire,4,Commerce informel,9.5,52000,36000,141,1,72500,Irrégulière,2,82.8,1.0,1,4,1,Jamais emprunté ailleurs,0,0,Intrants agricoles,145000,18,Bien matériel,0.87,0
CSWA-02539,43,Homme,Urbaine,Célibataire,Primaire,2,Artisanat,12.0,78000,58000,126,0,49200,Régulière,3,81.3,0.0,1,12,1,Jamais emprunté ailleurs,0,0,Education,147000,3,Caution solidaire,1.45,0
CSWA-02540,42,Homme,Urbaine,Célibataire,Aucun,5,Elevage,7.5,173000,93000,78,1,124800,Irrégulière,2,94.5,0.0,1,9,0,Non consulté,0,0,Intrants agricoles,531000,3,Aucune,1.68,0
CSWA-02541,32,Homme,Urbaine,Marié(e),Supérieur,4,Commerce informel,8.8,210000,177000,137,1,210900,Aucune épargne,1,93.9,8.0,0,0,1,Pret en cours ailleurs,2,77000,Intrants agricoles,1067000,18,Caution solidaire,1.19,1
CSWA-02542,64,Homme,Urbaine,Marié(e),Primaire,2,Fonctionnaire,5.8,207000,112000,101,1,257000,Régulière,1,65.5,2.0,1,10,1,Pret en cours ailleurs,1,109000,Habitat/Réparation,488000,12,Bien matériel,0.81,0
CSWA-02543,63,Femme,Urbaine,Marié(e),Primaire,2,Agriculture,5.5,160000,63000,113,0,32000,Irrégulière,2,89.8,1.0,1,15,1,Jamais emprunté ailleurs,0,0,Habitat/Réparation,586000,12,Aval d'un tiers,0.74,0
CSWA-02544,36,Femme,Semi-urbaine,Marié(e),Secondaire,3,Commerce informel,1.8,174000,125000,65,0,92400,Irrégulière,5,57.4,24.0,1,12,1,Pret en cours ailleurs,1,84000,Fonds de commerce,432000,12,Aucune,0.99,1
CSWA-02545,56,Homme,Urbaine,Marié(e),Supérieur,3,Commerce informel,6.7,97000,50000,170,0,80900,Régulière,2,96.5,4.0,0,0,0,Non consulté,0,0,Intrants agricoles,485000,6,Caution solidaire,1.45,0
CSWA-02546,37,Homme,Rurale,Célibataire,Primaire,2,Commerce informel,8.5,171000,62000,48,0,4300,Aucune épargne,1,50.9,4.0,1,8,0,Non consulté,0,0,Santé,708000,12,Bien matériel,0.75,0
CSWA-02547,56,Femme,Rurale,Célibataire,Primaire,3,Commerce informel,4.6,64000,28000,97,1,51100,Irrégulière,6,90.3,8.0,1,8,1,Bon payeur ailleurs (solde sans incident),0,0,Equipement/Matériel,197000,6,Aucune,1.01,1
CSWA-02548,46,Homme,Rurale,Marié(e),Primaire,4,Agriculture,4.8,61000,33000,162,0,116700,Irrégulière,0,,,0,0,1,Jamais emprunté ailleurs,0,0,Fonds de commerce,226000,12,Caution solidaire,0.89,0
CSWA-02549,41,Femme,Rurale,Marié(e),Aucun,2,Commerce informel,1.2,61000,28000,128,1,72900,Régulière,2,88.3,3.0,1,5,1,Bon payeur ailleurs (solde sans incident),0,0,Habitat/Réparation,51000,9,Caution solidaire,0.56,0
CSWA-02550,25,Homme,Rurale,Marié(e),Primaire,4,Artisanat,4.8,120000,50000,106,1,13000,Irrégulière,2,70.6,6.0,1,3,1,Jamais emprunté ailleurs,0,0,Fonds de commerce,195000,18,Bien matériel,0.52,0
CSWA-02551,49,Homme,Rurale,Marié(e),Aucun,4,Agriculture,9.5,77000,33000,15,1,11400,Régulière,1,64.3,1.0,1,13,1,Jamais emprunté ailleurs,0,0,Elevage,318000,12,Aval d'un tiers,0.81,0
CSWA-02552,34,Femme,Rurale,Marié(e),Secondaire,3,Artisanat,6.5,55000,36000,67,1,40000,Régulière,2,57.7,2.0,1,6,1,Pret en cours ailleurs,1,309000,Intrants agricoles,51000,9,Aucune,1.27,1
CSWA-02553,29,Homme,Semi-urbaine,Célibataire,Secondaire,0,Autre service,5.2,56000,23000,81,0,6300,Régulière,4,51.6,3.0,1,3,1,Pret en cours ailleurs,1,86000,Habitat/Réparation,112000,12,Caution solidaire,0.74,0
CSWA-02554,28,Femme,Rurale,Marié(e),Supérieur,3,Autre service,2.6,81000,60000,154,0,74700,Régulière,1,77.0,6.0,1,7,0,Non consulté,0,0,Education,145000,12,Aucune,0.91,1
CSWA-02555,65,Homme,Semi-urbaine,Veuf(ve),Secondaire,1,Agriculture,4.0,51000,39000,154,0,37000,Régulière,1,65.5,2.0,1,6,1,Pret en cours ailleurs,3,273000,Equipement/Matériel,213000,9,Aucune,1.77,0
CSWA-02556,23,Femme,Urbaine,Marié(e),Aucun,3,Agriculture,3.5,117000,83000,80,0,106000,Aucune épargne,1,93.3,26.0,1,11,1,Jamais emprunté ailleurs,0,0,Fonds de commerce,131000,12,Caution solidaire,0.81,0
CSWA-02557,56,Femme,Rurale,Marié(e),Aucun,3,Restauration/Transformation,2.8,156000,74000,64,1,57200,Aucune épargne,2,77.9,3.0,1,11,1,Incident de paiement signale ailleurs,0,0,Intrants agricoles,577000,3,Caution solidaire,1.86,0
CSWA-02558,59,Femme,Rurale,Marié(e),Primaire,0,Agriculture,6.5,138000,88000,34,0,15900,Régulière,2,68.4,3.0,1,9,0,Non consulté,0,0,Equipement/Matériel,469000,18,Bien matériel,0.85,0
CSWA-02559,20,Homme,Urbaine,Marié(e),Aucun,1,Transport,4.1,401000,153000,87,1,283400,Régulière,2,65.7,3.0,1,7,1,Bon payeur ailleurs (solde sans incident),0,0,Intrants agricoles,977000,24,Bien matériel,0.5,0
CSWA-02560,46,Femme,Semi-urbaine,Marié(e),Aucun,1,Artisanat,9.0,101000,83000,28,1,32400,Régulière,0,,,1,9,0,Non consulté,0,0,Education,208000,12,Caution solidaire,1.01,1
CSWA-02561,46,Femme,Urbaine,Marié(e),Secondaire,4,Commerce informel,5.2,205000,73000,30,0,37400,Régulière,2,79.1,15.0,1,9,1,Bon payeur ailleurs (solde sans incident),0,0,Equipement/Matériel,256000,6,Aval d'un tiers,0.59,0
CSWA-02562,35,Homme,Urbaine,Marié(e),Primaire,6,Agriculture,14.5,89000,41000,170,0,204000,Régulière,0,,,0,0,1,Jamais emprunté ailleurs,0,0,Intrants agricoles,402000,3,Bien matériel,2.15,0
CSWA-02563,50,Homme,Semi-urbaine,Célibataire,Aucun,6,Salarié secteur formel,4.0,178000,70000,97,0,170600,Irrégulière,4,85.0,3.0,1,7,1,Pret en cours ailleurs,3,160000,Intrants agricoles,700000,18,Aval d'un tiers,0.72,0
CSWA-02564,38,Femme,Urbaine,Veuf(ve),Primaire,1,Artisanat,10.3,86000,73000,69,1,12100,Régulière,0,,,1,13,1,Bon payeur ailleurs (solde sans incident),0,0,Fonds de commerce,259000,12,Aucune,1.13,0
CSWA-02565,39,Homme,Rurale,Marié(e),Supérieur,3,Restauration/Transformation,11.5,89000,33000,76,0,99100,Irrégulière,2,66.5,9.0,1,5,1,Jamais emprunté ailleurs,0,0,Intrants agricoles,113000,9,Aval d'un tiers,0.53,0
CSWA-02566,39,Femme,Urbaine,Marié(e),Secondaire,5,Restauration/Transformation,3.8,76000,27000,72,0,59900,Aucune épargne,2,75.6,6.0,1,8,1,Jamais emprunté ailleurs,0,0,Fonds de commerce,203000,6,Aucune,0.85,0
CSWA-02567,56,Femme,Semi-urbaine,Marié(e),Aucun,1,Elevage,5.0,45000,18000,152,1,26000,Régulière,2,51.7,10.0,1,15,1,Jamais emprunté ailleurs,0,0,Intrants agricoles,45000,6,Bien matériel,0.59,0
CSWA-02568,48,Homme,Rurale,Marié(e),Primaire,4,Commerce informel,4.3,47000,37000,97,1,22200,Irrégulière,2,80.1,2.0,1,11,1,Jamais emprunté ailleurs,0,0,Habitat/Réparation,154000,24,Aval d'un tiers,0.94,0
CSWA-02569,36,Femme,Rurale,Divorcé(e),Supérieur,2,Artisanat,3.7,151000,83000,117,1,128200,Régulière,2,70.8,0.0,0,0,0,Non consulté,0,0,Fonds de commerce,138000,6,Bien matériel,0.72,1
CSWA-02570,62,Femme,Semi-urbaine,Marié(e),Aucun,2,Commerce informel,7.6,128000,105000,104,1,8700,Irrégulière,0,,,1,10,1,Incident de paiement signale ailleurs,0,0,Intrants agricoles,477000,24,Aucune,0.99,0
CSWA-02571,56,Homme,Rurale,Célibataire,Secondaire,5,Artisanat,8.2,215000,178000,102,1,295200,Régulière,1,88.7,6.0,1,5,0,Non consulté,0,0,Habitat/Réparation,744000,6,Bien matériel,1.47,0
CSWA-02572,62,Femme,Semi-urbaine,Veuf(ve),Secondaire,4,Commerce informel,3.5,65000,46000,78,1,7700,Irrégulière,0,,,1,5,1,Bon payeur ailleurs (solde sans incident),0,0,Fonds de commerce,292000,6,Caution solidaire,1.55,0
CSWA-02573,53,Homme,Semi-urbaine,Célibataire,Secondaire,1,Fonctionnaire,3.4,140000,61000,139,1,55400,Régulière,0,,,0,0,1,Bon payeur ailleurs (solde sans incident),0,0,Education,603000,9,Caution solidaire,0.97,0
CSWA-02574,37,Homme,Rurale,Marié(e),Aucun,1,Restauration/Transformation,5.3,43000,36000,169,1,59600,Aucune épargne,2,83.8,1.0,1,8,1,Bon payeur ailleurs (solde sans incident),0,0,Santé,216000,6,Aval d'un tiers,1.77,0
CSWA-02575,55,Femme,Semi-urbaine,Marié(e),Supérieur,3,Commerce informel,5.2,144000,82000,63,0,109100,Régulière,0,,,1,9,1,Bon payeur ailleurs (solde sans incident),0,0,Santé,741000,12,Caution solidaire,1.05,0
CSWA-02576,34,Homme,Rurale,Marié(e),Primaire,2,Transport,1.8,49000,29000,60,0,41400,Régulière,1,88.1,6.0,1,10,1,Pret en cours ailleurs,1,370000,Education,258000,12,Aucune,1.76,0
CSWA-02577,31,Femme,Urbaine,Marié(e),Aucun,1,Restauration/Transformation,7.8,79000,53000,138,1,22100,Régulière,2,74.8,8.0,1,9,1,Bon payeur ailleurs (solde sans incident),0,0,Santé,344000,9,Bien matériel,1.21,0
CSWA-02578,40,Homme,Urbaine,Divorcé(e),Aucun,6,Restauration/Transformation,1.7,96000,68000,21,0,1100,Régulière,3,95.7,5.0,0,0,1,Jamais emprunté ailleurs,0,0,Equipement/Matériel,292000,12,Caution solidaire,0.99,0
CSWA-02579,64,Femme,Rurale,Marié(e),Primaire,8,Agriculture,3.2,34000,28000,82,1,29500,Irrégulière,1,56.5,9.0,0,0,0,Non consulté,0,0,Fonds de commerce,145000,9,Bien matériel,1.35,0
CSWA-02580,45,Homme,Urbaine,Marié(e),Aucun,3,Elevage,5.9,124000,104000,180,0,96000,Aucune épargne,3,87.7,3.0,1,8,1,Jamais emprunté ailleurs,0,0,Education,200000,6,Bien matériel,1.14,1
CSWA-02581,37,Femme,Rurale,Marié(e),Secondaire,3,Artisanat,7.7,141000,79000,126,0,40400,Irrégulière,1,66.5,1.0,0,0,1,Jamais emprunté ailleurs,0,0,Fonds de commerce,341000,18,Caution solidaire,0.71,0
CSWA-02582,40,Femme,Urbaine,Marié(e),Secondaire,4,Agriculture,3.1,94000,40000,40,0,1500,Irrégulière,2,49.1,9.0,1,10,1,Jamais emprunté ailleurs,0,0,Intrants agricoles,312000,12,Caution solidaire,0.74,0
CSWA-02583,32,Femme,Rurale,Marié(e),Aucun,3,Artisanat,4.9,77000,62000,74,1,82500,Irrégulière,2,57.1,9.0,1,14,1,Bon payeur ailleurs (solde sans incident),0,0,Evénement social,206000,3,Caution solidaire,1.8,0
CSWA-02584,49,Femme,Urbaine,Célibataire,Secondaire,3,Commerce informel,4.1,79000,32000,171,0,149900,Régulière,2,92.2,15.0,1,10,1,Jamais emprunté ailleurs,0,0,Santé,88000,3,Bien matériel,0.82,0
CSWA-02585,35,Femme,Semi-urbaine,Célibataire,Supérieur,1,Salarié secteur formel,0.7,82000,51000,95,0,41800,Aucune épargne,1,55.5,5.0,1,9,1,Bon payeur ailleurs (solde sans incident),0,0,Equipement/Matériel,233000,3,Caution solidaire,1.68,0
CSWA-02586,45,Femme,Urbaine,Marié(e),Aucun,4,Autre service,4.2,83000,36000,153,1,115600,Aucune épargne,1,77.3,17.0,0,0,1,Incident de paiement signale ailleurs,0,0,Fonds de commerce,227000,12,Caution solidaire,0.69,1
CSWA-02587,36,Femme,Urbaine,Marié(e),Secondaire,4,Agriculture,2.7,80000,42000,147,1,157500,Régulière,1,78.1,2.0,0,0,0,Non consulté,0,0,Habitat/Réparation,279000,12,Caution solidaire,0.85,0
CSWA-02588,34,Femme,Rurale,Marié(e),Supérieur,5,Agriculture,5.2,55000,34000,140,1,105500,Régulière,1,65.5,5.0,0,0,1,Jamais emprunté ailleurs,0,0,Education,113000,12,Caution solidaire,0.81,0
CSWA-02589,64,Femme,Rurale,Marié(e),Secondaire,1,Commerce informel,2.4,20000,14000,117,1,19100,Irrégulière,0,,,0,0,0,Non consulté,0,0,Intrants agricoles,106000,6,Bien matériel,1.69,1
CSWA-02590,35,Femme,Rurale,Célibataire,Primaire,3,Salarié secteur formel,4.0,167000,140000,24,1,56500,Aucune épargne,3,93.7,5.0,1,8,1,Jamais emprunté ailleurs,0,0,Habitat/Réparation,370000,6,Aucune,1.25,1
CSWA-02591,22,Homme,Rurale,Célibataire,Secondaire,5,Commerce informel,4.9,81000,66000,53,1,49100,Irrégulière,3,96.9,2.0,1,8,1,Jamais emprunté ailleurs,0,0,Fonds de commerce,79000,36,Aucune,0.85,0
CSWA-02592,36,Femme,Urbaine,Veuf(ve),Secondaire,4,Transport,5.5,50000,31000,7,0,3800,Régulière,1,62.9,29.0,1,11,0,Non consulté,0,0,Intrants agricoles,184000,3,Aval d'un tiers,1.99,0
CSWA-02593,44,Femme,Semi-urbaine,Célibataire,Aucun,2,Salarié secteur formel,4.6,191000,97000,79,0,89400,Régulière,1,81.7,0.0,1,9,1,Jamais emprunté ailleurs,0,0,Elevage,157000,12,Caution solidaire,0.58,0
CSWA-02594,23,Homme,Rurale,Marié(e),Aucun,3,Agriculture,10.1,103000,64000,31,0,44900,Régulière,0,,,0,0,1,Jamais emprunté ailleurs,0,0,Intrants agricoles,458000,3,Aucune,2.28,0
CSWA-02595,33,Homme,Urbaine,Célibataire,Primaire,3,Transport,6.1,72000,38000,109,0,25000,Aucune épargne,1,65.6,10.0,0,0,1,Jamais emprunté ailleurs,0,0,Intrants agricoles,320000,9,Caution solidaire,1.08,0
CSWA-02596,26,Femme,Semi-urbaine,Célibataire,Primaire,0,Agriculture,7.3,141000,82000,73,1,85600,Irrégulière,2,47.0,5.0,1,9,1,Pret en cours ailleurs,1,114000,Equipement/Matériel,273000,12,Caution solidaire,0.84,0
CSWA-02597,42,Femme,Rurale,Divorcé(e),Primaire,5,Agriculture,4.9,99000,80000,170,1,38400,Aucune épargne,1,69.0,13.0,0,0,1,Bon payeur ailleurs (solde sans incident),0,0,Santé,257000,6,Caution solidaire,1.29,0
CSWA-02598,52,Homme,Rurale,Marié(e),Aucun,4,Salarié secteur formel,0.3,134000,81000,143,0,43900,Régulière,1,89.4,5.0,0,0,1,Jamais emprunté ailleurs,0,0,Education,440000,36,Bien matériel,0.71,0
CSWA-02599,64,Homme,Rurale,Célibataire,Secondaire,0,Agriculture,2.3,58000,22000,41,1,2900,Régulière,0,,,0,0,1,Pret en cours ailleurs,1,83000,Intrants agricoles,179000,12,Bien matériel,0.8,0
CSWA-02600,37,Homme,Rurale,Marié(e),Secondaire,1,Commerce informel,2.0,119000,82000,71,0,41200,Irrégulière,2,89.4,15.0,0,0,1,Pret en cours ailleurs,1,231000,Equipement/Matériel,375000,6,Aval d'un tiers,1.45,0
CSWA-02601,59,Femme,Rurale,Célibataire,Primaire,1,Artisanat,4.5,136000,67000,76,0,124600,Régulière,3,88.6,29.0,0,0,1,Bon payeur ailleurs (solde sans incident),0,0,Evénement social,350000,3,Aval d'un tiers,1.45,0
CSWA-02602,29,Femme,Urbaine,Veuf(ve),Aucun,1,Restauration/Transformation,11.3,58000,27000,6,0,1600,Régulière,3,77.0,10.0,1,10,1,Jamais emprunté ailleurs,0,0,Habitat/Réparation,78000,12,Caution solidaire,0.59,0
CSWA-02603,55,Femme,Urbaine,Veuf(ve),Aucun,0,Artisanat,6.0,29000,21000,131,1,47600,Aucune épargne,0,,,1,14,1,Bon payeur ailleurs (solde sans incident),0,0,Fonds de commerce,41000,12,Aucune,0.86,1
CSWA-02604,45,Femme,Semi-urbaine,Marié(e),Aucun,3,Agriculture,8.7,136000,59000,13,1,26400,Irrégulière,2,83.1,5.0,1,4,0,Non consulté,0,0,Fonds de commerce,389000,6,Bien matériel,0.97,0
CSWA-02605,54,Femme,Rurale,Marié(e),Secondaire,2,Restauration/Transformation,2.9,114000,75000,148,0,135600,Irrégulière,0,,,0,0,1,Incident de paiement signale ailleurs,0,0,Habitat/Réparation,439000,9,Caution solidaire,1.14,1
CSWA-02606,54,Homme,Rurale,Célibataire,Aucun,4,Commerce informel,5.5,128000,97000,83,1,126300,Régulière,1,82.9,3.0,1,12,1,Jamais emprunté ailleurs,0,0,Fonds de commerce,462000,12,Caution solidaire,1.09,1
CSWA-02607,44,Femme,Urbaine,Célibataire,Supérieur,1,Elevage,10.1,83000,42000,82,1,68900,Régulière,1,74.4,4.0,1,4,0,Non consulté,0,0,Equipement/Matériel,132000,18,Aucune,0.6,1
CSWA-02608,31,Homme,Rurale,Veuf(ve),Aucun,5,Commerce informel,8.8,137000,80000,6,1,8700,Aucune épargne,0,,,1,7,1,Bon payeur ailleurs (solde sans incident),0,0,Elevage,723000,24,Bien matériel,0.83,0
CSWA-02609,43,Homme,Urbaine,Marié(e),Aucun,3,Artisanat,3.6,56000,36000,114,0,28800,Régulière,1,63.3,0.0,1,8,1,Bon payeur ailleurs (solde sans incident),0,0,Fonds de commerce,71000,24,Aval d'un tiers,0.7,0
CSWA-02610,57,Femme,Urbaine,Célibataire,Secondaire,0,Transport,4.9,73000,49000,137,0,101800,Irrégulière,1,70.4,2.0,0,0,1,Bon payeur ailleurs (solde sans incident),0,0,Evénement social,308000,6,Caution solidaire,1.46,0
CSWA-02611,64,Femme,Urbaine,Célibataire,Primaire,1,Commerce informel,9.1,45000,38000,75,0,12500,Irrégulière,1,73.7,9.0,1,7,1,Bon payeur ailleurs (solde sans incident),0,0,Education,169000,24,Caution solidaire,1.02,0
CSWA-02612,62,Homme,Rurale,Marié(e),Primaire,2,Commerce informel,3.4,153000,122000,45,1,39500,Irrégulière,1,81.4,13.0,0,0,0,Non consulté,0,0,Equipement/Matériel,774000,9,Bien matériel,1.43,0
CSWA-02613,27,Femme,Rurale,Marié(e),Aucun,5,Transport,4.7,79000,36000,180,0,37000,Aucune épargne,1,71.4,11.0,1,10,1,Incident de paiement signale ailleurs,0,0,Santé,432000,6,Caution solidaire,1.48,1
CSWA-02614,47,Femme,Urbaine,Célibataire,Secondaire,1,Agriculture,1.3,92000,57000,88,1,71300,Régulière,3,53.4,3.0,1,14,1,Jamais emprunté ailleurs,0,0,Habitat/Réparation,74000,6,Caution solidaire,0.77,0
CSWA-02615,23,Homme,Urbaine,Marié(e),Primaire,0,Agriculture,8.3,103000,44000,119,1,33700,Régulière,1,69.1,10.0,1,12,1,Jamais emprunté ailleurs,0,0,Intrants agricoles,272000,12,Bien matériel,0.67,0
CSWA-02616,50,Homme,Rurale,Célibataire,Secondaire,2,Artisanat,8.0,71000,27000,143,0,122800,Irrégulière,0,,,1,8,1,Jamais emprunté ailleurs,0,0,Fonds de commerce,73000,12,Aucune,0.48,0
CSWA-02617,65,Homme,Rurale,Marié(e),Secondaire,3,Elevage,1.5,127000,68000,107,0,99300,Régulière,3,85.2,3.0,1,8,1,Pret en cours ailleurs,1,89000,Fonds de commerce,567000,9,Caution solidaire,1.15,0
CSWA-02618,21,Femme,Rurale,Marié(e),Secondaire,6,Commerce informel,4.7,201000,102000,100,0,217100,Aucune épargne,0,,,0,0,1,Pret en cours ailleurs,2,86000,Habitat/Réparation,664000,18,Bien matériel,0.75,1
CSWA-02619,49,Femme,Urbaine,Marié(e),Secondaire,4,Transport,9.6,139000,88000,124,1,120600,Régulière,1,93.3,9.0,1,9,1,Pret en cours ailleurs,2,240000,Elevage,404000,3,Caution solidaire,1.87,0
CSWA-02620,63,Femme,Rurale,Divorcé(e),Secondaire,2,Commerce informel,2.5,31000,21000,159,1,57600,Irrégulière,0,,,1,10,1,Bon payeur ailleurs (solde sans incident),0,0,Santé,67000,24,Bien matériel,0.78,0
CSWA-02621,58,Homme,Semi-urbaine,Célibataire,Secondaire,2,Salarié secteur formel,6.3,92000,50000,124,1,151900,Régulière,1,95.2,1.0,1,9,1,Bon payeur ailleurs (solde sans incident),0,0,Equipement/Matériel,307000,18,Aucune,0.75,0
CSWA-02622,37,Femme,Rurale,Célibataire,Primaire,6,Transport,4.0,88000,69000,153,0,97000,Irrégulière,3,61.1,1.0,0,0,1,Pret en cours ailleurs,1,177000,Equipement/Matériel,76000,12,Bien matériel,1.05,1
CSWA-02623,23,Femme,Urbaine,Célibataire,Secondaire,0,Commerce informel,9.5,160000,123000,51,1,46900,Régulière,2,58.6,7.0,0,0,1,Jamais emprunté ailleurs,0,0,Habitat/Réparation,562000,6,Caution solidaire,1.42,0
CSWA-02624,62,Femme,Rurale,Marié(e),Secondaire,4,Restauration/Transformation,1.2,60000,43000,32,1,20900,Régulière,5,89.0,0.0,1,7,1,Jamais emprunté ailleurs,0,0,Fonds de commerce,77000,18,Aucune,0.8,1
CSWA-02625,62,Homme,Urbaine,Veuf(ve),Aucun,2,Restauration/Transformation,1.3,46000,24000,19,0,12700,Aucune épargne,0,,,1,12,1,Incident de paiement signale ailleurs,0,0,Education,197000,18,Caution solidaire,0.79,0
CSWA-02626,46,Femme,Urbaine,Marié(e),Secondaire,6,Autre service,3.4,128000,60000,5,0,3400,Irrégulière,3,41.0,8.0,1,9,0,Non consulté,0,0,Fonds de commerce,660000,6,Aucune,1.43,0
CSWA-02627,65,Femme,Urbaine,Marié(e),Aucun,7,Restauration/Transformation,5.4,80000,33000,81,1,73100,Irrégulière,0,,,1,5,0,Non consulté,0,0,Santé,93000,3,Aval d'un tiers,0.85,0
CSWA-02628,19,Homme,Semi-urbaine,Marié(e),Primaire,6,Agriculture,5.4,57000,27000,156,0,3400,Aucune épargne,2,53.7,36.0,1,6,1,Bon payeur ailleurs (solde sans incident),0,0,Habitat/Réparation,92000,3,Aucune,1.08,1
CSWA-02629,47,Homme,Rurale,Marié(e),Aucun,5,Artisanat,1.6,70000,58000,12,0,12400,Régulière,1,75.2,6.0,0,0,0,Non consulté,0,0,Fonds de commerce,211000,6,Aval d'un tiers,1.39,0
CSWA-02630,20,Homme,Semi-urbaine,Célibataire,Aucun,4,Restauration/Transformation,6.8,37000,21000,119,0,52900,Régulière,2,78.3,4.0,1,9,1,Bon payeur ailleurs (solde sans incident),0,0,Habitat/Réparation,69000,6,Aucune,0.92,0
CSWA-02631,62,Homme,Rurale,Marié(e),Aucun,4,Restauration/Transformation,7.6,89000,50000,145,0,183400,Irrégulière,0,,,1,7,1,Pret en cours ailleurs,1,199000,Fonds de commerce,143000,36,Aucune,0.81,0
CSWA-02632,50,Femme,Rurale,Célibataire,Aucun,3,Elevage,5.5,68000,40000,166,1,21500,Régulière,2,60.9,5.0,1,9,1,Jamais emprunté ailleurs,0,0,Elevage,70000,3,Caution solidaire,0.97,0
CSWA-02633,61,Homme,Urbaine,Divorcé(e),Aucun,5,Salarié secteur formel,9.6,115000,78000,146,0,18200,Irrégulière,0,,,1,4,0,Non consulté,0,0,Equipement/Matériel,353000,6,Aval d'un tiers,1.25,0
CSWA-02634,45,Homme,Rurale,Marié(e),Aucun,5,Commerce informel,7.1,72000,58000,15,0,7300,Irrégulière,2,87.3,2.0,0,0,1,Jamais emprunté ailleurs,0,0,Santé,65000,18,Aucune,0.86,1
CSWA-02635,22,Femme,Urbaine,Marié(e),Primaire,1,Autre service,4.0,82000,33000,28,1,2800,Régulière,7,76.6,22.0,0,0,0,Non consulté,0,0,Education,426000,36,Caution solidaire,0.56,0
CSWA-02636,20,Homme,Rurale,Célibataire,Primaire,5,Agriculture,11.3,63000,48000,178,0,12700,Irrégulière,3,43.0,1.0,1,4,1,Incident de paiement signale ailleurs,0,0,Intrants agricoles,208000,18,Aucune,0.97,1
CSWA-02637,34,Homme,Urbaine,Marié(e),Supérieur,2,Commerce informel,12.4,70000,40000,17,0,2000,Irrégulière,3,75.2,20.0,1,6,1,Jamais emprunté ailleurs,0,0,Evénement social,136000,9,Aucune,0.81,0
CSWA-02638,53,Femme,Rurale,Célibataire,Secondaire,1,Commerce informel,6.4,43000,21000,178,0,9500,Régulière,2,69.6,3.0,1,4,1,Bon payeur ailleurs (solde sans incident),0,0,Santé,138000,18,Bien matériel,0.69,0
CSWA-02639,26,Homme,Rurale,Marié(e),Aucun,3,Fonctionnaire,2.9,202000,126000,170,1,60600,Aucune épargne,2,93.8,2.0,1,11,1,Bon payeur ailleurs (solde sans incident),0,0,Santé,497000,18,Caution solidaire,0.78,1
CSWA-02640,59,Homme,Urbaine,Marié(e),Primaire,5,Transport,9.4,79000,49000,49,0,22100,Régulière,2,78.1,0.0,0,0,0,Non consulté,0,0,Fonds de commerce,76000,12,Aucune,0.71,0
CSWA-02641,30,Homme,Urbaine,Marié(e),Primaire,2,Agriculture,2.2,27000,11000,146,0,30300,Régulière,3,98.7,5.0,1,12,1,Pret en cours ailleurs,1,99000,Equipement/Matériel,30000,36,Bien matériel,0.77,0
CSWA-02642,42,Homme,Semi-urbaine,Marié(e),Primaire,5,Fonctionnaire,3.1,162000,65000,11,1,3300,Irrégulière,1,72.3,5.0,1,11,1,Jamais emprunté ailleurs,0,0,Santé,309000,18,Caution solidaire,0.52,0
CSWA-02643,28,Femme,Urbaine,Marié(e),Primaire,4,Commerce informel,8.7,143000,95000,23,0,32000,Régulière,1,86.3,24.0,1,9,1,Jamais emprunté ailleurs,0,0,Intrants agricoles,370000,12,Aucune,0.91,0
CSWA-02644,40,Homme,Urbaine,Marié(e),Secondaire,4,Commerce informel,2.8,79000,57000,67,0,49000,Régulière,2,84.9,10.0,1,7,1,Bon payeur ailleurs (solde sans incident),0,0,Santé,409000,12,Caution solidaire,1.21,0
CSWA-02645,40,Homme,Urbaine,Marié(e),Secondaire,2,Commerce informel,10.7,80000,53000,42,0,15700,Irrégulière,3,83.3,8.0,1,11,1,Pret en cours ailleurs,2,95000,Education,325000,3,Caution solidaire,2.29,0
CSWA-02646,19,Femme,Urbaine,Veuf(ve),Primaire,1,Agriculture,2.9,81000,43000,79,0,30600,Irrégulière,1,93.5,5.0,0,0,1,Bon payeur ailleurs (solde sans incident),0,0,Elevage,141000,18,Bien matériel,0.64,0
CSWA-02647,45,Femme,Rurale,Marié(e),Secondaire,3,Elevage,4.4,106000,67000,49,0,76700,Régulière,0,,,1,5,1,Bon payeur ailleurs (solde sans incident),0,0,Fonds de commerce,507000,12,Caution solidaire,1.08,0
CSWA-02648,55,Homme,Urbaine,Marié(e),Aucun,4,Commerce informel,4.1,188000,151000,49,1,43600,Aucune épargne,0,,,0,0,0,Non consulté,0,0,Equipement/Matériel,1021000,6,Caution solidaire,1.82,0
CSWA-02649,63,Homme,Rurale,Marié(e),Secondaire,1,Commerce informel,7.6,103000,84000,64,1,89800,Régulière,1,80.2,2.0,1,11,1,Incident de paiement signale ailleurs,0,0,Fonds de commerce,362000,12,Aval d'un tiers,1.14,0
CSWA-02650,34,Femme,Rurale,Marié(e),Supérieur,4,Agriculture,7.5,96000,45000,10,0,3200,Régulière,3,73.3,14.0,1,13,1,Bon payeur ailleurs (solde sans incident),0,0,Equipement/Matériel,153000,9,Caution solidaire,0.67,0
CSWA-02651,60,Femme,Urbaine,Marié(e),Aucun,6,Commerce informel,4.1,59000,23000,125,1,21900,Régulière,4,76.9,2.0,1,9,1,Incident de paiement signale ailleurs,0,0,Equipement/Matériel,148000,9,Caution solidaire,0.7,0
CSWA-02652,60,Femme,Semi-urbaine,Célibataire,Secondaire,4,Artisanat,7.0,35000,24000,157,0,71200,Aucune épargne,0,,,1,7,1,Bon payeur ailleurs (solde sans incident),0,0,Santé,119000,12,Bien matériel,1.0,1
CSWA-02653,65,Homme,Semi-urbaine,Marié(e),Secondaire,4,Elevage,5.9,105000,46000,73,1,70800,Régulière,1,73.5,4.0,1,10,0,Non consulté,0,0,Fonds de commerce,362000,6,Aval d'un tiers,1.08,0
CSWA-02654,36,Homme,Urbaine,Célibataire,Primaire,4,Commerce informel,7.9,110000,83000,39,0,49600,Irrégulière,0,,,1,8,1,Bon payeur ailleurs (solde sans incident),0,0,Fonds de commerce,361000,9,Caution solidaire,1.16,0
CSWA-02655,58,Homme,Urbaine,Marié(e),Aucun,5,Commerce informel,7.3,148000,73000,163,0,211700,Régulière,1,85.1,8.0,1,6,1,Jamais emprunté ailleurs,0,0,Habitat/Réparation,622000,9,Caution solidaire,1.02,0
CSWA-02656,45,Femme,Urbaine,Marié(e),Secondaire,4,Restauration/Transformation,2.9,207000,88000,158,0,477600,Aucune épargne,1,82.8,10.0,1,6,1,Jamais emprunté ailleurs,0,0,Education,281000,24,Caution solidaire,0.49,0
CSWA-02657,21,Femme,Urbaine,Marié(e),Primaire,0,Transport,10.8,43000,33000,84,0,2700,Aucune épargne,1,74.9,4.0,1,8,1,Jamais emprunté ailleurs,0,0,Fonds de commerce,120000,24,Bien matériel,0.9,0
CSWA-02658,31,Homme,Rurale,Célibataire,Aucun,4,Elevage,1.4,58000,26000,47,1,6900,Régulière,0,,,1,7,1,Pret en cours ailleurs,1,83000,Intrants agricoles,276000,12,Caution solidaire,1.02,0
CSWA-02659,50,Femme,Rurale,Veuf(ve),Secondaire,3,Artisanat,4.4,117000,41000,135,0,31000,Régulière,1,81.6,26.0,1,11,1,Pret en cours ailleurs,1,171000,Habitat/Réparation,180000,12,Bien matériel,0.63,0
CSWA-02660,26,Homme,Rurale,Marié(e),Primaire,7,Autre service,7.0,81000,62000,153,0,126200,Régulière,0,,,1,6,0,Non consulté,0,0,Equipement/Matériel,428000,12,Caution solidaire,1.26,0
CSWA-02661,39,Femme,Urbaine,Divorcé(e),Aucun,1,Transport,5.1,179000,71000,6,0,8000,Aucune épargne,2,56.3,0.0,1,11,1,Jamais emprunté ailleurs,0,0,Elevage,462000,6,Caution solidaire,0.88,0
CSWA-02662,55,Femme,Urbaine,Marié(e),Supérieur,4,Agriculture,4.8,73000,41000,51,0,44200,Irrégulière,1,75.9,5.0,1,18,1,Pret en cours ailleurs,1,228000,Fonds de commerce,204000,9,Caution solidaire,1.19,0
CSWA-02663,26,Femme,Semi-urbaine,Marié(e),Aucun,3,Salarié secteur formel,4.3,138000,76000,156,1,46400,Aucune épargne,2,86.9,7.0,1,12,1,Bon payeur ailleurs (solde sans incident),0,0,Education,523000,36,Caution solidaire,0.67,0
CSWA-02664,42,Homme,Semi-urbaine,Célibataire,Primaire,4,Artisanat,4.0,83000,35000,19,0,5800,Irrégulière,0,,,0,0,1,Jamais emprunté ailleurs,0,0,Fonds de commerce,399000,12,Aval d'un tiers,0.87,0
CSWA-02665,29,Femme,Urbaine,Marié(e),Secondaire,1,Elevage,10.1,198000,73000,45,1,11600,Aucune épargne,1,82.7,1.0,0,0,1,Bon payeur ailleurs (solde sans incident),0,0,Habitat/Réparation,273000,6,Aucune,0.63,0
CSWA-02666,44,Homme,Rurale,Marié(e),Aucun,3,Restauration/Transformation,4.9,22000,9000,149,1,48800,Aucune épargne,2,45.2,9.0,1,10,1,Jamais emprunté ailleurs,0,0,Fonds de commerce,54000,12,Caution solidaire,0.64,0
CSWA-02667,30,Femme,Rurale,Marié(e),Secondaire,0,Agriculture,4.9,106000,60000,147,1,169200,Régulière,0,,,1,4,1,Bon payeur ailleurs (solde sans incident),0,0,Evénement social,579000,18,Aucune,0.91,0
CSWA-02668,64,Homme,Rurale,Célibataire,Secondaire,3,Salarié secteur formel,3.3,67000,56000,50,0,6500,Régulière,4,91.8,5.0,1,7,1,Pret en cours ailleurs,1,315000,Education,163000,12,Aucune,1.49,0
CSWA-02669,22,Femme,Rurale,Marié(e),Primaire,7,Commerce informel,7.4,26000,19000,157,1,40100,Régulière,2,84.7,7.0,1,9,1,Bon payeur ailleurs (solde sans incident),0,0,Education,55000,18,Aucune,0.86,0
CSWA-02670,64,Homme,Semi-urbaine,Veuf(ve),Primaire,5,Agriculture,2.1,80000,57000,56,0,30400,Irrégulière,2,93.4,17.0,1,11,1,Jamais emprunté ailleurs,0,0,Fonds de commerce,353000,12,Caution solidaire,1.12,0
CSWA-02671,56,Homme,Urbaine,Marié(e),Supérieur,4,Commerce informel,13.6,41000,28000,38,0,21500,Irrégulière,1,69.9,2.0,0,0,0,Non consulté,0,0,Fonds de commerce,96000,18,Aucune,0.83,0
CSWA-02672,59,Homme,Urbaine,Veuf(ve),Supérieur,3,Restauration/Transformation,2.9,61000,45000,74,1,10400,Aucune épargne,2,56.7,6.0,1,7,1,Bon payeur ailleurs (solde sans incident),0,0,Evénement social,325000,3,Caution solidaire,2.73,0
CSWA-02673,59,Homme,Semi-urbaine,Marié(e),Aucun,5,Commerce informel,4.8,96000,59000,108,0,7700,Irrégulière,1,67.6,9.0,0,0,1,Jamais emprunté ailleurs,0,0,Elevage,383000,24,Bien matériel,0.8,0
CSWA-02674,27,Homme,Urbaine,Marié(e),Primaire,1,Agriculture,6.5,76000,64000,110,0,21700,Régulière,1,95.6,5.0,0,0,1,Jamais emprunté ailleurs,0,0,Fonds de commerce,129000,24,Bien matériel,0.92,0
CSWA-02675,62,Femme,Urbaine,Marié(e),Primaire,6,Salarié secteur formel,9.0,94000,61000,47,0,62200,Aucune épargne,1,93.4,10.0,1,15,1,Bon payeur ailleurs (solde sans incident),0,0,Equipement/Matériel,345000,3,Bien matériel,2.02,0
CSWA-02676,46,Homme,Rurale,Marié(e),Supérieur,3,Commerce informel,4.2,88000,59000,115,0,141300,Aucune épargne,1,97.2,9.0,0,0,1,Jamais emprunté ailleurs,0,0,Education,394000,3,Aucune,2.34,0
CSWA-02677,64,Homme,Semi-urbaine,Marié(e),Secondaire,1,Commerce informel,3.7,295000,106000,4,0,3600,Régulière,1,72.9,3.0,1,7,1,Bon payeur ailleurs (solde sans incident),0,0,Education,626000,6,Caution solidaire,0.76,0
CSWA-02678,60,Homme,Rurale,Célibataire,Primaire,3,Artisanat,5.6,93000,68000,14,1,10400,Aucune épargne,0,,,1,3,1,Jamais emprunté ailleurs,0,0,Fonds de commerce,311000,12,Bien matériel,1.04,0
CSWA-02679,46,Homme,Semi-urbaine,Marié(e),Secondaire,2,Agriculture,3.4,86000,45000,45,0,40100,Régulière,1,84.3,3.0,1,7,0,Non consulté,0,0,Intrants agricoles,444000,12,Aval d'un tiers,1.0,0
CSWA-02680,36,Femme,Rurale,Marié(e),Primaire,2,Commerce informel,4.5,102000,75000,172,0,6900,Irrégulière,1,96.9,6.0,1,13,1,Bon payeur ailleurs (solde sans incident),0,0,Intrants agricoles,292000,3,Bien matériel,1.8,0
CSWA-02681,24,Femme,Urbaine,Divorcé(e),Aucun,3,Commerce informel,11.5,80000,62000,127,1,5800,Irrégulière,2,79.8,1.0,1,16,1,Pret en cours ailleurs,2,110000,Fonds de commerce,150000,12,Bien matériel,1.07,0
CSWA-02682,23,Homme,Rurale,Marié(e),Primaire,4,Commerce informel,2.9,34000,12000,10,1,1000,Régulière,0,,,1,15,1,Jamais emprunté ailleurs,0,0,Evénement social,164000,12,Aucune,0.8,0
CSWA-02683,37,Femme,Semi-urbaine,Marié(e),Primaire,4,Commerce informel,1.0,118000,64000,13,1,16400,Irrégulière,0,,,1,13,0,Non consulté,0,0,Habitat/Réparation,335000,12,Aval d'un tiers,0.81,1
CSWA-02684,57,Femme,Semi-urbaine,Marié(e),Secondaire,3,Transport,3.2,164000,132000,151,1,349700,Irrégulière,0,,,1,9,1,Jamais emprunté ailleurs,0,0,Habitat/Réparation,341000,12,Caution solidaire,1.0,0
CSWA-02685,42,Femme,Urbaine,Marié(e),Primaire,8,Agriculture,2.1,190000,79000,92,1,23300,Irrégulière,0,,,1,11,1,Bon payeur ailleurs (solde sans incident),0,0,Fonds de commerce,195000,6,Aucune,0.61,1
CSWA-02686,41,Homme,Urbaine,Marié(e),Secondaire,3,Elevage,7.2,118000,85000,129,0,37200,Irrégulière,0,,,0,0,1,Bon payeur ailleurs (solde sans incident),0,0,Intrants agricoles,149000,9,Aucune,0.88,0
CSWA-02687,30,Homme,Semi-urbaine,Célibataire,Supérieur,3,Commerce informel,3.7,70000,36000,56,0,28200,Régulière,1,90.2,4.0,0,0,1,Bon payeur ailleurs (solde sans incident),0,0,Equipement/Matériel,146000,9,Aval d'un tiers,0.77,0
CSWA-02688,45,Femme,Urbaine,Marié(e),Aucun,4,Autre service,9.5,93000,56000,53,0,33600,Régulière,3,88.8,11.0,1,10,1,Pret en cours ailleurs,1,820000,Intrants agricoles,163000,12,Aval d'un tiers,1.56,0
CSWA-02689,48,Femme,Urbaine,Marié(e),Primaire,4,Transport,4.5,216000,173000,29,0,21600,Régulière,4,77.4,2.0,1,8,1,Pret en cours ailleurs,3,202000,Evénement social,258000,6,Aucune,1.11,0
CSWA-02690,65,Femme,Semi-urbaine,Célibataire,Secondaire,2,Agriculture,2.1,71000,47000,108,1,25100,Régulière,3,89.0,7.0,0,0,1,Bon payeur ailleurs (solde sans incident),0,0,Habitat/Réparation,363000,3,Caution solidaire,2.57,0
CSWA-02691,53,Femme,Rurale,Marié(e),Aucun,1,Restauration/Transformation,8.9,42000,24000,104,0,10400,Régulière,1,79.5,1.0,1,7,1,Incident de paiement signale ailleurs,0,0,Intrants agricoles,101000,12,Caution solidaire,0.8,0
CSWA-02692,47,Homme,Urbaine,Marié(e),Secondaire,4,Agriculture,3.0,272000,190000,99,0,107900,Irrégulière,2,95.9,2.0,1,8,1,Bon payeur ailleurs (solde sans incident),0,0,Santé,362000,12,Caution solidaire,0.82,0
CSWA-02693,61,Femme,Urbaine,Veuf(ve),Primaire,0,Commerce informel,1.0,46000,21000,168,0,97900,Régulière,0,,,1,11,1,Incident de paiement signale ailleurs,0,0,Elevage,229000,18,Bien matériel,0.77,0
CSWA-02694,38,Femme,Urbaine,Marié(e),Aucun,2,Agriculture,6.4,34000,12000,121,0,29000,Irrégulière,1,83.3,3.0,1,10,1,Pret en cours ailleurs,2,86000,Education,123000,12,Aucune,0.92,0
CSWA-02695,62,Homme,Semi-urbaine,Marié(e),Secondaire,2,Artisanat,3.3,96000,63000,168,0,222500,Aucune épargne,1,55.3,5.0,1,5,1,Incident de paiement signale ailleurs,0,0,Intrants agricoles,484000,12,Bien matériel,1.13,1
CSWA-02696,36,Femme,Rurale,Célibataire,Primaire,3,Agriculture,6.7,101000,79000,133,1,170300,Régulière,2,59.9,8.0,1,9,1,Jamais emprunté ailleurs,0,0,Elevage,233000,18,Caution solidaire,0.93,0
CSWA-02697,25,Homme,Urbaine,Célibataire,Aucun,3,Agriculture,8.1,104000,73000,24,0,20200,Régulière,0,,,1,13,0,Non consulté,0,0,Education,376000,18,Aval d'un tiers,0.93,0
CSWA-02698,38,Femme,Urbaine,Célibataire,Aucun,6,Restauration/Transformation,5.9,131000,80000,93,1,151300,Régulière,1,85.2,19.0,1,5,1,Pret en cours ailleurs,1,328000,Education,137000,9,Caution solidaire,0.97,1
CSWA-02699,25,Femme,Urbaine,Célibataire,Secondaire,5,Salarié secteur formel,3.4,181000,76000,175,0,86900,Irrégulière,1,73.7,6.0,1,7,1,Jamais emprunté ailleurs,0,0,Habitat/Réparation,601000,12,Aucune,0.73,1
CSWA-02700,24,Femme,Urbaine,Marié(e),Supérieur,2,Salarié secteur formel,9.1,170000,67000,129,0,213400,Régulière,0,,,1,9,1,Jamais emprunté ailleurs,0,0,Education,269000,12,Aucune,0.54,0
CSWA-02701,60,Femme,Urbaine,Marié(e),Primaire,4,Artisanat,2.8,59000,29000,21,0,17500,Régulière,2,96.9,6.0,1,4,1,Bon payeur ailleurs (solde sans incident),0,0,Elevage,91000,6,Aucune,0.78,0
CSWA-02702,56,Femme,Rurale,Célibataire,Aucun,1,Artisanat,6.7,87000,72000,36,0,29500,Aucune épargne,1,80.8,9.0,0,0,1,Jamais emprunté ailleurs,0,0,Fonds de commerce,129000,12,Caution solidaire,0.97,0
CSWA-02703,29,Homme,Urbaine,Célibataire,Aucun,1,Elevage,7.5,109000,63000,14,0,11500,Irrégulière,3,72.8,10.0,0,0,0,Non consulté,0,0,Fonds de commerce,159000,6,Caution solidaire,0.85,1
CSWA-02704,58,Homme,Urbaine,Célibataire,Secondaire,5,Agriculture,5.3,133000,100000,125,0,165400,Régulière,2,95.8,1.0,1,12,1,Jamais emprunté ailleurs,0,0,Fonds de commerce,157000,3,Caution solidaire,1.19,0
CSWA-02705,22,Homme,Rurale,Marié(e),Primaire,2,Restauration/Transformation,8.0,49000,17000,79,1,9100,Irrégulière,0,,,1,6,1,Jamais emprunté ailleurs,0,0,Fonds de commerce,86000,24,Aval d'un tiers,0.43,0
CSWA-02706,32,Homme,Rurale,Célibataire,Primaire,2,Commerce informel,6.0,41000,24000,77,1,14700,Régulière,0,,,0,0,1,Jamais emprunté ailleurs,0,0,Habitat/Réparation,40000,6,Caution solidaire,0.77,0
CSWA-02707,52,Homme,Urbaine,Marié(e),Primaire,4,Salarié secteur formel,6.5,96000,45000,176,0,68100,Aucune épargne,1,87.0,5.0,1,5,1,Incident de paiement signale ailleurs,0,0,Fonds de commerce,257000,12,Aucune,0.72,0
CSWA-02708,33,Femme,Urbaine,Marié(e),Primaire,7,Commerce informel,8.0,60000,50000,170,0,21100,Aucune épargne,2,96.0,0.0,1,8,1,Jamais emprunté ailleurs,0,0,Fonds de commerce,119000,6,Aucune,1.2,0
CSWA-02709,53,Homme,Urbaine,Marié(e),Secondaire,2,Commerce informel,5.8,47000,21000,18,0,9100,Régulière,2,86.4,21.0,1,4,1,Jamais emprunté ailleurs,0,0,Fonds de commerce,128000,24,Bien matériel,0.57,0
CSWA-02710,60,Homme,Urbaine,Marié(e),Primaire,2,Commerce informel,8.6,29000,11000,154,1,43000,Aucune épargne,2,88.6,1.0,1,10,1,Jamais emprunté ailleurs,0,0,Elevage,57000,6,Bien matériel,0.74,0
CSWA-02711,22,Femme,Rurale,Célibataire,Aucun,3,Transport,10.5,175000,75000,169,1,388400,Irrégulière,2,96.9,6.0,1,7,0,Non consulté,0,0,Equipement/Matériel,171000,9,Aucune,0.55,0
CSWA-02712,20,Homme,Urbaine,Marié(e),Primaire,6,Commerce informel,6.8,94000,36000,1,0,8900,Régulière,4,90.0,2.0,1,10,1,Jamais emprunté ailleurs,0,0,Intrants agricoles,337000,6,Aval d'un tiers,1.05,0
CSWA-02713,63,Femme,Semi-urbaine,Célibataire,Primaire,4,Artisanat,8.2,109000,55000,165,1,220100,Aucune épargne,2,91.5,5.0,0,0,1,Incident de paiement signale ailleurs,0,0,Education,387000,24,Bien matériel,0.67,0
CSWA-02714,43,Femme,Rurale,Marié(e),Primaire,5,Agriculture,5.3,103000,87000,137,1,33500,Régulière,1,86.7,2.0,1,16,1,Jamais emprunté ailleurs,0,0,Intrants agricoles,270000,3,Caution solidaire,1.82,0
CSWA-02715,42,Femme,Urbaine,Marié(e),Aucun,6,Restauration/Transformation,10.6,91000,74000,51,0,6000,Régulière,0,,,1,15,1,Jamais emprunté ailleurs,0,0,Santé,475000,18,Caution solidaire,1.14,0
CSWA-02716,40,Homme,Urbaine,Marié(e),Aucun,1,Artisanat,6.2,80000,51000,109,1,50300,Irrégulière,0,,,0,0,1,Jamais emprunté ailleurs,0,0,Evénement social,295000,36,Caution solidaire,0.75,0
CSWA-02717,39,Homme,Urbaine,Marié(e),Primaire,7,Autre service,7.8,78000,60000,8,0,1600,Régulière,1,89.8,5.0,1,9,1,Jamais emprunté ailleurs,0,0,Santé,344000,12,Bien matériel,1.18,0
CSWA-02718,51,Femme,Urbaine,Célibataire,Aucun,4,Agriculture,2.1,47000,26000,129,1,70300,Aucune épargne,1,61.0,3.0,0,0,1,Pret en cours ailleurs,1,163000,Evénement social,226000,18,Caution solidaire,1.17,0
CSWA-02719,46,Femme,Rurale,Marié(e),Secondaire,4,Agriculture,7.4,31000,25000,63,0,13100,Régulière,4,89.4,0.0,1,12,1,Bon payeur ailleurs (solde sans incident),0,0,Equipement/Matériel,148000,6,Aval d'un tiers,1.7,0
CSWA-02720,26,Homme,Urbaine,Marié(e),Primaire,4,Commerce informel,5.6,278000,127000,47,0,184200,Irrégulière,1,87.8,7.0,1,11,1,Bon payeur ailleurs (solde sans incident),0,0,Education,766000,9,Aucune,0.8,0
CSWA-02721,48,Femme,Semi-urbaine,Marié(e),Aucun,4,Elevage,7.2,83000,46000,143,1,19300,Irrégulière,3,93.4,5.0,1,13,1,Jamais emprunté ailleurs,0,0,Fonds de commerce,193000,3,Caution solidaire,1.42,0
CSWA-02722,50,Femme,Rurale,Marié(e),Secondaire,5,Salarié secteur formel,7.7,197000,81000,144,0,403100,Aucune épargne,2,48.8,7.0,1,6,1,Jamais emprunté ailleurs,0,0,Intrants agricoles,462000,12,Caution solidaire,0.63,0
CSWA-02723,24,Homme,Rurale,Marié(e),Primaire,4,Commerce informel,8.1,52000,43000,64,0,36600,Régulière,1,56.6,16.0,1,6,1,Bon payeur ailleurs (solde sans incident),0,0,Habitat/Réparation,259000,12,Aval d'un tiers,1.29,0
CSWA-02724,36,Femme,Semi-urbaine,Divorcé(e),Aucun,2,Autre service,7.4,144000,75000,26,0,45400,Régulière,0,,,0,0,1,Jamais emprunté ailleurs,0,0,Habitat/Réparation,157000,18,Caution solidaire,0.59,0
CSWA-02725,56,Homme,Rurale,Marié(e),Secondaire,6,Commerce informel,4.6,88000,42000,134,1,89100,Aucune épargne,1,61.9,3.0,1,12,1,Incident de paiement signale ailleurs,0,0,Fonds de commerce,367000,24,Caution solidaire,0.67,0
CSWA-02726,48,Homme,Semi-urbaine,Marié(e),Primaire,1,Transport,12.7,50000,23000,162,0,46000,Régulière,2,84.9,4.0,1,7,1,Bon payeur ailleurs (solde sans incident),0,0,Education,206000,6,Bien matériel,1.23,0
CSWA-02727,25,Femme,Semi-urbaine,Veuf(ve),Supérieur,4,Restauration/Transformation,9.6,68000,40000,158,0,117700,Irrégulière,3,88.2,18.0,1,12,1,Jamais emprunté ailleurs,0,0,Intrants agricoles,102000,3,Bien matériel,1.15,0
CSWA-02728,20,Homme,Urbaine,Célibataire,Aucun,4,Fonctionnaire,4.9,145000,87000,79,1,168300,Régulière,4,78.7,6.0,0,0,1,Jamais emprunté ailleurs,0,0,Fonds de commerce,311000,6,Aval d'un tiers,1.0,0
CSWA-02729,46,Femme,Urbaine,Marié(e),Secondaire,5,Elevage,4.8,65000,45000,94,1,4400,Irrégulière,0,,,1,10,0,Non consulté,0,0,Education,176000,6,Caution solidaire,1.2,0
CSWA-02730,40,Homme,Urbaine,Célibataire,Secondaire,2,Restauration/Transformation,0.5,127000,96000,20,0,23100,Régulière,0,,,1,7,1,Jamais emprunté ailleurs,0,0,Education,488000,6,Aucune,1.47,0
CSWA-02731,64,Homme,Urbaine,Veuf(ve),Aucun,4,Commerce informel,2.6,260000,182000,59,1,60800,Irrégulière,3,27.5,12.0,1,13,1,Jamais emprunté ailleurs,0,0,Fonds de commerce,1174000,3,Caution solidaire,2.39,0
CSWA-02732,43,Femme,Rurale,Marié(e),Primaire,2,Agriculture,3.2,64000,38000,127,0,50400,Irrégulière,2,96.1,20.0,1,9,1,Bon payeur ailleurs (solde sans incident),0,0,Habitat/Réparation,134000,3,Bien matériel,1.38,0
CSWA-02733,62,Homme,Urbaine,Marié(e),Secondaire,8,Transport,4.9,69000,43000,138,0,83400,Irrégulière,1,90.0,14.0,1,14,1,Bon payeur ailleurs (solde sans incident),0,0,Habitat/Réparation,75000,18,Bien matériel,0.69,0
CSWA-02734,29,Homme,Rurale,Veuf(ve),Primaire,4,Commerce informel,10.4,51000,43000,70,0,12500,Régulière,2,60.4,4.0,0,0,1,Jamais emprunté ailleurs,0,0,Fonds de commerce,238000,9,Aucune,1.42,1
CSWA-02735,40,Femme,Semi-urbaine,Célibataire,Primaire,1,Transport,4.5,74000,42000,166,1,6000,Régulière,3,59.9,3.0,1,14,1,Bon payeur ailleurs (solde sans incident),0,0,Equipement/Matériel,207000,12,Caution solidaire,0.83,0
CSWA-02736,25,Femme,Urbaine,Divorcé(e),Supérieur,2,Agriculture,2.6,27000,14000,46,1,1700,Régulière,1,97.1,1.0,1,10,1,Incident de paiement signale ailleurs,0,0,Evénement social,32000,9,Aucune,0.67,1
CSWA-02737,45,Femme,Rurale,Marié(e),Secondaire,4,Agriculture,7.2,148000,100000,127,1,13400,Régulière,1,79.0,4.0,1,6,1,Bon payeur ailleurs (solde sans incident),0,0,Fonds de commerce,307000,36,Bien matériel,0.74,0
CSWA-02738,27,Homme,Urbaine,Veuf(ve),Supérieur,4,Restauration/Transformation,7.5,39000,27000,121,1,4700,Régulière,0,,,1,7,1,Bon payeur ailleurs (solde sans incident),0,0,Santé,95000,3,Aucune,1.6,0
CSWA-02739,42,Homme,Semi-urbaine,Marié(e),Secondaire,2,Commerce informel,4.6,52000,43000,108,0,15500,Irrégulière,3,95.7,0.0,1,11,1,Jamais emprunté ailleurs,0,0,Evénement social,68000,6,Caution solidaire,1.07,0
CSWA-02740,35,Femme,Rurale,Célibataire,Secondaire,1,Artisanat,9.7,85000,45000,61,0,35500,Aucune épargne,3,56.5,2.0,1,12,0,Non consulté,0,0,Santé,277000,12,Aval d'un tiers,0.83,1
CSWA-02741,27,Homme,Urbaine,Veuf(ve),Secondaire,2,Fonctionnaire,10.0,226000,137000,128,0,201600,Irrégulière,0,,,1,10,1,Pret en cours ailleurs,1,243000,Intrants agricoles,1133000,6,Bien matériel,1.64,0
CSWA-02742,23,Homme,Rurale,Marié(e),Secondaire,5,Commerce informel,1.5,51000,34000,40,0,1000,Régulière,3,99.4,4.0,1,10,1,Pret en cours ailleurs,1,88000,Fonds de commerce,61000,6,Aucune,1.05,0
CSWA-02743,43,Femme,Urbaine,Marié(e),Secondaire,7,Commerce informel,7.5,73000,51000,150,1,7900,Aucune épargne,1,78.8,1.0,0,0,1,Bon payeur ailleurs (solde sans incident),0,0,Fonds de commerce,252000,12,Caution solidaire,1.02,0
CSWA-02744,63,Homme,Rurale,Marié(e),Primaire,3,Commerce informel,1.0,95000,35000,109,1,41900,Régulière,0,,,1,9,1,Bon payeur ailleurs (solde sans incident),0,0,Evénement social,139000,24,Aval d'un tiers,0.44,0
CSWA-02745,28,Homme,Rurale,Célibataire,Aucun,2,Elevage,4.9,56000,45000,74,0,4400,Régulière,1,81.4,8.0,0,0,1,Pret en cours ailleurs,1,101000,Education,117000,3,Aucune,1.75,1
CSWA-02746,38,Homme,Rurale,Marié(e),Primaire,4,Restauration/Transformation,16.1,76000,33000,64,0,16300,Régulière,3,63.7,11.0,1,8,1,Jamais emprunté ailleurs,0,0,Fonds de commerce,346000,12,Aucune,0.86,0
CSWA-02747,29,Femme,Rurale,Célibataire,Aucun,4,Fonctionnaire,7.3,153000,71000,23,0,3000,Irrégulière,2,80.2,4.0,0,0,1,Jamais emprunté ailleurs,0,0,Equipement/Matériel,307000,3,Caution solidaire,1.21,0
CSWA-02748,57,Femme,Semi-urbaine,Marié(e),Supérieur,2,Agriculture,3.5,60000,42000,10,0,1000,Régulière,1,66.7,10.0,1,10,1,Jamais emprunté ailleurs,0,0,Habitat/Réparation,277000,12,Caution solidaire,1.13,0
CSWA-02749,38,Femme,Semi-urbaine,Marié(e),Secondaire,3,Commerce informel,7.7,159000,71000,57,0,90800,Régulière,0,,,1,8,1,Pret en cours ailleurs,2,151000,Santé,461000,12,Aucune,0.8,0
CSWA-02750,64,Homme,Rurale,Marié(e),Primaire,5,Commerce informel,3.3,127000,53000,41,0,12000,Régulière,2,91.7,3.0,1,5,1,Bon payeur ailleurs (solde sans incident),0,0,Education,163000,24,Caution solidaire,0.48,0
CSWA-02751,30,Homme,Rurale,Veuf(ve),Aucun,2,Agriculture,6.3,63000,52000,124,0,53700,Aucune épargne,3,72.6,2.0,0,0,1,Pret en cours ailleurs,1,127000,Education,343000,18,Bien matériel,1.34,0
CSWA-02752,22,Femme,Rurale,Marié(e),Primaire,7,Elevage,2.9,46000,31000,82,0,45900,Aucune épargne,4,78.1,10.0,1,7,1,Bon payeur ailleurs (solde sans incident),0,0,Santé,43000,3,Caution solidaire,1.02,0
CSWA-02753,46,Homme,Semi-urbaine,Marié(e),Primaire,5,Fonctionnaire,4.2,136000,112000,28,0,4500,Irrégulière,3,80.4,2.0,1,4,1,Pret en cours ailleurs,1,158000,Intrants agricoles,600000,6,Aucune,1.75,1
CSWA-02754,49,Femme,Semi-urbaine,Marié(e),Secondaire,6,Commerce informel,9.6,36000,14000,104,1,16100,Aucune épargne,1,65.1,0.0,1,11,1,Pret en cours ailleurs,2,315000,Evénement social,114000,12,Bien matériel,1.47,0
CSWA-02755,65,Femme,Urbaine,Veuf(ve),Primaire,3,Transport,12.5,73000,27000,115,0,79800,Régulière,1,43.4,7.0,0,0,1,Pret en cours ailleurs,2,125000,Intrants agricoles,229000,9,Bien matériel,0.91,0
CSWA-02756,59,Femme,Urbaine,Célibataire,Primaire,6,Elevage,6.3,65000,32000,88,0,16500,Irrégulière,0,,,1,10,1,Jamais emprunté ailleurs,0,0,Habitat/Réparation,110000,9,Caution solidaire,0.7,1
CSWA-02757,60,Homme,Urbaine,Marié(e),Aucun,4,Salarié secteur formel,8.2,76000,28000,118,0,71400,Aucune épargne,0,,,1,15,1,Jamais emprunté ailleurs,0,0,Fonds de commerce,385000,24,Aucune,0.61,0
CSWA-02758,48,Femme,Urbaine,Marié(e),Primaire,2,Salarié secteur formel,3.8,131000,75000,166,1,228300,Irrégulière,2,73.4,7.0,1,12,1,Bon payeur ailleurs (solde sans incident),0,0,Fonds de commerce,294000,9,Caution solidaire,0.85,0
CSWA-02759,35,Homme,Rurale,Marié(e),Primaire,2,Salarié secteur formel,2.7,130000,108000,108,1,200100,Irrégulière,1,93.1,19.0,1,13,1,Jamais emprunté ailleurs,0,0,Fonds de commerce,182000,9,Aucune,1.0,0
CSWA-02760,39,Femme,Urbaine,Marié(e),Secondaire,2,Agriculture,5.9,46000,24000,62,1,41700,Régulière,4,82.4,5.0,0,0,0,Non consulté,0,0,Equipement/Matériel,199000,3,Aval d'un tiers,2.14,0
CSWA-02761,25,Femme,Rurale,Célibataire,Secondaire,2,Agriculture,5.7,137000,98000,113,0,42200,Aucune épargne,2,77.8,26.0,1,6,1,Bon payeur ailleurs (solde sans incident),0,0,Fonds de commerce,635000,18,Caution solidaire,1.0,0
CSWA-02762,39,Femme,Urbaine,Marié(e),Secondaire,3,Commerce informel,16.6,150000,101000,157,0,310400,Régulière,1,98.6,19.0,1,11,1,Pret en cours ailleurs,1,595000,Habitat/Réparation,537000,9,Bien matériel,1.48,0
CSWA-02763,36,Femme,Urbaine,Marié(e),Primaire,3,Commerce informel,4.8,271000,99000,116,0,34600,Irrégulière,1,97.8,30.0,1,7,1,Jamais emprunté ailleurs,0,0,Elevage,1148000,18,Caution solidaire,0.63,0
CSWA-02764,20,Femme,Rurale,Célibataire,Aucun,3,Artisanat,4.7,95000,44000,87,1,57300,Irrégulière,5,79.2,3.0,0,0,1,Incident de paiement signale ailleurs,0,0,Equipement/Matériel,504000,36,Bien matériel,0.63,0
CSWA-02765,28,Femme,Rurale,Marié(e),Supérieur,2,Autre service,7.3,182000,121000,21,1,27600,Irrégulière,3,73.0,2.0,1,13,1,Pret en cours ailleurs,1,179000,Intrants agricoles,704000,12,Bien matériel,1.11,0
CSWA-02766,44,Homme,Rurale,Marié(e),Supérieur,4,Artisanat,3.7,138000,55000,123,0,26600,Irrégulière,1,51.8,2.0,1,7,1,Bon payeur ailleurs (solde sans incident),0,0,Elevage,213000,9,Caution solidaire,0.59,0
CSWA-02767,36,Femme,Semi-urbaine,Marié(e),Aucun,4,Agriculture,3.2,90000,52000,142,1,63500,Aucune épargne,0,,,1,7,1,Bon payeur ailleurs (solde sans incident),0,0,Fonds de commerce,386000,9,Aucune,1.11,1
CSWA-02768,65,Femme,Semi-urbaine,Marié(e),Secondaire,2,Commerce informel,6.7,41000,28000,98,1,47200,Aucune épargne,2,78.0,5.0,0,0,0,Non consulté,0,0,Fonds de commerce,202000,24,Caution solidaire,0.91,0
CSWA-02769,41,Homme,Rurale,Marié(e),Primaire,6,Restauration/Transformation,1.9,132000,69000,114,0,52300,Régulière,0,,,0,0,1,Jamais emprunté ailleurs,0,0,Fonds de commerce,287000,12,Aucune,0.73,0
CSWA-02770,64,Femme,Urbaine,Marié(e),Aucun,7,Commerce informel,7.0,92000,47000,20,1,17400,Régulière,1,66.3,2.0,1,10,1,Jamais emprunté ailleurs,0,0,Evénement social,209000,3,Caution solidaire,1.36,0
CSWA-02771,50,Femme,Urbaine,Marié(e),Supérieur,3,Commerce informel,4.0,216000,154000,175,1,546600,Aucune épargne,2,87.3,7.0,1,8,1,Jamais emprunté ailleurs,0,0,Evénement social,325000,9,Caution solidaire,0.9,0
CSWA-02772,20,Homme,Semi-urbaine,Marié(e),Supérieur,1,Commerce informel,8.0,121000,68000,77,0,10300,Régulière,1,80.0,21.0,1,6,1,Jamais emprunté ailleurs,0,0,Intrants agricoles,192000,6,Bien matériel,0.86,0
CSWA-02773,28,Homme,Rurale,Célibataire,Supérieur,7,Salarié secteur formel,10.7,231000,142000,159,1,20300,Irrégulière,0,,,1,7,1,Jamais emprunté ailleurs,0,0,Fonds de commerce,650000,6,Aval d'un tiers,1.14,0
CSWA-02774,52,Femme,Semi-urbaine,Marié(e),Aucun,8,Agriculture,3.2,59000,27000,122,0,30400,Irrégulière,2,73.3,8.0,1,7,1,Pret en cours ailleurs,2,126000,Elevage,249000,12,Caution solidaire,1.04,0
CSWA-02775,44,Homme,Rurale,Marié(e),Primaire,2,Fonctionnaire,4.6,129000,96000,130,0,29400,Aucune épargne,2,90.8,7.0,0,0,0,Non consulté,0,0,Elevage,617000,6,Caution solidaire,1.64,0
CSWA-02776,33,Homme,Urbaine,Marié(e),Secondaire,2,Elevage,9.3,28000,18000,50,1,2200,Régulière,0,,,0,0,1,Bon payeur ailleurs (solde sans incident),0,0,Habitat/Réparation,59000,9,Caution solidaire,0.9,0
CSWA-02777,43,Femme,Rurale,Marié(e),Secondaire,4,Restauration/Transformation,6.3,110000,92000,48,1,33600,Aucune épargne,2,49.6,2.0,1,11,1,Bon payeur ailleurs (solde sans incident),0,0,Intrants agricoles,94000,3,Aucune,1.16,1
CSWA-02778,61,Homme,Semi-urbaine,Marié(e),Primaire,1,Salarié secteur formel,12.7,206000,150000,60,1,122300,Régulière,0,,,0,0,1,Bon payeur ailleurs (solde sans incident),0,0,Elevage,1017000,3,Caution solidaire,2.57,0
CSWA-02779,37,Homme,Semi-urbaine,Marié(e),Primaire,0,Salarié secteur formel,6.4,179000,116000,49,1,98400,Régulière,1,92.7,4.0,0,0,1,Pret en cours ailleurs,1,73000,Intrants agricoles,905000,12,Caution solidaire,1.16,0
CSWA-02780,21,Femme,Urbaine,Célibataire,Aucun,0,Commerce informel,10.4,66000,43000,127,0,16200,Irrégulière,0,,,1,4,1,Jamais emprunté ailleurs,0,0,Fonds de commerce,62000,6,Caution solidaire,0.83,0
CSWA-02781,33,Homme,Rurale,Marié(e),Primaire,2,Commerce informel,2.4,30000,15000,28,1,7300,Irrégulière,0,,,0,0,1,Incident de paiement signale ailleurs,0,0,Fonds de commerce,148000,9,Caution solidaire,1.11,1
CSWA-02782,62,Femme,Urbaine,Célibataire,Secondaire,4,Commerce informel,3.1,60000,34000,133,1,86600,Régulière,3,87.0,1.0,1,12,1,Jamais emprunté ailleurs,0,0,Fonds de commerce,173000,12,Caution solidaire,0.84,0
CSWA-02783,54,Femme,Semi-urbaine,Marié(e),Aucun,5,Agriculture,11.8,77000,53000,27,1,19500,Régulière,0,,,1,4,1,Pret en cours ailleurs,3,134000,Fonds de commerce,90000,12,Caution solidaire,0.95,0
CSWA-02784,58,Femme,Urbaine,Marié(e),Aucun,7,Commerce informel,3.1,101000,61000,97,1,70000,Aucune épargne,1,88.5,4.0,1,7,1,Bon payeur ailleurs (solde sans incident),0,0,Fonds de commerce,405000,6,Bien matériel,1.35,0
CSWA-02785,61,Femme,Rurale,Marié(e),Primaire,5,Restauration/Transformation,11.9,26000,22000,53,1,9400,Irrégulière,4,70.1,13.0,1,3,1,Jamais emprunté ailleurs,0,0,Fonds de commerce,52000,6,Aucune,1.22,0
CSWA-02786,24,Femme,Urbaine,Marié(e),Primaire,3,Agriculture,3.4,76000,48000,133,0,118900,Irrégulière,0,,,0,0,1,Pret en cours ailleurs,1,159000,Fonds de commerce,114000,3,Caution solidaire,1.38,0
CSWA-02787,32,Homme,Rurale,Célibataire,Primaire,4,Autre service,2.1,46000,16000,52,0,8900,Régulière,2,82.5,4.0,1,6,1,Jamais emprunté ailleurs,0,0,Habitat/Réparation,186000,3,Caution solidaire,1.86,0
CSWA-02788,21,Femme,Rurale,Célibataire,Aucun,2,Transport,4.8,179000,74000,152,0,83200,Irrégulière,1,87.7,2.0,0,0,1,Jamais emprunté ailleurs,0,0,Evénement social,263000,18,Bien matériel,0.51,0
CSWA-02789,19,Homme,Urbaine,Célibataire,Secondaire,2,Restauration/Transformation,2.4,22000,8000,158,1,4200,Régulière,1,94.4,8.0,1,10,1,Pret en cours ailleurs,1,106000,Evénement social,76000,18,Bien matériel,1.01,0
CSWA-02790,58,Femme,Semi-urbaine,Marié(e),Aucun,6,Restauration/Transformation,7.6,141000,113000,92,1,80900,Régulière,1,49.2,9.0,1,8,1,Jamais emprunté ailleurs,0,0,Fonds de commerce,297000,6,Caution solidaire,1.19,0
CSWA-02791,63,Femme,Semi-urbaine,Célibataire,Secondaire,6,Commerce informel,1.0,74000,38000,5,0,6700,Aucune épargne,0,,,1,9,1,Incident de paiement signale ailleurs,0,0,Education,239000,12,Aucune,0.81,1
CSWA-02792,26,Homme,Semi-urbaine,Marié(e),Primaire,4,Commerce informel,14.4,26000,20000,126,1,26300,Régulière,4,81.3,0.0,1,7,1,Pret en cours ailleurs,1,300000,Santé,80000,3,Aucune,2.96,0
CSWA-02793,52,Homme,Urbaine,Marié(e),Primaire,3,Agriculture,5.7,203000,116000,123,0,39400,Irrégulière,0,,,1,6,1,Jamais emprunté ailleurs,0,0,Intrants agricoles,1020000,3,Caution solidaire,2.45,1
CSWA-02794,44,Femme,Rurale,Marié(e),Primaire,2,Fonctionnaire,7.8,32000,26000,3,0,4300,Aucune épargne,2,77.0,1.0,0,0,0,Non consulté,0,0,Habitat/Réparation,166000,24,Aval d'un tiers,1.05,0
CSWA-02795,22,Homme,Rurale,Marié(e),Secondaire,4,Commerce informel,8.4,161000,95000,102,0,94900,Irrégulière,0,,,1,12,1,Bon payeur ailleurs (solde sans incident),0,0,Fonds de commerce,593000,12,Bien matériel,0.93,0
CSWA-02796,62,Homme,Rurale,Célibataire,Primaire,2,Agriculture,6.0,85000,66000,6,1,1000,Régulière,2,92.2,6.0,0,0,0,Non consulté,0,0,Fonds de commerce,121000,12,Bien matériel,0.91,0
CSWA-02797,59,Homme,Rurale,Veuf(ve),Primaire,3,Transport,7.0,56000,38000,45,1,23200,Régulière,0,,,1,8,1,Pret en cours ailleurs,2,119000,Fonds de commerce,99000,6,Caution solidaire,1.2,1
CSWA-02798,45,Femme,Rurale,Marié(e),Primaire,3,Agriculture,4.4,84000,41000,109,1,4000,Irrégulière,1,85.4,3.0,0,0,1,Jamais emprunté ailleurs,0,0,Fonds de commerce,285000,9,Caution solidaire,0.91,0
CSWA-02799,52,Femme,Urbaine,Marié(e),Primaire,3,Fonctionnaire,8.4,226000,144000,84,0,257300,Irrégulière,1,73.8,0.0,1,5,1,Pret en cours ailleurs,1,131000,Elevage,955000,9,Caution solidaire,1.22,0
CSWA-02800,37,Femme,Rurale,Célibataire,Primaire,5,Fonctionnaire,1.0,179000,87000,115,1,188200,Aucune épargne,1,97.8,3.0,1,5,1,Jamais emprunté ailleurs,0,0,Equipement/Matériel,211000,18,Aval d'un tiers,0.56,1
CSWA-02801,56,Femme,Urbaine,Veuf(ve),Primaire,3,Commerce informel,13.0,50000,22000,75,1,19400,Irrégulière,0,,,1,0,1,Pret en cours ailleurs,3,119000,Equipement/Matériel,190000,12,Aucune,1.01,1
CSWA-02802,39,Homme,Urbaine,Célibataire,Primaire,5,Artisanat,4.3,106000,54000,53,1,29500,Irrégulière,3,67.3,0.0,1,9,1,Pret en cours ailleurs,1,420000,Equipement/Matériel,164000,9,Aval d'un tiers,1.06,1
CSWA-02803,65,Homme,Urbaine,Marié(e),Aucun,3,Commerce informel,9.0,90000,45000,13,1,2200,Régulière,2,78.0,2.0,1,6,1,Bon payeur ailleurs (solde sans incident),0,0,Santé,479000,18,Caution solidaire,0.83,0
CSWA-02804,21,Femme,Urbaine,Marié(e),Secondaire,2,Agriculture,9.8,134000,80000,112,0,97600,Irrégulière,2,96.4,10.0,0,0,1,Pret en cours ailleurs,2,51000,Fonds de commerce,150000,6,Caution solidaire,0.84,0
CSWA-02805,27,Femme,Semi-urbaine,Célibataire,Aucun,4,Salarié secteur formel,4.1,105000,70000,98,0,79100,Régulière,0,,,1,9,1,Bon payeur ailleurs (solde sans incident),0,0,Habitat/Réparation,311000,6,Aval d'un tiers,1.22,0
CSWA-02806,64,Femme,Rurale,Marié(e),Supérieur,5,Commerce informel,5.3,129000,108000,19,0,6300,Irrégulière,1,86.5,6.0,1,9,1,Pret en cours ailleurs,2,145000,Fonds de commerce,191000,6,Caution solidaire,1.21,0
CSWA-02807,32,Homme,Urbaine,Veuf(ve),Secondaire,2,Fonctionnaire,5.2,91000,53000,21,0,19600,Irrégulière,3,95.9,5.0,0,0,1,Bon payeur ailleurs (solde sans incident),0,0,Equipement/Matériel,487000,18,Aucune,0.92,0
CSWA-02808,33,Femme,Semi-urbaine,Veuf(ve),Aucun,4,Autre service,4.8,80000,58000,139,1,55700,Régulière,2,73.4,1.0,1,5,1,Jamais emprunté ailleurs,0,0,Fonds de commerce,302000,6,Caution solidaire,1.43,0
CSWA-02809,56,Femme,Semi-urbaine,Veuf(ve),Secondaire,4,Restauration/Transformation,3.5,100000,60000,149,0,19800,Régulière,0,,,0,0,0,Non consulté,0,0,Equipement/Matériel,281000,12,Caution solidaire,0.86,0
CSWA-02810,27,Femme,Semi-urbaine,Marié(e),Primaire,4,Agriculture,5.4,126000,71000,64,0,32000,Aucune épargne,3,76.2,0.0,0,0,1,Jamais emprunté ailleurs,0,0,Fonds de commerce,227000,12,Bien matériel,0.73,0
CSWA-02811,43,Femme,Semi-urbaine,Célibataire,Supérieur,4,Commerce informel,4.7,130000,72000,177,1,19900,Irrégulière,1,94.5,14.0,1,7,1,Jamais emprunté ailleurs,0,0,Habitat/Réparation,191000,24,Aval d'un tiers,0.62,0
CSWA-02812,32,Femme,Semi-urbaine,Célibataire,Supérieur,6,Agriculture,11.0,78000,61000,103,0,109900,Irrégulière,0,,,0,0,1,Incident de paiement signale ailleurs,0,0,Equipement/Matériel,342000,12,Aucune,1.19,1
CSWA-02813,28,Femme,Rurale,Marié(e),Secondaire,0,Commerce informel,6.3,62000,26000,99,0,43500,Aucune épargne,4,72.0,3.0,1,4,1,Incident de paiement signale ailleurs,0,0,Fonds de commerce,89000,9,Caution solidaire,0.6,0
CSWA-02814,64,Femme,Semi-urbaine,Marié(e),Primaire,2,Commerce informel,3.7,141000,70000,177,0,359600,Régulière,1,74.3,3.0,1,12,1,Bon payeur ailleurs (solde sans incident),0,0,Fonds de commerce,226000,6,Bien matériel,0.8,0
CSWA-02815,28,Femme,Semi-urbaine,Marié(e),Supérieur,4,Commerce informel,11.3,99000,70000,111,0,102700,Irrégulière,1,73.4,5.0,1,11,0,Non consulté,0,0,Habitat/Réparation,400000,12,Caution solidaire,1.08,0
CSWA-02816,23,Homme,Urbaine,Marié(e),Secondaire,3,Restauration/Transformation,10.1,94000,47000,93,1,8400,Régulière,2,95.0,18.0,1,6,1,Incident de paiement signale ailleurs,0,0,Fonds de commerce,454000,3,Aval d'un tiers,2.3,0
CSWA-02817,50,Homme,Semi-urbaine,Divorcé(e),Secondaire,6,Commerce informel,4.8,55000,19000,23,0,3600,Régulière,1,35.5,1.0,0,0,1,Jamais emprunté ailleurs,0,0,Intrants agricoles,123000,6,Aval d'un tiers,0.76,1
CSWA-02818,59,Femme,Semi-urbaine,Célibataire,Aucun,7,Agriculture,6.1,257000,118000,95,0,198600,Irrégulière,0,,,1,8,0,Non consulté,0,0,Education,942000,18,Caution solidaire,0.69,0
CSWA-02819,24,Femme,Semi-urbaine,Marié(e),Supérieur,3,Restauration/Transformation,11.0,93000,34000,59,1,2500,Régulière,1,87.7,1.0,1,12,0,Non consulté,0,0,Habitat/Réparation,392000,24,Caution solidaire,0.56,0
CSWA-02820,52,Femme,Semi-urbaine,Marié(e),Secondaire,1,Commerce informel,8.8,77000,38000,19,0,13600,Régulière,3,95.6,2.0,1,7,1,Jamais emprunté ailleurs,0,0,Elevage,316000,9,Caution solidaire,1.0,0
CSWA-02821,44,Femme,Rurale,Marié(e),Primaire,1,Agriculture,1.8,93000,48000,96,1,117400,Régulière,1,91.4,1.0,0,0,1,Pret en cours ailleurs,1,382000,Education,304000,18,Bien matériel,1.09,0
CSWA-02822,58,Homme,Rurale,Marié(e),Supérieur,2,Commerce informel,3.0,75000,62000,8,0,3400,Irrégulière,0,,,1,11,0,Non consulté,0,0,Elevage,97000,12,Caution solidaire,0.95,1
CSWA-02823,24,Femme,Rurale,Marié(e),Secondaire,7,Commerce informel,3.9,40000,30000,168,1,85000,Aucune épargne,0,,,1,10,0,Non consulté,0,0,Fonds de commerce,135000,12,Caution solidaire,1.06,0
CSWA-02824,64,Femme,Rurale,Célibataire,Supérieur,5,Commerce informel,4.2,95000,39000,167,1,220400,Irrégulière,3,75.1,6.0,1,13,1,Bon payeur ailleurs (solde sans incident),0,0,Equipement/Matériel,172000,12,Aval d'un tiers,0.58,0
CSWA-02825,48,Homme,Semi-urbaine,Célibataire,Aucun,2,Commerce informel,5.2,36000,15000,131,1,19100,Irrégulière,0,,,0,0,1,Jamais emprunté ailleurs,0,0,Fonds de commerce,47000,24,Caution solidaire,0.48,0
CSWA-02826,58,Homme,Semi-urbaine,Célibataire,Primaire,1,Elevage,6.8,86000,73000,156,1,97300,Régulière,4,78.3,1.0,1,9,1,Jamais emprunté ailleurs,0,0,Education,441000,6,Aucune,1.81,0
CSWA-02827,36,Homme,Rurale,Veuf(ve),Secondaire,2,Commerce informel,5.2,34000,23000,149,0,25000,Régulière,1,91.5,7.0,0,0,1,Pret en cours ailleurs,1,203000,Evénement social,92000,9,Aucune,1.55,0
CSWA-02828,63,Homme,Semi-urbaine,Marié(e),Aucun,3,Agriculture,10.0,25000,17000,146,0,16500,Irrégulière,0,,,0,0,1,Bon payeur ailleurs (solde sans incident),0,0,Equipement/Matériel,35000,36,Aucune,0.72,0
CSWA-02829,48,Femme,Urbaine,Célibataire,Secondaire,3,Restauration/Transformation,4.2,113000,73000,23,1,1200,Régulière,0,,,1,9,1,Bon payeur ailleurs (solde sans incident),0,0,Evénement social,592000,9,Bien matériel,1.3,0
CSWA-02830,24,Femme,Semi-urbaine,Marié(e),Secondaire,3,Restauration/Transformation,10.0,44000,19000,179,1,29300,Irrégulière,1,53.6,1.0,0,0,1,Pret en cours ailleurs,1,240000,Evénement social,64000,24,Aucune,0.99,1
CSWA-02831,62,Femme,Urbaine,Marié(e),Aucun,5,Agriculture,6.3,103000,50000,43,0,53000,Régulière,3,87.4,2.0,1,9,1,Jamais emprunté ailleurs,0,0,Intrants agricoles,557000,6,Aucune,1.5,0
CSWA-02832,56,Homme,Rurale,Marié(e),Secondaire,4,Fonctionnaire,6.1,121000,69000,18,1,29500,Irrégulière,1,72.3,8.0,0,0,1,Jamais emprunté ailleurs,0,0,Equipement/Matériel,156000,24,Caution solidaire,0.63,0
CSWA-02833,33,Femme,Urbaine,Marié(e),Aucun,4,Transport,8.3,88000,50000,159,0,64900,Irrégulière,2,66.6,4.0,1,8,1,Pret en cours ailleurs,3,119000,Fonds de commerce,119000,18,Bien matériel,0.77,0
CSWA-02834,44,Femme,Rurale,Marié(e),Secondaire,3,Artisanat,7.6,57000,48000,138,0,6700,Régulière,1,85.0,1.0,1,11,1,Incident de paiement signale ailleurs,0,0,Education,290000,24,Bien matériel,1.08,0
CSWA-02835,37,Homme,Rurale,Marié(e),Secondaire,2,Agriculture,5.2,75000,28000,108,0,91900,Irrégulière,2,71.3,3.0,1,8,1,Incident de paiement signale ailleurs,0,0,Habitat/Réparation,101000,12,Caution solidaire,0.5,0
CSWA-02836,44,Femme,Urbaine,Marié(e),Primaire,3,Commerce informel,3.4,56000,20000,21,1,12500,Régulière,1,77.4,2.0,1,12,1,Jamais emprunté ailleurs,0,0,Equipement/Matériel,266000,24,Aval d'un tiers,0.58,0
CSWA-02837,64,Homme,Rurale,Veuf(ve),Primaire,0,Agriculture,11.1,136000,110000,58,1,35400,Régulière,0,,,1,8,1,Bon payeur ailleurs (solde sans incident),0,0,Santé,262000,6,Caution solidaire,1.17,0
CSWA-02838,61,Homme,Rurale,Marié(e),Primaire,2,Artisanat,5.9,62000,49000,115,0,87500,Régulière,1,82.2,7.0,1,12,1,Jamais emprunté ailleurs,0,0,Elevage,329000,12,Bien matériel,1.29,0
CSWA-02839,29,Homme,Urbaine,Marié(e),Primaire,0,Autre service,5.9,71000,35000,127,1,103200,Aucune épargne,1,71.8,7.0,1,9,0,Non consulté,0,0,Fonds de commerce,88000,12,Bien matériel,0.61,0
CSWA-02840,64,Homme,Rurale,Divorcé(e),Secondaire,5,Autre service,18.2,122000,62000,130,0,26800,Régulière,1,83.2,3.0,1,5,1,Bon payeur ailleurs (solde sans incident),0,0,Intrants agricoles,563000,18,Aucune,0.8,0
CSWA-02841,39,Femme,Urbaine,Marié(e),Primaire,3,Commerce informel,10.0,57000,37000,45,0,19200,Aucune épargne,1,70.2,6.0,1,11,1,Jamais emprunté ailleurs,0,0,Intrants agricoles,309000,12,Caution solidaire,1.15,0
CSWA-02842,52,Femme,Urbaine,Marié(e),Primaire,1,Autre service,5.0,30000,14000,125,0,10500,Régulière,1,68.2,9.0,0,0,1,Incident de paiement signale ailleurs,0,0,Intrants agricoles,49000,24,Aucune,0.54,0
CSWA-02843,54,Homme,Urbaine,Veuf(ve),Aucun,4,Restauration/Transformation,5.6,45000,35000,20,0,2500,Régulière,5,85.6,1.0,1,6,1,Jamais emprunté ailleurs,0,0,Habitat/Réparation,156000,12,Bien matériel,1.1,0
CSWA-02844,41,Femme,Rurale,Marié(e),Secondaire,4,Restauration/Transformation,3.2,144000,70000,48,1,40300,Aucune épargne,1,60.8,9.0,1,9,1,Pret en cours ailleurs,1,231000,Education,603000,6,Bien matériel,1.41,0
CSWA-02845,40,Homme,Semi-urbaine,Marié(e),Secondaire,1,Fonctionnaire,2.5,190000,72000,4,0,4500,Régulière,3,84.0,0.0,0,0,1,Incident de paiement signale ailleurs,0,0,Equipement/Matériel,218000,6,Bien matériel,0.59,0
CSWA-02846,40,Homme,Rurale,Marié(e),Aucun,2,Agriculture,5.0,95000,59000,159,0,188900,Régulière,0,,,1,7,1,Incident de paiement signale ailleurs,0,0,Elevage,373000,6,Bien matériel,1.35,0
CSWA-02847,59,Homme,Semi-urbaine,Marié(e),Aucun,2,Agriculture,7.3,95000,68000,67,0,43600,Irrégulière,3,88.3,10.0,1,14,1,Pret en cours ailleurs,2,208000,Fonds de commerce,429000,3,Caution solidaire,2.6,0
CSWA-02848,37,Femme,Rurale,Célibataire,Aucun,3,Salarié secteur formel,3.4,135000,112000,102,1,180600,Régulière,1,81.6,2.0,1,17,1,Pret en cours ailleurs,1,107000,Fonds de commerce,280000,12,Caution solidaire,1.09,0
CSWA-02849,32,Homme,Semi-urbaine,Marié(e),Aucun,6,Commerce informel,8.8,26000,17000,2,0,2000,Irrégulière,1,85.8,24.0,1,6,1,Jamais emprunté ailleurs,0,0,Equipement/Matériel,48000,12,Aval d'un tiers,0.83,0
CSWA-02850,35,Femme,Semi-urbaine,Marié(e),Primaire,5,Restauration/Transformation,2.9,75000,30000,165,0,113100,Régulière,0,,,0,0,0,Non consulté,0,0,Intrants agricoles,395000,6,Aval d'un tiers,1.38,1
CSWA-02851,28,Homme,Rurale,Célibataire,Secondaire,3,Transport,5.0,82000,56000,72,0,51300,Aucune épargne,1,74.3,18.0,0,0,1,Incident de paiement signale ailleurs,0,0,Intrants agricoles,335000,12,Caution solidaire,1.06,0
CSWA-02852,37,Femme,Urbaine,Divorcé(e),Primaire,2,Salarié secteur formel,8.3,175000,69000,81,0,43100,Irrégulière,0,,,0,0,0,Non consulté,0,0,Habitat/Réparation,552000,3,Aucune,1.57,0
CSWA-02853,24,Femme,Urbaine,Marié(e),Aucun,6,Commerce informel,15.0,125000,56000,65,1,19000,Régulière,2,70.6,10.0,1,13,1,Bon payeur ailleurs (solde sans incident),0,0,Fonds de commerce,538000,6,Bien matériel,1.25,0
CSWA-02854,23,Homme,Rurale,Marié(e),Secondaire,3,Restauration/Transformation,12.0,127000,63000,62,0,37200,Régulière,1,97.7,11.0,1,8,1,Jamais emprunté ailleurs,0,0,Santé,400000,12,Bien matériel,0.79,0
CSWA-02855,53,Homme,Rurale,Veuf(ve),Secondaire,3,Commerce informel,10.5,72000,27000,56,1,41000,Régulière,1,61.1,19.0,1,9,0,Non consulté,0,0,Education,377000,9,Aucune,1.03,1
CSWA-02856,22,Femme,Urbaine,Célibataire,Primaire,2,Salarié secteur formel,6.0,121000,64000,162,0,255200,Régulière,0,,,1,16,1,Jamais emprunté ailleurs,0,0,Equipement/Matériel,649000,9,Aucune,1.2,1
CSWA-02857,45,Femme,Semi-urbaine,Marié(e),Aucun,8,Elevage,9.1,321000,235000,15,1,12500,Aucune épargne,1,80.8,1.0,1,11,1,Pret en cours ailleurs,1,325000,Elevage,867000,6,Aval d'un tiers,1.33,1
CSWA-02858,55,Femme,Semi-urbaine,Marié(e),Secondaire,2,Artisanat,4.7,81000,31000,147,1,18400,Régulière,1,59.9,4.0,1,11,0,Non consulté,0,0,Elevage,140000,3,Aucune,1.03,0
CSWA-02859,53,Homme,Urbaine,Célibataire,Aucun,5,Salarié secteur formel,8.0,230000,138000,46,0,134900,Régulière,0,,,1,5,1,Bon payeur ailleurs (solde sans incident),0,0,Education,391000,12,Caution solidaire,0.76,0
CSWA-02860,39,Homme,Urbaine,Marié(e),Secondaire,1,Elevage,2.4,162000,75000,16,1,14500,Irrégulière,2,79.0,5.0,1,10,1,Bon payeur ailleurs (solde sans incident),0,0,Fonds de commerce,361000,12,Caution solidaire,0.67,0
CSWA-02861,28,Femme,Urbaine,Marié(e),Secondaire,3,Elevage,6.8,65000,41000,158,1,41400,Régulière,1,86.6,22.0,1,11,1,Jamais emprunté ailleurs,0,0,Intrants agricoles,274000,12,Bien matériel,1.02,0
CSWA-02862,62,Femme,Rurale,Veuf(ve),Secondaire,6,Elevage,2.4,164000,98000,79,1,5900,Régulière,4,96.8,2.0,0,0,1,Pret en cours ailleurs,1,346000,Santé,139000,6,Bien matériel,0.95,1
CSWA-02863,58,Homme,Semi-urbaine,Marié(e),Aucun,3,Artisanat,10.2,68000,29000,163,1,36300,Régulière,1,79.2,2.0,0,0,1,Jamais emprunté ailleurs,0,0,Fonds de commerce,123000,12,Bien matériel,0.6,0
CSWA-02864,47,Femme,Rurale,Marié(e),Aucun,5,Restauration/Transformation,8.8,221000,172000,14,0,3000,Régulière,1,78.2,1.0,1,5,1,Jamais emprunté ailleurs,0,0,Education,918000,12,Caution solidaire,1.17,1
CSWA-02865,23,Femme,Urbaine,Marié(e),Secondaire,3,Transport,12.6,104000,62000,14,1,15300,Aucune épargne,0,,,0,0,0,Non consulté,0,0,Evénement social,538000,12,Caution solidaire,1.08,1
CSWA-02866,20,Homme,Rurale,Veuf(ve),Primaire,0,Commerce informel,2.6,56000,47000,157,1,11800,Régulière,1,78.9,7.0,1,3,1,Jamais emprunté ailleurs,0,0,Santé,305000,6,Bien matériel,1.86,0
CSWA-02867,33,Homme,Urbaine,Marié(e),Primaire,0,Agriculture,18.1,268000,226000,46,1,140000,Régulière,1,80.8,0.0,1,14,0,Non consulté,0,0,Education,299000,6,Caution solidaire,1.05,0
CSWA-02868,26,Homme,Rurale,Célibataire,Primaire,1,Agriculture,5.6,113000,54000,87,1,102200,Irrégulière,0,,,1,9,1,Jamais emprunté ailleurs,0,0,Education,430000,3,Caution solidaire,1.9,0
CSWA-02869,59,Femme,Rurale,Marié(e),Aucun,2,Commerce informel,10.1,58000,46000,30,1,1400,Irrégulière,1,93.7,3.0,1,9,1,Bon payeur ailleurs (solde sans incident),0,0,Elevage,302000,12,Caution solidaire,1.28,0
CSWA-02870,28,Femme,Rurale,Marié(e),Secondaire,3,Restauration/Transformation,3.1,37000,26000,48,1,26400,Régulière,1,65.4,2.0,1,7,0,Non consulté,0,0,Intrants agricoles,63000,12,Bien matériel,0.86,0
CSWA-02871,32,Femme,Rurale,Veuf(ve),Supérieur,3,Elevage,7.1,119000,67000,104,1,181900,Irrégulière,0,,,1,13,1,Bon payeur ailleurs (solde sans incident),0,0,Fonds de commerce,455000,3,Aucune,1.99,0
CSWA-02872,64,Homme,Semi-urbaine,Marié(e),Secondaire,1,Commerce informel,5.2,173000,131000,13,0,32000,Irrégulière,0,,,1,11,0,Non consulté,0,0,Habitat/Réparation,854000,6,Caution solidaire,1.68,0
CSWA-02873,57,Femme,Urbaine,Marié(e),Primaire,2,Artisanat,8.8,100000,56000,139,0,54800,Régulière,1,89.8,2.0,1,10,1,Pret en cours ailleurs,1,152000,Santé,157000,12,Caution solidaire,0.84,1
CSWA-02874,29,Femme,Semi-urbaine,Célibataire,Supérieur,3,Agriculture,1.6,97000,58000,53,1,52100,Aucune épargne,3,47.6,1.0,0,0,0,Non consulté,0,0,Fonds de commerce,117000,6,Aucune,0.82,0
CSWA-02875,37,Femme,Urbaine,Marié(e),Secondaire,4,Restauration/Transformation,2.9,190000,102000,164,1,215200,Aucune épargne,1,79.0,15.0,1,5,0,Non consulté,0,0,Intrants agricoles,290000,3,Bien matériel,1.11,1
CSWA-02876,43,Femme,Urbaine,Marié(e),Aucun,7,Commerce informel,10.7,112000,86000,66,0,38600,Régulière,2,77.7,4.0,1,7,1,Pret en cours ailleurs,3,86000,Intrants agricoles,184000,6,Caution solidaire,1.14,1
CSWA-02877,50,Homme,Semi-urbaine,Célibataire,Secondaire,5,Commerce informel,2.9,56000,45000,130,0,47800,Régulière,1,47.0,1.0,0,0,1,Jamais emprunté ailleurs,0,0,Fonds de commerce,277000,12,Bien matériel,1.27,0
CSWA-02878,63,Femme,Rurale,Marié(e),Aucun,2,Commerce informel,5.3,58000,25000,175,0,107000,Irrégulière,1,58.1,6.0,1,9,1,Bon payeur ailleurs (solde sans incident),0,0,Equipement/Matériel,84000,6,Bien matériel,0.7,0
CSWA-02879,59,Homme,Urbaine,Célibataire,Primaire,1,Agriculture,4.8,110000,71000,118,1,25000,Régulière,0,,,1,9,0,Non consulté,0,0,Evénement social,166000,24,Aucune,0.72,0
CSWA-02880,64,Homme,Rurale,Marié(e),Primaire,6,Restauration/Transformation,6.7,107000,44000,179,0,131200,Régulière,0,,,1,8,1,Jamais emprunté ailleurs,0,0,Santé,277000,9,Aval d'un tiers,0.73,0
CSWA-02881,20,Homme,Rurale,Marié(e),Aucun,3,Artisanat,3.3,147000,117000,129,1,266800,Régulière,0,,,1,7,1,Incident de paiement signale ailleurs,0,0,Fonds de commerce,376000,3,Bien matériel,1.75,0
CSWA-02882,30,Femme,Semi-urbaine,Célibataire,Aucun,3,Commerce informel,11.2,99000,46000,84,1,77300,Régulière,1,58.2,1.0,1,9,1,Pret en cours ailleurs,1,264000,Intrants agricoles,213000,24,Aval d'un tiers,0.81,0
CSWA-02883,45,Femme,Rurale,Marié(e),Primaire,4,Artisanat,6.8,117000,43000,178,0,287200,Régulière,0,,,0,0,1,Jamais emprunté ailleurs,0,0,Education,230000,24,Bien matériel,0.46,0
CSWA-02884,21,Homme,Urbaine,Veuf(ve),Aucun,8,Elevage,11.9,98000,71000,165,1,11500,Irrégulière,1,54.4,3.0,1,9,1,Bon payeur ailleurs (solde sans incident),0,0,Fonds de commerce,367000,3,Caution solidaire,2.12,0
CSWA-02885,35,Femme,Rurale,Veuf(ve),Primaire,3,Transport,8.7,137000,94000,168,0,199400,Irrégulière,1,94.8,1.0,1,9,1,Bon payeur ailleurs (solde sans incident),0,0,Fonds de commerce,416000,9,Caution solidaire,1.06,0
CSWA-02886,26,Femme,Urbaine,Célibataire,Aucun,1,Commerce informel,6.6,122000,68000,144,0,185500,Irrégulière,4,88.3,0.0,1,2,1,Jamais emprunté ailleurs,0,0,Habitat/Réparation,337000,12,Bien matériel,0.82,0
CSWA-02887,62,Homme,Urbaine,Marié(e),Secondaire,3,Restauration/Transformation,0.8,70000,46000,18,0,6700,Aucune épargne,5,66.5,1.0,1,6,1,Pret en cours ailleurs,1,165000,Habitat/Réparation,356000,6,Bien matériel,1.82,1
CSWA-02888,21,Femme,Rurale,Marié(e),Secondaire,1,Artisanat,8.0,73000,54000,139,1,21800,Régulière,2,87.2,6.0,1,9,0,Non consulté,0,0,Habitat/Réparation,283000,12,Bien matériel,1.1,0
CSWA-02889,25,Homme,Semi-urbaine,Veuf(ve),Aucun,3,Artisanat,7.9,97000,42000,42,1,6700,Régulière,3,79.1,0.0,1,12,1,Incident de paiement signale ailleurs,0,0,Habitat/Réparation,139000,18,Caution solidaire,0.52,0
CSWA-02890,28,Femme,Urbaine,Marié(e),Secondaire,2,Agriculture,11.8,86000,43000,49,0,34800,Régulière,1,87.5,1.0,1,5,1,Jamais emprunté ailleurs,0,0,Equipement/Matériel,230000,12,Caution solidaire,0.75,0
CSWA-02891,25,Homme,Semi-urbaine,Célibataire,Aucun,0,Commerce informel,6.2,167000,99000,141,0,74300,Irrégulière,4,96.3,11.0,0,0,0,Non consulté,0,0,Fonds de commerce,549000,6,Aval d'un tiers,1.21,0
CSWA-02892,45,Homme,Rurale,Célibataire,Primaire,0,Commerce informel,0.4,91000,61000,134,0,13000,Régulière,1,86.8,0.0,1,5,0,Non consulté,0,0,Intrants agricoles,267000,6,Caution solidaire,1.22,0
CSWA-02893,36,Femme,Semi-urbaine,Marié(e),Primaire,5,Salarié secteur formel,5.9,158000,104000,14,1,27700,Régulière,2,73.7,3.0,1,5,1,Bon payeur ailleurs (solde sans incident),0,0,Intrants agricoles,776000,36,Caution solidaire,0.81,0
CSWA-02894,61,Homme,Urbaine,Marié(e),Aucun,4,Artisanat,8.2,42000,25000,179,1,91300,Régulière,3,81.5,7.0,0,0,1,Incident de paiement signale ailleurs,0,0,Intrants agricoles,51000,9,Bien matériel,0.75,0
CSWA-02895,31,Femme,Rurale,Célibataire,Aucun,2,Artisanat,5.9,71000,48000,124,0,99400,Irrégulière,0,,,0,0,1,Pret en cours ailleurs,1,94000,Fonds de commerce,109000,12,Aucune,0.94,0
CSWA-02896,44,Femme,Urbaine,Marié(e),Secondaire,4,Elevage,4.3,120000,43000,152,1,152600,Irrégulière,1,88.9,12.0,1,9,1,Pret en cours ailleurs,1,180000,Intrants agricoles,585000,24,Aucune,0.72,0
CSWA-02897,50,Homme,Urbaine,Marié(e),Secondaire,4,Commerce informel,9.1,54000,28000,163,0,69600,Irrégulière,2,64.8,0.0,0,0,1,Incident de paiement signale ailleurs,0,0,Intrants agricoles,204000,18,Aucune,0.75,1
CSWA-02898,48,Femme,Urbaine,Marié(e),Supérieur,6,Agriculture,1.4,116000,74000,98,1,95400,Irrégulière,2,90.8,6.0,1,11,1,Pret en cours ailleurs,1,79000,Habitat/Réparation,117000,6,Aval d'un tiers,0.89,0
CSWA-02899,56,Femme,Urbaine,Célibataire,Supérieur,4,Artisanat,5.8,53000,27000,60,1,37100,Régulière,1,42.3,10.0,1,12,1,Bon payeur ailleurs (solde sans incident),0,0,Fonds de commerce,187000,24,Bien matériel,0.67,0
CSWA-02900,28,Femme,Urbaine,Marié(e),Primaire,5,Commerce informel,4.5,88000,72000,1,0,7900,Irrégulière,1,83.1,4.0,1,11,1,Jamais emprunté ailleurs,0,0,Education,472000,18,Caution solidaire,1.15,0
CSWA-02901,42,Femme,Urbaine,Marié(e),Aucun,5,Fonctionnaire,2.9,176000,146000,130,1,56000,Régulière,1,63.9,1.0,1,9,1,Jamais emprunté ailleurs,0,0,Evénement social,727000,18,Bien matériel,1.09,0
CSWA-02902,56,Homme,Semi-urbaine,Célibataire,Aucun,1,Commerce informel,6.7,43000,23000,68,1,15900,Irrégulière,0,,,0,0,1,Bon payeur ailleurs (solde sans incident),0,0,Santé,66000,6,Bien matériel,0.82,0
CSWA-02903,59,Homme,Semi-urbaine,Célibataire,Primaire,2,Restauration/Transformation,12.7,100000,47000,76,1,78700,Irrégulière,2,61.8,6.0,1,6,1,Incident de paiement signale ailleurs,0,0,Equipement/Matériel,236000,3,Bien matériel,1.35,0
CSWA-02904,48,Femme,Urbaine,Divorcé(e),Secondaire,7,Agriculture,3.2,197000,91000,118,0,195600,Régulière,1,81.7,6.0,1,9,1,Bon payeur ailleurs (solde sans incident),0,0,Equipement/Matériel,635000,12,Aval d'un tiers,0.76,0
CSWA-02905,49,Femme,Semi-urbaine,Marié(e),Aucun,3,Salarié secteur formel,8.0,192000,110000,75,1,201500,Régulière,1,77.8,3.0,0,0,1,Bon payeur ailleurs (solde sans incident),0,0,Intrants agricoles,209000,12,Bien matériel,0.67,0
CSWA-02906,59,Femme,Urbaine,Veuf(ve),Aucun,5,Salarié secteur formel,7.3,85000,70000,25,0,9400,Régulière,3,78.0,20.0,1,8,1,Bon payeur ailleurs (solde sans incident),0,0,Equipement/Matériel,137000,3,Caution solidaire,1.42,0
CSWA-02907,48,Femme,Rurale,Célibataire,Primaire,1,Agriculture,2.6,93000,44000,157,0,159500,Irrégulière,0,,,1,7,1,Pret en cours ailleurs,1,112000,Intrants agricoles,235000,3,Aval d'un tiers,1.52,0
CSWA-02908,63,Homme,Semi-urbaine,Célibataire,Secondaire,0,Elevage,7.3,85000,44000,74,1,67700,Régulière,3,72.1,4.0,1,10,1,Bon payeur ailleurs (solde sans incident),0,0,Equipement/Matériel,359000,6,Bien matériel,1.31,0
CSWA-02909,24,Femme,Rurale,Marié(e),Primaire,4,Autre service,4.6,82000,52000,130,1,121700,Aucune épargne,1,67.6,0.0,1,10,1,Bon payeur ailleurs (solde sans incident),0,0,Elevage,136000,12,Aucune,0.79,1
CSWA-02910,35,Homme,Urbaine,Marié(e),Secondaire,5,Artisanat,3.8,78000,50000,128,1,97400,Irrégulière,1,87.5,5.0,1,8,1,Bon payeur ailleurs (solde sans incident),0,0,Education,228000,12,Caution solidaire,0.91,0
CSWA-02911,24,Homme,Urbaine,Marié(e),Primaire,1,Commerce informel,3.7,34000,23000,45,0,20400,Régulière,3,57.6,9.0,1,8,1,Jamais emprunté ailleurs,0,0,Santé,112000,12,Aucune,0.99,0
CSWA-02912,23,Femme,Rurale,Marié(e),Primaire,4,Transport,18.9,104000,74000,161,0,197400,Régulière,2,41.0,5.0,1,8,1,Jamais emprunté ailleurs,0,0,Santé,345000,12,Bien matériel,1.02,0
CSWA-02913,41,Homme,Rurale,Marié(e),Primaire,4,Agriculture,1.8,45000,34000,178,0,98500,Régulière,0,,,1,5,1,Jamais emprunté ailleurs,0,0,Evénement social,229000,6,Bien matériel,1.7,0
CSWA-02914,29,Femme,Rurale,Veuf(ve),Secondaire,1,Commerce informel,10.4,99000,59000,127,0,86400,Irrégulière,0,,,1,8,1,Incident de paiement signale ailleurs,0,0,Habitat/Réparation,404000,36,Bien matériel,0.72,1
CSWA-02915,38,Homme,Rurale,Marié(e),Secondaire,4,Salarié secteur formel,5.0,149000,57000,154,1,31100,Aucune épargne,0,,,1,14,1,Bon payeur ailleurs (solde sans incident),0,0,Habitat/Réparation,719000,24,Caution solidaire,0.61,0
CSWA-02916,39,Femme,Urbaine,Veuf(ve),Primaire,2,Autre service,3.1,101000,70000,110,1,92800,Irrégulière,0,,,1,12,1,Jamais emprunté ailleurs,0,0,Elevage,538000,12,Caution solidaire,1.19,0
CSWA-02917,48,Femme,Rurale,Marié(e),Aucun,4,Commerce informel,4.4,50000,32000,56,1,20600,Régulière,2,93.1,5.0,1,8,1,Bon payeur ailleurs (solde sans incident),0,0,Equipement/Matériel,256000,3,Caution solidaire,2.55,0
CSWA-02918,63,Femme,Urbaine,Célibataire,Aucun,3,Agriculture,10.9,96000,44000,41,0,54900,Régulière,0,,,0,0,1,Jamais emprunté ailleurs,0,0,Fonds de commerce,459000,6,Aval d'un tiers,1.35,0
CSWA-02919,58,Femme,Semi-urbaine,Marié(e),Aucun,0,Commerce informel,11.2,72000,56000,170,1,125700,Aucune épargne,2,76.7,11.0,0,0,1,Bon payeur ailleurs (solde sans incident),0,0,Intrants agricoles,252000,3,Caution solidaire,2.08,0
CSWA-02920,36,Homme,Rurale,Célibataire,Aucun,1,Salarié secteur formel,3.0,131000,94000,121,0,189300,Régulière,1,48.2,8.0,1,5,1,Bon payeur ailleurs (solde sans incident),0,0,Fonds de commerce,207000,12,Caution solidaire,0.86,0
CSWA-02921,34,Homme,Rurale,Marié(e),Aucun,2,Salarié secteur formel,7.1,127000,71000,88,1,118200,Irrégulière,1,84.3,27.0,1,10,0,Non consulté,0,0,Elevage,214000,9,Bien matériel,0.77,0
CSWA-02922,55,Homme,Rurale,Veuf(ve),Secondaire,5,Fonctionnaire,6.9,60000,50000,151,1,87600,Régulière,3,97.1,6.0,1,11,1,Pret en cours ailleurs,3,228000,Fonds de commerce,202000,3,Bien matériel,2.43,0
CSWA-02923,24,Homme,Urbaine,Marié(e),Secondaire,3,Commerce informel,4.9,106000,73000,102,0,148500,Régulière,2,81.1,5.0,1,5,0,Non consulté,0,0,Habitat/Réparation,333000,6,Caution solidaire,1.28,0
CSWA-02924,44,Femme,Urbaine,Marié(e),Secondaire,5,Commerce informel,7.6,187000,152000,79,1,19500,Régulière,0,,,1,11,1,Jamais emprunté ailleurs,0,0,Intrants agricoles,584000,3,Aucune,1.98,0
CSWA-02925,38,Femme,Rurale,Veuf(ve),Secondaire,3,Artisanat,8.6,100000,71000,11,0,14500,Régulière,1,55.6,20.0,1,12,1,Jamais emprunté ailleurs,0,0,Fonds de commerce,131000,12,Bien matériel,0.83,0
CSWA-02926,27,Homme,Rurale,Marié(e),Supérieur,4,Commerce informel,2.9,58000,41000,161,0,113200,Régulière,3,94.3,9.0,1,11,1,Incident de paiement signale ailleurs,0,0,Intrants agricoles,229000,9,Aucune,1.2,1
CSWA-02927,47,Homme,Rurale,Célibataire,Supérieur,4,Commerce informel,1.7,60000,28000,13,0,11600,Irrégulière,0,,,1,7,0,Non consulté,0,0,Equipement/Matériel,272000,18,Caution solidaire,0.75,0
CSWA-02928,34,Femme,Semi-urbaine,Marié(e),Aucun,2,Commerce informel,2.6,37000,21000,61,1,5200,Régulière,3,68.4,2.0,1,7,1,Pret en cours ailleurs,2,94000,Equipement/Matériel,131000,24,Aucune,0.96,0
CSWA-02929,27,Femme,Urbaine,Marié(e),Aucun,1,Restauration/Transformation,4.3,85000,57000,109,0,117600,Irrégulière,4,53.8,2.0,1,9,1,Pret en cours ailleurs,2,229000,Evénement social,338000,12,Aucune,1.28,0
CSWA-02930,49,Homme,Urbaine,Marié(e),Aucun,4,Restauration/Transformation,4.9,87000,66000,114,0,38800,Régulière,2,91.0,5.0,1,8,0,Non consulté,0,0,Fonds de commerce,269000,9,Aucune,1.14,0
CSWA-02931,27,Femme,Rurale,Marié(e),Secondaire,1,Transport,9.1,70000,56000,117,0,10200,Aucune épargne,3,77.7,9.0,1,11,1,Jamais emprunté ailleurs,0,0,Evénement social,249000,18,Bien matériel,1.02,0
CSWA-02932,50,Femme,Urbaine,Marié(e),Aucun,8,Commerce informel,5.4,177000,69000,152,0,108100,Régulière,1,60.9,7.0,1,4,1,Bon payeur ailleurs (solde sans incident),0,0,Fonds de commerce,252000,6,Aucune,0.66,0
CSWA-02933,26,Femme,Urbaine,Marié(e),Primaire,3,Transport,4.4,79000,56000,93,0,18500,Aucune épargne,1,62.7,22.0,1,5,1,Jamais emprunté ailleurs,0,0,Fonds de commerce,105000,12,Caution solidaire,0.83,0
CSWA-02934,39,Homme,Semi-urbaine,Célibataire,Primaire,4,Elevage,1.6,34000,16000,160,0,24700,Régulière,2,63.7,10.0,1,14,1,Jamais emprunté ailleurs,0,0,Fonds de commerce,77000,24,Caution solidaire,0.58,0
CSWA-02935,56,Femme,Semi-urbaine,Divorcé(e),Primaire,3,Agriculture,10.7,186000,131000,105,0,268600,Régulière,2,91.4,14.0,1,10,1,Bon payeur ailleurs (solde sans incident),0,0,Equipement/Matériel,560000,24,Caution solidaire,0.84,0
CSWA-02936,29,Homme,Semi-urbaine,Marié(e),Primaire,3,Artisanat,3.0,43000,22000,85,1,36400,Irrégulière,3,56.8,1.0,1,8,1,Jamais emprunté ailleurs,0,0,Habitat/Réparation,88000,12,Caution solidaire,0.7,0
CSWA-02937,55,Homme,Urbaine,Marié(e),Secondaire,3,Transport,11.2,109000,69000,70,0,66400,Irrégulière,0,,,1,5,1,Jamais emprunté ailleurs,0,0,Fonds de commerce,475000,3,Aval d'un tiers,2.26,0
CSWA-02938,52,Femme,Urbaine,Marié(e),Primaire,5,Commerce informel,4.1,117000,72000,83,1,127400,Irrégulière,0,,,1,10,1,Bon payeur ailleurs (solde sans incident),0,0,Fonds de commerce,469000,6,Aval d'un tiers,1.36,0
CSWA-02939,61,Femme,Rurale,Célibataire,Secondaire,3,Transport,2.7,79000,62000,86,1,91800,Régulière,0,,,0,0,1,Bon payeur ailleurs (solde sans incident),0,0,Santé,223000,9,Caution solidaire,1.14,0
CSWA-02940,26,Homme,Semi-urbaine,Marié(e),Aucun,3,Artisanat,5.7,138000,93000,171,1,341400,Irrégulière,3,80.2,2.0,1,8,1,Pret en cours ailleurs,1,165000,Evénement social,267000,12,Caution solidaire,0.96,0
CSWA-02941,52,Femme,Urbaine,Célibataire,Secondaire,2,Artisanat,3.3,86000,41000,30,0,34000,Régulière,2,94.2,2.0,0,0,1,Bon payeur ailleurs (solde sans incident),0,0,Fonds de commerce,189000,36,Caution solidaire,0.55,0
CSWA-02942,63,Homme,Urbaine,Marié(e),Primaire,9,Salarié secteur formel,4.7,147000,98000,84,1,152300,Régulière,3,87.4,19.0,0,0,1,Jamais emprunté ailleurs,0,0,Fonds de commerce,213000,36,Aucune,0.71,0
CSWA-02943,54,Femme,Urbaine,Marié(e),Aucun,1,Restauration/Transformation,5.6,26000,17000,23,1,1000,Irrégulière,3,64.0,17.0,1,7,0,Non consulté,0,0,Santé,30000,12,Aucune,0.76,0
CSWA-02944,27,Femme,Semi-urbaine,Célibataire,Supérieur,3,Artisanat,8.6,32000,17000,1,1,2400,Irrégulière,1,88.1,1.0,1,9,1,Pret en cours ailleurs,1,91000,Fonds de commerce,34000,12,Bien matériel,0.89,0
CSWA-02945,57,Femme,Semi-urbaine,Marié(e),Supérieur,1,Agriculture,14.6,376000,181000,82,0,187700,Régulière,0,,,1,8,1,Bon payeur ailleurs (solde sans incident),0,0,Fonds de commerce,344000,12,Bien matériel,0.57,0
CSWA-02946,24,Femme,Rurale,Marié(e),Secondaire,1,Elevage,3.8,124000,100000,88,1,13700,Irrégulière,0,,,1,8,1,Jamais emprunté ailleurs,0,0,Elevage,542000,24,Aval d'un tiers,1.01,0
CSWA-02947,46,Femme,Urbaine,Marié(e),Supérieur,4,Salarié secteur formel,6.0,156000,67000,53,0,13800,Aucune épargne,3,65.3,16.0,1,11,1,Bon payeur ailleurs (solde sans incident),0,0,Elevage,199000,6,Bien matériel,0.67,0
CSWA-02948,42,Femme,Rurale,Marié(e),Primaire,2,Autre service,2.3,330000,139000,109,0,238100,Irrégulière,2,84.5,5.0,1,7,1,Jamais emprunté ailleurs,0,0,Evénement social,1111000,3,Aucune,1.68,0
CSWA-02949,43,Femme,Rurale,Marié(e),Aucun,4,Restauration/Transformation,7.8,68000,44000,3,0,8700,Aucune épargne,1,96.3,4.0,1,8,0,Non consulté,0,0,Elevage,141000,3,Bien matériel,1.42,0
CSWA-02950,43,Femme,Urbaine,Célibataire,Aucun,1,Transport,6.2,77000,39000,134,1,72200,Régulière,3,94.8,6.0,0,0,1,Jamais emprunté ailleurs,0,0,Elevage,72000,9,Aucune,0.62,0
CSWA-02951,20,Homme,Urbaine,Marié(e),Secondaire,3,Restauration/Transformation,1.6,33000,20000,75,0,28900,Régulière,0,,,1,7,0,Non consulté,0,0,Fonds de commerce,158000,9,Caution solidaire,1.2,0
CSWA-02952,42,Femme,Rurale,Marié(e),Secondaire,1,Transport,6.5,71000,34000,15,0,3700,Régulière,1,98.2,0.0,1,7,1,Bon payeur ailleurs (solde sans incident),0,0,Intrants agricoles,376000,6,Aucune,1.47,0
CSWA-02953,63,Homme,Urbaine,Marié(e),Supérieur,4,Commerce informel,3.2,70000,37000,168,0,44600,Régulière,1,83.5,11.0,1,7,1,Incident de paiement signale ailleurs,0,0,Elevage,302000,9,Bien matériel,1.07,0
CSWA-02954,39,Femme,Semi-urbaine,Marié(e),Secondaire,4,Agriculture,4.7,67000,37000,104,1,88500,Aucune épargne,1,89.2,0.0,0,0,1,Bon payeur ailleurs (solde sans incident),0,0,Equipement/Matériel,304000,18,Aval d'un tiers,0.83,0
CSWA-02955,32,Homme,Rurale,Veuf(ve),Secondaire,4,Artisanat,12.6,148000,93000,85,0,57800,Irrégulière,1,98.8,30.0,1,9,1,Incident de paiement signale ailleurs,0,0,Fonds de commerce,716000,6,Bien matériel,1.53,0
CSWA-02956,65,Homme,Urbaine,Marié(e),Aucun,6,Artisanat,1.8,123000,48000,110,0,133300,Régulière,2,89.5,1.0,1,9,1,Bon payeur ailleurs (solde sans incident),0,0,Fonds de commerce,151000,12,Bien matériel,0.5,0
CSWA-02957,23,Femme,Rurale,Marié(e),Aucun,4,Artisanat,8.2,138000,78000,100,0,5100,Irrégulière,2,60.9,2.0,1,12,0,Non consulté,0,0,Intrants agricoles,440000,12,Bien matériel,0.86,0
CSWA-02958,41,Homme,Rurale,Marié(e),Primaire,4,Autre service,2.9,42000,29000,123,1,3800,Régulière,4,65.2,0.0,1,10,1,Pret en cours ailleurs,1,168000,Equipement/Matériel,124000,36,Aucune,1.14,0
CSWA-02959,43,Homme,Urbaine,Divorcé(e),Secondaire,5,Salarié secteur formel,2.5,116000,82000,131,0,110900,Régulière,3,65.6,0.0,0,0,1,Jamais emprunté ailleurs,0,0,Fonds de commerce,557000,12,Bien matériel,1.16,0
CSWA-02960,41,Femme,Rurale,Célibataire,Aucun,1,Salarié secteur formel,3.7,100000,49000,50,0,44900,Aucune épargne,2,72.9,11.0,1,11,1,Pret en cours ailleurs,2,210000,Fonds de commerce,121000,9,Bien matériel,0.83,1
CSWA-02961,62,Homme,Urbaine,Marié(e),Supérieur,2,Salarié secteur formel,2.4,105000,65000,117,0,18300,Régulière,2,90.1,2.0,1,15,1,Jamais emprunté ailleurs,0,0,Evénement social,237000,3,Aucune,1.46,0
CSWA-02962,38,Homme,Urbaine,Marié(e),Secondaire,5,Transport,16.6,89000,48000,138,0,146000,Irrégulière,1,49.1,10.0,1,16,1,Bon payeur ailleurs (solde sans incident),0,0,Fonds de commerce,431000,24,Caution solidaire,0.77,0
CSWA-02963,64,Femme,Rurale,Célibataire,Primaire,1,Restauration/Transformation,1.7,76000,28000,25,1,2500,Régulière,0,,,1,12,1,Bon payeur ailleurs (solde sans incident),0,0,Equipement/Matériel,414000,9,Caution solidaire,1.05,0
CSWA-02964,22,Homme,Rurale,Célibataire,Secondaire,5,Commerce informel,2.2,151000,85000,143,1,215900,Régulière,3,95.7,11.0,1,9,1,Pret en cours ailleurs,1,172000,Fonds de commerce,261000,18,Aucune,0.77,0
CSWA-02965,53,Homme,Urbaine,Marié(e),Primaire,0,Salarié secteur formel,1.3,160000,110000,63,1,103000,Régulière,3,59.1,7.0,0,0,1,Incident de paiement signale ailleurs,0,0,Fonds de commerce,245000,12,Caution solidaire,0.83,0
CSWA-02966,46,Homme,Urbaine,Célibataire,Secondaire,3,Commerce informel,3.2,108000,89000,25,0,18300,Aucune épargne,1,94.5,13.0,0,0,1,Pret en cours ailleurs,2,157000,Elevage,230000,12,Caution solidaire,1.15,1
CSWA-02967,30,Homme,Rurale,Marié(e),Primaire,3,Restauration/Transformation,5.7,106000,43000,128,0,96500,Régulière,1,59.3,6.0,0,0,1,Jamais emprunté ailleurs,0,0,Santé,438000,6,Caution solidaire,1.18,0
CSWA-02968,29,Homme,Urbaine,Marié(e),Primaire,4,Commerce informel,6.1,62000,35000,139,0,3200,Régulière,2,75.1,2.0,1,11,1,Incident de paiement signale ailleurs,0,0,Fonds de commerce,214000,6,Caution solidaire,1.21,1
CSWA-02969,52,Homme,Semi-urbaine,Marié(e),Aucun,6,Artisanat,6.6,57000,47000,100,1,46600,Régulière,2,76.5,21.0,1,5,1,Jamais emprunté ailleurs,0,0,Intrants agricoles,83000,9,Caution solidaire,1.01,0
CSWA-02970,48,Femme,Rurale,Marié(e),Primaire,3,Agriculture,6.9,79000,46000,111,0,41800,Irrégulière,1,80.6,9.0,1,13,1,Bon payeur ailleurs (solde sans incident),0,0,Habitat/Réparation,167000,18,Aucune,0.71,0
CSWA-02971,47,Femme,Semi-urbaine,Marié(e),Secondaire,3,Restauration/Transformation,9.5,64000,51000,82,1,19200,Régulière,4,76.8,16.0,0,0,1,Jamais emprunté ailleurs,0,0,Fonds de commerce,123000,6,Bien matériel,1.16,0
CSWA-02972,21,Homme,Rurale,Marié(e),Supérieur,2,Salarié secteur formel,12.8,66000,46000,79,0,10000,Régulière,2,81.4,8.0,1,9,0,Non consulté,0,0,Fonds de commerce,208000,6,Bien matériel,1.28,0
CSWA-02973,47,Homme,Semi-urbaine,Célibataire,Secondaire,7,Commerce informel,7.7,120000,94000,59,1,66100,Régulière,5,97.8,54.0,1,9,1,Bon payeur ailleurs (solde sans incident),0,0,Santé,192000,6,Caution solidaire,1.08,0
CSWA-02974,65,Femme,Urbaine,Célibataire,Aucun,3,Commerce informel,5.6,111000,81000,141,1,201700,Irrégulière,2,90.4,4.0,0,0,1,Pret en cours ailleurs,2,83000,Education,466000,6,Aucune,1.58,1
CSWA-02975,19,Femme,Urbaine,Marié(e),Supérieur,4,Fonctionnaire,3.0,129000,50000,89,1,24900,Régulière,1,87.6,3.0,1,11,0,Non consulté,0,0,Fonds de commerce,114000,6,Caution solidaire,0.55,0
CSWA-02976,41,Homme,Urbaine,Marié(e),Aucun,9,Commerce informel,6.0,51000,37000,23,0,12900,Aucune épargne,1,62.1,9.0,1,9,1,Incident de paiement signale ailleurs,0,0,Habitat/Réparation,65000,24,Caution solidaire,0.78,1
CSWA-02977,42,Femme,Urbaine,Célibataire,Aucun,1,Restauration/Transformation,7.6,106000,44000,44,0,34400,Régulière,3,93.3,5.0,1,7,1,Jamais emprunté ailleurs,0,0,Elevage,227000,12,Caution solidaire,0.62,0
CSWA-02978,61,Homme,Semi-urbaine,Marié(e),Secondaire,6,Transport,4.5,212000,154000,65,0,6600,Irrégulière,3,81.8,10.0,1,9,1,Bon payeur ailleurs (solde sans incident),0,0,Santé,516000,12,Caution solidaire,0.95,0
CSWA-02979,32,Femme,Rurale,Marié(e),Supérieur,5,Restauration/Transformation,8.5,142000,79000,135,1,144000,Irrégulière,1,92.5,8.0,1,9,1,Incident de paiement signale ailleurs,0,0,Intrants agricoles,290000,9,Aucune,0.81,0
CSWA-02980,41,Femme,Rurale,Célibataire,Supérieur,5,Commerce informel,6.8,156000,108000,161,1,319900,Régulière,1,79.9,18.0,1,12,1,Bon payeur ailleurs (solde sans incident),0,0,Equipement/Matériel,590000,6,Bien matériel,1.4,0
CSWA-02981,52,Femme,Rurale,Marié(e),Secondaire,2,Restauration/Transformation,3.3,68000,26000,30,0,29300,Irrégulière,1,71.0,10.0,1,7,1,Jamais emprunté ailleurs,0,0,Fonds de commerce,125000,18,Caution solidaire,0.5,0
CSWA-02982,21,Homme,Rurale,Marié(e),Aucun,4,Autre service,3.7,102000,42000,26,0,19000,Régulière,3,84.7,1.0,1,12,1,Jamais emprunté ailleurs,0,0,Santé,117000,12,Aval d'un tiers,0.52,0
CSWA-02983,56,Homme,Rurale,Célibataire,Aucun,7,Agriculture,10.4,75000,30000,94,1,48900,Aucune épargne,0,,,1,3,1,Jamais emprunté ailleurs,0,0,Evénement social,119000,6,Bien matériel,0.7,0
CSWA-02984,57,Homme,Semi-urbaine,Marié(e),Aucun,4,Restauration/Transformation,1.3,54000,29000,168,0,48800,Aucune épargne,1,92.7,2.0,1,6,1,Jamais emprunté ailleurs,0,0,Intrants agricoles,134000,3,Caution solidaire,1.46,1
CSWA-02985,52,Homme,Rurale,Marié(e),Primaire,3,Commerce informel,1.5,90000,39000,52,1,27500,Irrégulière,0,,,0,0,1,Jamais emprunté ailleurs,0,0,Fonds de commerce,203000,12,Aval d'un tiers,0.64,0
CSWA-02986,49,Homme,Rurale,Célibataire,Primaire,3,Autre service,2.6,50000,18000,114,0,41700,Aucune épargne,1,38.0,1.0,1,11,1,Pret en cours ailleurs,3,309000,Equipement/Matériel,89000,12,Bien matériel,1.08,0
CSWA-02987,54,Femme,Urbaine,Veuf(ve),Aucun,3,Commerce informel,17.2,54000,43000,131,1,10600,Aucune épargne,2,98.5,5.0,1,8,1,Jamais emprunté ailleurs,0,0,Fonds de commerce,118000,18,Caution solidaire,0.93,0
CSWA-02988,55,Homme,Semi-urbaine,Marié(e),Primaire,3,Agriculture,6.9,63000,46000,2,0,5600,Régulière,0,,,0,0,1,Pret en cours ailleurs,1,274000,Habitat/Réparation,72000,12,Caution solidaire,1.23,0
CSWA-02989,61,Femme,Urbaine,Célibataire,Primaire,1,Commerce informel,3.7,67000,42000,66,0,24600,Aucune épargne,0,,,1,16,1,Bon payeur ailleurs (solde sans incident),0,0,Elevage,159000,6,Caution solidaire,1.07,0
CSWA-02990,39,Homme,Rurale,Marié(e),Secondaire,4,Autre service,7.0,80000,57000,28,1,22500,Irrégulière,0,,,1,6,1,Pret en cours ailleurs,1,123000,Fonds de commerce,407000,6,Aucune,1.8,0
CSWA-02991,40,Homme,Semi-urbaine,Marié(e),Primaire,5,Artisanat,3.5,26000,13000,178,0,44500,Régulière,4,88.5,1.0,1,10,1,Jamais emprunté ailleurs,0,0,Habitat/Réparation,104000,9,Aucune,1.0,0
CSWA-02992,48,Femme,Urbaine,Marié(e),Primaire,2,Commerce informel,5.6,48000,34000,10,0,6400,Irrégulière,1,63.9,1.0,1,6,1,Bon payeur ailleurs (solde sans incident),0,0,Habitat/Réparation,79000,12,Aucune,0.86,0
CSWA-02993,28,Femme,Urbaine,Marié(e),Secondaire,4,Commerce informel,3.9,192000,117000,24,0,20500,Irrégulière,0,,,1,13,1,Pret en cours ailleurs,1,120000,Equipement/Matériel,755000,9,Bien matériel,1.16,1
CSWA-02994,59,Homme,Urbaine,Marié(e),Secondaire,2,Salarié secteur formel,6.8,140000,55000,139,0,273500,Irrégulière,1,61.4,1.0,1,8,1,Bon payeur ailleurs (solde sans incident),0,0,Equipement/Matériel,684000,6,Bien matériel,1.3,0
CSWA-02995,55,Femme,Rurale,Célibataire,Aucun,2,Commerce informel,4.8,110000,75000,29,0,31900,Régulière,0,,,1,10,1,Pret en cours ailleurs,3,118000,Elevage,401000,9,Aucune,1.23,0
CSWA-02996,48,Homme,Semi-urbaine,Marié(e),Aucun,2,Restauration/Transformation,3.7,102000,86000,46,1,44300,Irrégulière,2,74.7,1.0,1,9,1,Pret en cours ailleurs,2,189000,Education,274000,18,Aval d'un tiers,1.18,0
CSWA-02997,33,Homme,Semi-urbaine,Veuf(ve),Supérieur,3,Artisanat,5.6,76000,36000,100,1,64400,Aucune épargne,0,,,1,6,1,Bon payeur ailleurs (solde sans incident),0,0,Fonds de commerce,70000,12,Caution solidaire,0.56,0
CSWA-02998,35,Femme,Rurale,Marié(e),Secondaire,6,Transport,4.2,50000,18000,103,1,17100,Aucune épargne,0,,,1,7,0,Non consulté,0,0,Santé,159000,18,Bien matériel,0.56,0
CSWA-02999,39,Homme,Semi-urbaine,Célibataire,Aucun,2,Restauration/Transformation,4.2,60000,44000,180,1,4700,Irrégulière,0,,,1,7,1,Jamais emprunté ailleurs,0,0,Intrants agricoles,230000,9,Bien matériel,1.21,0
CSWA-03000,50,Femme,Rurale,Marié(e),Primaire,3,Salarié secteur formel,2.0,123000,60000,154,1,161300,Aucune épargne,1,54.3,4.0,1,8,1,Bon payeur ailleurs (solde sans incident),0,0,Equipement/Matériel,513000,18,Aval d'un tiers,0.75,0
CSWA-03001,55,Homme,Semi-urbaine,Marié(e),Primaire,2,Commerce informel,6.7,60000,33000,151,1,124600,Aucune épargne,0,,,1,10,1,Bon payeur ailleurs (solde sans incident),0,0,Intrants agricoles,146000,9,Bien matériel,0.85,0
CSWA-03002,50,Femme,Urbaine,Célibataire,Aucun,7,Agriculture,20.4,208000,74000,163,0,432700,Irrégulière,0,,,1,7,0,Non consulté,0,0,Fonds de commerce,593000,24,Caution solidaire,0.49,0
CSWA-03003,62,Femme,Rurale,Célibataire,Aucun,4,Commerce informel,5.7,64000,24000,101,0,9500,Régulière,2,61.2,0.0,0,0,1,Bon payeur ailleurs (solde sans incident),0,0,Intrants agricoles,74000,18,Aval d'un tiers,0.45,0
CSWA-03004,64,Homme,Urbaine,Marié(e),Supérieur,1,Agriculture,4.4,68000,48000,152,1,50600,Irrégulière,0,,,1,10,1,Bon payeur ailleurs (solde sans incident),0,0,Evénement social,254000,36,Aucune,0.82,0
CSWA-03005,52,Homme,Urbaine,Marié(e),Primaire,4,Artisanat,4.5,84000,70000,128,1,79000,Aucune épargne,1,90.5,7.0,0,0,0,Non consulté,0,0,Fonds de commerce,390000,24,Caution solidaire,1.05,0
CSWA-03006,36,Femme,Rurale,Marié(e),Aucun,2,Artisanat,10.2,73000,47000,91,0,49800,Régulière,2,79.6,0.0,1,14,1,Jamais emprunté ailleurs,0,0,Habitat/Réparation,92000,12,Aval d'un tiers,0.76,0
CSWA-03007,47,Femme,Urbaine,Marié(e),Secondaire,3,Fonctionnaire,0.5,128000,99000,169,0,65900,Irrégulière,2,99.0,11.0,1,9,1,Pret en cours ailleurs,2,142000,Fonds de commerce,637000,18,Aucune,1.18,0
CSWA-03008,38,Femme,Rurale,Marié(e),Primaire,1,Fonctionnaire,5.8,219000,99000,26,0,58900,Aucune épargne,1,80.7,0.0,1,12,1,Jamais emprunté ailleurs,0,0,Fonds de commerce,353000,6,Bien matériel,0.75,0
CSWA-03009,48,Femme,Rurale,Célibataire,Secondaire,6,Agriculture,5.0,36000,14000,70,0,18700,Irrégulière,1,83.7,4.0,1,8,0,Non consulté,0,0,Equipement/Matériel,108000,12,Aucune,0.67,0
CSWA-03010,57,Homme,Urbaine,Marié(e),Aucun,4,Restauration/Transformation,4.8,99000,52000,63,0,80700,Aucune épargne,0,,,1,8,1,Bon payeur ailleurs (solde sans incident),0,0,Equipement/Matériel,427000,18,Aval d'un tiers,0.79,0
CSWA-03011,36,Homme,Rurale,Marié(e),Aucun,2,Restauration/Transformation,5.5,91000,41000,98,0,35800,Irrégulière,2,91.4,5.0,1,10,0,Non consulté,0,0,Evénement social,172000,9,Caution solidaire,0.69,0
CSWA-03012,42,Femme,Rurale,Marié(e),Aucun,4,Autre service,2.8,121000,80000,61,0,100900,Aucune épargne,5,90.9,2.0,1,10,1,Incident de paiement signale ailleurs,0,0,Habitat/Réparation,657000,9,Bien matériel,1.34,0
CSWA-03013,21,Homme,Semi-urbaine,Divorcé(e),Supérieur,4,Commerce informel,2.8,61000,51000,77,0,58400,Aucune épargne,2,76.5,5.0,1,7,1,Jamais emprunté ailleurs,0,0,Equipement/Matériel,328000,6,Aval d'un tiers,1.84,1
CSWA-03014,53,Femme,Urbaine,Marié(e),Secondaire,3,Artisanat,1.8,121000,56000,179,1,138900,Irrégulière,1,85.2,13.0,1,9,1,Bon payeur ailleurs (solde sans incident),0,0,Habitat/Réparation,549000,12,Aval d'un tiers,0.89,0
CSWA-03015,42,Homme,Semi-urbaine,Marié(e),Secondaire,1,Agriculture,6.9,102000,82000,136,1,169300,Irrégulière,2,71.8,3.0,0,0,1,Jamais emprunté ailleurs,0,0,Evénement social,490000,24,Aval d'un tiers,1.03,0
CSWA-03016,40,Homme,Semi-urbaine,Marié(e),Aucun,5,Agriculture,0.8,87000,54000,146,1,122500,Aucune épargne,0,,,1,13,1,Bon payeur ailleurs (solde sans incident),0,0,Intrants agricoles,173000,6,Aval d'un tiers,0.99,1
CSWA-03017,44,Femme,Rurale,Célibataire,Secondaire,3,Artisanat,6.0,240000,96000,64,1,107300,Irrégulière,2,84.3,5.0,1,9,1,Pret en cours ailleurs,2,81000,Habitat/Réparation,1310000,18,Aucune,0.77,0
CSWA-03018,29,Femme,Rurale,Marié(e),Primaire,2,Commerce informel,3.7,105000,65000,59,1,48500,Irrégulière,1,65.7,2.0,1,9,1,Pret en cours ailleurs,2,327000,Equipement/Matériel,193000,9,Caution solidaire,1.13,1
CSWA-03019,47,Femme,Rurale,Marié(e),Secondaire,2,Commerce informel,2.7,63000,37000,93,1,49100,Irrégulière,3,88.7,11.0,0,0,1,Bon payeur ailleurs (solde sans incident),0,0,Elevage,171000,9,Aucune,0.93,0
CSWA-03020,54,Femme,Semi-urbaine,Marié(e),Primaire,1,Transport,5.6,188000,136000,75,0,51800,Régulière,1,91.8,7.0,1,8,1,Pret en cours ailleurs,1,99000,Fonds de commerce,319000,18,Caution solidaire,0.88,0
CSWA-03021,35,Femme,Urbaine,Veuf(ve),Secondaire,4,Commerce informel,4.0,107000,78000,118,1,32600,Aucune épargne,2,85.1,0.0,1,9,1,Bon payeur ailleurs (solde sans incident),0,0,Santé,347000,12,Caution solidaire,1.03,0
CSWA-03022,25,Femme,Semi-urbaine,Marié(e),Aucun,3,Agriculture,5.5,215000,144000,49,0,125100,Régulière,1,89.9,6.0,1,9,1,Bon payeur ailleurs (solde sans incident),0,0,Equipement/Matériel,1176000,18,Caution solidaire,1.01,0
CSWA-03023,37,Femme,Semi-urbaine,Marié(e),Aucun,1,Artisanat,2.9,29000,20000,26,1,1200,Régulière,0,,,1,11,0,Non consulté,0,0,Equipement/Matériel,117000,6,Caution solidaire,1.44,0
CSWA-03024,28,Femme,Rurale,Marié(e),Secondaire,2,Artisanat,6.4,69000,45000,73,1,52600,Régulière,1,85.2,15.0,1,5,1,Bon payeur ailleurs (solde sans incident),0,0,Santé,284000,9,Bien matériel,1.16,0
CSWA-03025,36,Femme,Rurale,Marié(e),Aucun,2,Restauration/Transformation,4.9,69000,32000,148,1,135100,Irrégulière,1,76.3,4.0,1,10,0,Non consulté,0,0,Fonds de commerce,233000,18,Aucune,0.67,0
CSWA-03026,48,Femme,Rurale,Marié(e),Aucun,1,Autre service,8.3,29000,24000,15,0,2900,Aucune épargne,1,73.2,3.0,1,16,1,Jamais emprunté ailleurs,0,0,Elevage,58000,12,Bien matériel,1.01,0
CSWA-03027,24,Femme,Semi-urbaine,Marié(e),Supérieur,2,Agriculture,2.0,89000,41000,16,1,16700,Irrégulière,2,95.2,9.0,1,6,1,Jamais emprunté ailleurs,0,0,Fonds de commerce,74000,12,Bien matériel,0.54,0
CSWA-03028,54,Homme,Semi-urbaine,Marié(e),Aucun,5,Commerce informel,4.0,66000,43000,151,0,129600,Régulière,0,,,1,17,0,Non consulté,0,0,Fonds de commerce,245000,12,Caution solidaire,1.0,0
CSWA-03029,29,Femme,Urbaine,Marié(e),Primaire,3,Commerce informel,3.7,27000,20000,69,0,8400,Régulière,1,62.0,4.0,1,9,1,Incident de paiement signale ailleurs,0,0,Fonds de commerce,53000,6,Caution solidaire,1.11,0
CSWA-03030,61,Homme,Urbaine,Marié(e),Secondaire,1,Elevage,7.3,53000,21000,96,0,20400,Régulière,1,63.1,1.0,1,7,1,Jamais emprunté ailleurs,0,0,Habitat/Réparation,66000,12,Caution solidaire,0.51,0
CSWA-03031,53,Homme,Urbaine,Marié(e),Secondaire,3,Agriculture,9.5,173000,99000,138,1,194000,Aucune épargne,1,91.8,2.0,1,7,1,Incident de paiement signale ailleurs,0,0,Intrants agricoles,786000,6,Aval d'un tiers,1.42,0
CSWA-03032,31,Femme,Semi-urbaine,Marié(e),Aucun,2,Fonctionnaire,5.8,193000,70000,109,0,287200,Régulière,0,,,1,5,0,Non consulté,0,0,Evénement social,836000,18,Aval d'un tiers,0.63,0
CSWA-03033,45,Homme,Rurale,Marié(e),Primaire,4,Elevage,4.8,55000,25000,175,1,101300,Aucune épargne,0,,,1,6,1,Pret en cours ailleurs,1,176000,Fonds de commerce,176000,6,Aucune,1.34,1
CSWA-03034,24,Femme,Semi-urbaine,Marié(e),Primaire,2,Agriculture,8.3,54000,36000,36,0,5900,Régulière,1,75.2,1.0,1,6,1,Bon payeur ailleurs (solde sans incident),0,0,Fonds de commerce,235000,6,Caution solidaire,1.48,0
CSWA-03035,23,Femme,Rurale,Marié(e),Primaire,2,Salarié secteur formel,4.3,134000,108000,149,1,123800,Irrégulière,1,89.2,2.0,1,8,1,Bon payeur ailleurs (solde sans incident),0,0,Santé,506000,6,Caution solidaire,1.51,0
CSWA-03036,63,Homme,Urbaine,Célibataire,Secondaire,4,Transport,12.7,27000,14000,82,0,19600,Aucune épargne,0,,,1,11,0,Non consulté,0,0,Equipement/Matériel,107000,6,Caution solidaire,1.26,0
CSWA-03037,56,Femme,Semi-urbaine,Veuf(ve),Supérieur,4,Restauration/Transformation,3.3,112000,86000,23,0,14900,Irrégulière,1,93.9,13.0,0,0,1,Jamais emprunté ailleurs,0,0,Habitat/Réparation,291000,6,Caution solidaire,1.25,0
CSWA-03038,26,Homme,Rurale,Célibataire,Aucun,6,Elevage,1.2,30000,18000,84,1,8000,Irrégulière,4,84.9,12.0,0,0,1,Jamais emprunté ailleurs,0,0,Santé,113000,24,Bien matériel,0.78,0
CSWA-03039,32,Femme,Urbaine,Marié(e),Aucun,1,Commerce informel,2.0,199000,145000,91,1,221600,Régulière,0,,,1,8,1,Jamais emprunté ailleurs,0,0,Habitat/Réparation,782000,9,Bien matériel,1.22,0
CSWA-03040,28,Femme,Urbaine,Divorcé(e),Secondaire,7,Artisanat,4.1,116000,88000,18,0,21800,Aucune épargne,3,90.1,29.0,1,14,1,Bon payeur ailleurs (solde sans incident),0,0,Habitat/Réparation,172000,18,Caution solidaire,0.85,0
CSWA-03041,37,Homme,Urbaine,Divorcé(e),Primaire,2,Commerce informel,16.2,29000,19000,88,0,30300,Aucune épargne,1,95.9,1.0,1,10,1,Jamais emprunté ailleurs,0,0,Intrants agricoles,145000,18,Aucune,0.97,0
CSWA-03042,32,Homme,Urbaine,Marié(e),Secondaire,8,Elevage,2.8,66000,37000,6,1,1600,Régulière,0,,,1,14,1,Bon payeur ailleurs (solde sans incident),0,0,Elevage,251000,6,Bien matériel,1.27,0
CSWA-03043,34,Homme,Urbaine,Marié(e),Aucun,10,Salarié secteur formel,12.6,85000,55000,120,0,26300,Aucune épargne,3,91.1,7.0,1,15,1,Incident de paiement signale ailleurs,0,0,Equipement/Matériel,208000,9,Aucune,0.95,0
CSWA-03044,43,Homme,Rurale,Célibataire,Aucun,3,Elevage,5.8,27000,19000,112,0,5300,Régulière,0,,,1,10,1,Bon payeur ailleurs (solde sans incident),0,0,Evénement social,75000,24,Caution solidaire,0.83,0
CSWA-03045,27,Homme,Urbaine,Divorcé(e),Secondaire,3,Commerce informel,2.8,79000,62000,23,0,18100,Irrégulière,0,,,1,13,1,Jamais emprunté ailleurs,0,0,Fonds de commerce,190000,24,Bien matériel,0.9,1
CSWA-03046,60,Femme,Urbaine,Célibataire,Supérieur,4,Commerce informel,4.4,105000,66000,103,1,146800,Régulière,0,,,1,9,1,Jamais emprunté ailleurs,0,0,Fonds de commerce,479000,12,Caution solidaire,1.05,0
CSWA-03047,53,Homme,Urbaine,Célibataire,Aucun,3,Salarié secteur formel,8.8,187000,147000,48,0,115400,Régulière,1,96.3,1.0,1,8,1,Pret en cours ailleurs,1,72000,Equipement/Matériel,441000,24,Bien matériel,0.93,0
CSWA-03048,54,Femme,Rurale,Marié(e),Secondaire,3,Commerce informel,4.7,122000,66000,117,0,59000,Irrégulière,1,92.4,1.0,1,9,1,Jamais emprunté ailleurs,0,0,Fonds de commerce,484000,6,Caution solidaire,1.28,0
CSWA-03049,26,Homme,Semi-urbaine,Divorcé(e),Primaire,1,Elevage,2.9,75000,55000,43,1,17000,Irrégulière,0,,,1,9,1,Jamais emprunté ailleurs,0,0,Habitat/Réparation,77000,3,Aucune,1.12,0
CSWA-03050,52,Femme,Rurale,Marié(e),Aucun,6,Transport,4.2,134000,88000,162,1,160100,Irrégulière,0,,,1,3,1,Bon payeur ailleurs (solde sans incident),0,0,Fonds de commerce,438000,6,Aucune,1.27,0
CSWA-03051,58,Homme,Urbaine,Marié(e),Primaire,5,Commerce informel,10.0,71000,28000,93,1,4100,Irrégulière,2,83.5,3.0,0,0,1,Pret en cours ailleurs,1,433000,Elevage,217000,6,Caution solidaire,1.51,0
CSWA-03052,27,Femme,Rurale,Célibataire,Aucun,4,Restauration/Transformation,19.0,45000,27000,180,1,82600,Irrégulière,2,84.7,32.0,1,11,1,Bon payeur ailleurs (solde sans incident),0,0,Elevage,71000,18,Aval d'un tiers,0.7,0
CSWA-03053,54,Femme,Semi-urbaine,Marié(e),Secondaire,2,Commerce informel,8.5,43000,31000,15,0,2300,Régulière,1,63.6,0.0,1,6,1,Jamais emprunté ailleurs,0,0,Fonds de commerce,150000,18,Caution solidaire,0.94,0
CSWA-03054,35,Homme,Semi-urbaine,Marié(e),Aucun,4,Restauration/Transformation,13.1,68000,47000,152,1,126900,Irrégulière,2,78.9,1.0,1,12,1,Incident de paiement signale ailleurs,0,0,Fonds de commerce,335000,18,Aval d'un tiers,1.0,0
CSWA-03055,56,Femme,Semi-urbaine,Marié(e),Primaire,5,Commerce informel,8.4,73000,46000,11,0,6300,Irrégulière,0,,,1,7,0,Non consulté,0,0,Intrants agricoles,171000,9,Bien matériel,0.92,0
CSWA-03056,41,Homme,Semi-urbaine,Marié(e),Aucun,3,Commerce informel,8.4,145000,108000,5,0,3400,Irrégulière,3,80.8,1.0,1,11,1,Bon payeur ailleurs (solde sans incident),0,0,Fonds de commerce,256000,6,Aval d'un tiers,1.07,0
CSWA-03057,56,Femme,Rurale,Marié(e),Secondaire,3,Commerce informel,7.3,69000,55000,31,1,24200,Irrégulière,2,95.8,24.0,1,6,1,Pret en cours ailleurs,2,316000,Intrants agricoles,274000,6,Caution solidaire,1.95,0
CSWA-03058,25,Femme,Semi-urbaine,Marié(e),Supérieur,5,Salarié secteur formel,6.6,145000,61000,56,1,99000,Irrégulière,1,85.7,4.0,1,9,1,Bon payeur ailleurs (solde sans incident),0,0,Evénement social,775000,9,Aucune,1.09,1
CSWA-03059,37,Femme,Urbaine,Marié(e),Primaire,2,Elevage,3.3,63000,30000,162,1,131400,Irrégulière,2,86.4,2.0,1,4,1,Pret en cours ailleurs,1,123000,Equipement/Matériel,346000,12,Aucune,1.17,0
CSWA-03060,31,Homme,Semi-urbaine,Marié(e),Primaire,3,Salarié secteur formel,5.4,69000,58000,140,0,18200,Régulière,1,73.5,0.0,1,10,1,Jamais emprunté ailleurs,0,0,Fonds de commerce,233000,9,Caution solidaire,1.26,0
CSWA-03061,30,Homme,Semi-urbaine,Marié(e),Supérieur,4,Artisanat,8.5,98000,46000,14,1,9900,Aucune épargne,1,78.1,2.0,1,9,1,Jamais emprunté ailleurs,0,0,Fonds de commerce,132000,9,Aucune,0.64,0
CSWA-03062,33,Homme,Semi-urbaine,Veuf(ve),Aucun,1,Transport,6.6,111000,85000,163,0,19800,Irrégulière,2,57.1,9.0,1,9,0,Non consulté,0,0,Intrants agricoles,392000,12,Aval d'un tiers,1.1,1
CSWA-03063,36,Homme,Rurale,Marié(e),Secondaire,3,Artisanat,1.8,122000,75000,43,0,75500,Irrégulière,1,95.1,5.0,1,10,1,Bon payeur ailleurs (solde sans incident),0,0,Santé,596000,6,Aval d'un tiers,1.53,0
CSWA-03064,24,Homme,Semi-urbaine,Divorcé(e),Primaire,1,Agriculture,9.9,68000,37000,165,0,80600,Aucune épargne,0,,,1,10,0,Non consulté,0,0,Fonds de commerce,210000,12,Bien matériel,0.83,0
CSWA-03065,52,Femme,Urbaine,Marié(e),Secondaire,6,Restauration/Transformation,7.5,55000,39000,37,1,23500,Irrégulière,2,65.4,2.0,1,6,1,Incident de paiement signale ailleurs,0,0,Fonds de commerce,65000,12,Aval d'un tiers,0.82,1
CSWA-03066,44,Femme,Rurale,Marié(e),Aucun,2,Commerce informel,9.6,61000,44000,121,0,29500,Aucune épargne,1,73.3,8.0,1,8,1,Jamais emprunté ailleurs,0,0,Equipement/Matériel,288000,3,Bien matériel,2.48,0
CSWA-03067,57,Femme,Urbaine,Célibataire,Aucun,5,Fonctionnaire,2.8,79000,38000,113,1,30500,Régulière,4,78.6,9.0,0,0,1,Bon payeur ailleurs (solde sans incident),0,0,Fonds de commerce,392000,18,Caution solidaire,0.79,0
CSWA-03068,52,Homme,Rurale,Célibataire,Primaire,5,Fonctionnaire,1.8,58000,21000,153,1,65600,Aucune épargne,3,92.7,7.0,1,7,1,Pret en cours ailleurs,2,203000,Elevage,299000,12,Aucune,1.16,0
CSWA-03069,26,Homme,Rurale,Marié(e),Aucun,3,Commerce informel,4.7,196000,145000,112,0,203100,Irrégulière,3,77.1,7.0,1,8,1,Pret en cours ailleurs,2,237000,Elevage,546000,6,Bien matériel,1.37,1
CSWA-03070,22,Femme,Urbaine,Célibataire,Aucun,3,Fonctionnaire,6.8,112000,78000,29,0,14100,Irrégulière,1,85.8,5.0,1,8,1,Bon payeur ailleurs (solde sans incident),0,0,Equipement/Matériel,136000,24,Caution solidaire,0.75,0
CSWA-03071,38,Homme,Urbaine,Célibataire,Supérieur,1,Commerce informel,12.0,76000,31000,180,0,74500,Aucune épargne,3,53.5,14.0,0,0,1,Jamais emprunté ailleurs,0,0,Fonds de commerce,393000,36,Aval d'un tiers,0.57,0
CSWA-03072,41,Homme,Urbaine,Marié(e),Aucun,8,Restauration/Transformation,6.3,53000,20000,71,0,24200,Aucune épargne,1,81.6,0.0,1,5,0,Non consulté,0,0,Intrants agricoles,254000,12,Aucune,0.82,0
CSWA-03073,30,Femme,Rurale,Marié(e),Aucun,5,Salarié secteur formel,14.9,137000,93000,170,0,11200,Régulière,0,,,1,15,1,Jamais emprunté ailleurs,0,0,Evénement social,206000,6,Caution solidaire,0.96,0
CSWA-03074,55,Femme,Rurale,Marié(e),Aucun,4,Commerce informel,4.0,40000,26000,16,0,2500,Régulière,1,92.5,2.0,1,11,0,Non consulté,0,0,Fonds de commerce,189000,3,Caution solidaire,2.42,0
CSWA-03075,46,Femme,Rurale,Marié(e),Primaire,1,Commerce informel,7.3,46000,34000,164,0,88100,Irrégulière,4,93.2,1.0,1,6,1,Jamais emprunté ailleurs,0,0,Equipement/Matériel,67000,9,Caution solidaire,0.92,0
CSWA-03076,54,Homme,Urbaine,Veuf(ve),Primaire,5,Restauration/Transformation,1.5,226000,178000,53,0,146800,Régulière,2,74.4,7.0,1,5,0,Non consulté,0,0,Elevage,583000,6,Caution solidaire,1.27,0
CSWA-03077,24,Femme,Semi-urbaine,Marié(e),Aucun,2,Agriculture,8.9,109000,74000,174,0,211200,Régulière,1,85.8,11.0,1,11,1,Bon payeur ailleurs (solde sans incident),0,0,Intrants agricoles,424000,3,Caution solidaire,2.13,0
CSWA-03078,57,Homme,Rurale,Célibataire,Secondaire,1,Elevage,11.6,67000,45000,140,0,22300,Régulière,3,91.5,3.0,0,0,1,Jamais emprunté ailleurs,0,0,Equipement/Matériel,297000,12,Aval d'un tiers,1.09,0
CSWA-03079,28,Homme,Urbaine,Célibataire,Secondaire,1,Transport,6.5,56000,34000,176,1,23800,Régulière,2,79.5,13.0,1,8,1,Jamais emprunté ailleurs,0,0,Santé,78000,18,Caution solidaire,0.69,0
CSWA-03080,40,Femme,Urbaine,Divorcé(e),Aucun,2,Commerce informel,2.4,159000,101000,34,1,26400,Irrégulière,1,96.4,6.0,1,13,0,Non consulté,0,0,Intrants agricoles,862000,18,Caution solidaire,0.97,0
CSWA-03081,39,Homme,Rurale,Marié(e),Secondaire,2,Commerce informel,5.4,51000,43000,133,0,23600,Régulière,3,72.6,6.0,1,9,1,Jamais emprunté ailleurs,0,0,Fonds de commerce,273000,6,Aucune,1.84,0
CSWA-03082,57,Femme,Urbaine,Marié(e),Primaire,4,Autre service,3.9,32000,12000,134,0,2900,Irrégulière,2,73.4,3.0,1,5,1,Jamais emprunté ailleurs,0,0,Santé,42000,9,Caution solidaire,0.54,0
CSWA-03083,32,Homme,Urbaine,Marié(e),Primaire,2,Restauration/Transformation,4.2,105000,65000,163,0,61300,Régulière,2,94.4,32.0,1,11,0,Non consulté,0,0,Fonds de commerce,137000,6,Bien matériel,0.86,0
CSWA-03084,30,Homme,Urbaine,Célibataire,Supérieur,3,Restauration/Transformation,5.4,49000,23000,139,0,50800,Irrégulière,1,38.8,1.0,1,8,1,Jamais emprunté ailleurs,0,0,Equipement/Matériel,209000,6,Caution solidaire,1.27,0
CSWA-03085,34,Femme,Urbaine,Marié(e),Secondaire,10,Agriculture,2.3,40000,29000,17,1,6300,Aucune épargne,2,69.5,23.0,1,6,1,Jamais emprunté ailleurs,0,0,Elevage,72000,6,Caution solidaire,1.06,0
CSWA-03086,35,Homme,Urbaine,Célibataire,Primaire,2,Autre service,6.2,44000,32000,159,1,11500,Régulière,0,,,0,0,1,Bon payeur ailleurs (solde sans incident),0,0,Fonds de commerce,214000,24,Aucune,0.95,0
CSWA-03087,27,Femme,Urbaine,Marié(e),Primaire,2,Commerce informel,4.1,102000,49000,49,0,29200,Aucune épargne,2,84.3,2.0,1,7,1,Pret en cours ailleurs,2,173000,Fonds de commerce,498000,6,Aval d'un tiers,1.55,0
CSWA-03088,27,Homme,Semi-urbaine,Marié(e),Aucun,2,Commerce informel,7.0,76000,55000,175,1,77900,Aucune épargne,3,86.3,5.0,0,0,1,Bon payeur ailleurs (solde sans incident),0,0,Fonds de commerce,311000,18,Caution solidaire,0.98,0
CSWA-03089,29,Femme,Rurale,Veuf(ve),Primaire,4,Agriculture,7.0,47000,32000,139,1,14900,Régulière,3,88.7,1.0,1,12,1,Pret en cours ailleurs,2,199000,Evénement social,218000,9,Aucune,1.64,0
CSWA-03090,40,Homme,Rurale,Célibataire,Secondaire,4,Restauration/Transformation,2.8,105000,86000,135,0,201800,Régulière,1,86.8,1.0,1,10,1,Pret en cours ailleurs,3,69000,Fonds de commerce,334000,12,Bien matériel,1.18,0
CSWA-03091,35,Homme,Rurale,Marié(e),Aucun,6,Commerce informel,4.5,51000,39000,116,1,88200,Régulière,1,80.5,5.0,1,6,1,Bon payeur ailleurs (solde sans incident),0,0,Education,138000,24,Caution solidaire,0.89,0
CSWA-03092,37,Femme,Rurale,Célibataire,Supérieur,0,Agriculture,4.4,33000,24000,122,1,8000,Aucune épargne,0,,,0,0,1,Jamais emprunté ailleurs,0,0,Education,107000,12,Bien matériel,1.03,0
CSWA-03093,52,Homme,Urbaine,Marié(e),Secondaire,1,Elevage,5.2,39000,16000,102,1,17300,Régulière,0,,,1,13,1,Pret en cours ailleurs,1,600000,Education,123000,12,Aval d'un tiers,2.09,0
CSWA-03094,30,Homme,Urbaine,Célibataire,Aucun,1,Restauration/Transformation,10.8,82000,69000,142,1,5900,Irrégulière,0,,,1,9,1,Incident de paiement signale ailleurs,0,0,Intrants agricoles,107000,24,Aval d'un tiers,0.9,0
CSWA-03095,61,Femme,Urbaine,Marié(e),Secondaire,1,Commerce informel,3.6,53000,40000,166,1,104800,Régulière,1,69.2,4.0,0,0,0,Non consulté,0,0,Intrants agricoles,214000,12,Aval d'un tiers,1.13,0
CSWA-03096,54,Femme,Rurale,Marié(e),Secondaire,3,Restauration/Transformation,4.5,86000,66000,35,1,19500,Régulière,1,90.5,10.0,1,8,1,Bon payeur ailleurs (solde sans incident),0,0,Elevage,251000,9,Caution solidaire,1.13,0
CSWA-03097,27,Femme,Rurale,Marié(e),Primaire,3,Agriculture,7.0,149000,108000,150,1,329200,Aucune épargne,3,91.6,5.0,1,6,1,Bon payeur ailleurs (solde sans incident),0,0,Santé,228000,6,Caution solidaire,1.01,0
CSWA-03098,33,Femme,Rurale,Marié(e),Primaire,5,Agriculture,5.6,57000,44000,133,0,57600,Aucune épargne,0,,,1,6,1,Bon payeur ailleurs (solde sans incident),0,0,Education,98000,24,Aval d'un tiers,0.85,0
CSWA-03099,27,Femme,Rurale,Célibataire,Secondaire,4,Commerce informel,8.8,350000,229000,106,0,49500,Régulière,2,88.4,0.0,1,9,1,Bon payeur ailleurs (solde sans incident),0,0,Equipement/Matériel,282000,9,Caution solidaire,0.75,0
CSWA-03100,31,Femme,Semi-urbaine,Marié(e),Supérieur,1,Autre service,6.9,94000,34000,164,1,190700,Irrégulière,1,75.7,2.0,0,0,1,Incident de paiement signale ailleurs,0,0,Habitat/Réparation,436000,12,Bien matériel,0.79,0
CSWA-03101,36,Femme,Urbaine,Marié(e),Aucun,4,Restauration/Transformation,4.5,73000,42000,169,0,145900,Irrégulière,1,82.9,4.0,1,9,1,Jamais emprunté ailleurs,0,0,Education,292000,3,Caution solidaire,2.07,0
CSWA-03102,25,Homme,Rurale,Marié(e),Secondaire,3,Commerce informel,5.9,39000,18000,82,0,10500,Régulière,0,,,0,0,0,Non consulté,0,0,Elevage,67000,6,Caution solidaire,0.78,1
CSWA-03103,19,Homme,Rurale,Marié(e),Secondaire,3,Agriculture,10.0,67000,34000,13,1,2600,Irrégulière,1,57.4,10.0,0,0,1,Jamais emprunté ailleurs,0,0,Equipement/Matériel,110000,18,Caution solidaire,0.61,0
CSWA-03104,39,Femme,Rurale,Célibataire,Supérieur,6,Commerce informel,2.5,70000,34000,4,1,8800,Aucune épargne,2,98.2,10.0,1,17,1,Pret en cours ailleurs,1,389000,Fonds de commerce,274000,12,Bien matériel,1.35,0
CSWA-03105,51,Femme,Rurale,Marié(e),Aucun,3,Artisanat,2.6,123000,82000,111,1,203900,Irrégulière,1,96.3,3.0,1,11,1,Incident de paiement signale ailleurs,0,0,Santé,165000,12,Caution solidaire,0.79,0
CSWA-03106,33,Femme,Rurale,Célibataire,Primaire,6,Restauration/Transformation,2.9,58000,43000,61,0,38300,Irrégulière,1,74.9,2.0,1,14,1,Bon payeur ailleurs (solde sans incident),0,0,Evénement social,200000,12,Caution solidaire,1.06,0
CSWA-03107,59,Homme,Urbaine,Célibataire,Secondaire,3,Commerce informel,4.6,103000,81000,41,0,12000,Irrégulière,2,82.8,0.0,1,11,1,Jamais emprunté ailleurs,0,0,Evénement social,213000,12,Aval d'un tiers,0.98,0
CSWA-03108,36,Homme,Rurale,Marié(e),Aucun,4,Fonctionnaire,4.9,103000,81000,18,0,6000,Aucune épargne,1,83.1,0.0,1,11,1,Pret en cours ailleurs,1,117000,Fonds de commerce,197000,6,Aval d'un tiers,1.25,1
CSWA-03109,61,Femme,Semi-urbaine,Célibataire,Primaire,3,Agriculture,10.9,138000,50000,48,0,66900,Irrégulière,2,79.0,18.0,1,5,1,Jamais emprunté ailleurs,0,0,Santé,657000,12,Aucune,0.81,0
CSWA-03110,30,Femme,Rurale,Marié(e),Primaire,1,Commerce informel,3.9,144000,105000,113,1,25900,Aucune épargne,0,,,1,11,0,Non consulté,0,0,Fonds de commerce,769000,9,Caution solidaire,1.39,1
CSWA-03111,44,Homme,Semi-urbaine,Marié(e),Primaire,5,Commerce informel,1.9,97000,79000,144,1,45500,Aucune épargne,1,84.0,9.0,1,10,1,Jamais emprunté ailleurs,0,0,Education,191000,9,Bien matériel,1.06,0
CSWA-03112,54,Femme,Urbaine,Marié(e),Secondaire,1,Commerce informel,10.0,123000,91000,151,0,8500,Régulière,0,,,1,8,1,Jamais emprunté ailleurs,0,0,Santé,633000,12,Bien matériel,1.22,0
CSWA-03113,21,Femme,Rurale,Marié(e),Aucun,2,Salarié secteur formel,3.8,137000,56000,119,1,134800,Irrégulière,0,,,1,8,1,Jamais emprunté ailleurs,0,0,Education,699000,9,Bien matériel,1.04,0
CSWA-03114,62,Femme,Rurale,Marié(e),Secondaire,1,Elevage,8.0,109000,90000,17,1,17400,Régulière,3,71.7,3.0,1,11,1,Pret en cours ailleurs,3,84000,Fonds de commerce,565000,12,Aucune,1.38,1
CSWA-03115,36,Homme,Rurale,Marié(e),Aucun,3,Transport,9.1,94000,56000,127,1,173600,Aucune épargne,2,76.0,2.0,1,5,1,Bon payeur ailleurs (solde sans incident),0,0,Intrants agricoles,136000,9,Caution solidaire,0.78,0
CSWA-03116,42,Femme,Semi-urbaine,Célibataire,Secondaire,3,Commerce informel,6.1,101000,64000,77,0,13500,Régulière,4,79.3,1.0,1,9,1,Incident de paiement signale ailleurs,0,0,Education,542000,6,Aucune,1.64,0
CSWA-03117,48,Femme,Urbaine,Marié(e),Primaire,1,Agriculture,5.2,196000,96000,24,0,64800,Régulière,0,,,1,6,1,Bon payeur ailleurs (solde sans incident),0,0,Fonds de commerce,407000,12,Caution solidaire,0.68,0
CSWA-03118,49,Femme,Rurale,Veuf(ve),Aucun,3,Agriculture,3.3,86000,67000,122,1,50400,Régulière,2,72.1,7.0,1,9,1,Jamais emprunté ailleurs,0,0,Intrants agricoles,99000,36,Bien matériel,0.82,0
CSWA-03119,20,Homme,Rurale,Marié(e),Supérieur,3,Agriculture,3.2,121000,95000,173,1,277600,Aucune épargne,2,77.9,7.0,0,0,1,Jamais emprunté ailleurs,0,0,Fonds de commerce,386000,6,Caution solidaire,1.38,1
CSWA-03120,59,Femme,Semi-urbaine,Célibataire,Secondaire,1,Commerce informel,9.3,56000,42000,164,0,94400,Aucune épargne,0,,,0,0,1,Jamais emprunté ailleurs,0,0,Intrants agricoles,54000,12,Caution solidaire,0.84,1
CSWA-03121,48,Femme,Rurale,Marié(e),Primaire,2,Commerce informel,6.7,185000,84000,141,0,135000,Irrégulière,0,,,1,9,1,Bon payeur ailleurs (solde sans incident),0,0,Habitat/Réparation,200000,6,Caution solidaire,0.66,0
CSWA-03122,65,Homme,Semi-urbaine,Marié(e),Aucun,2,Autre service,9.3,103000,43000,40,1,54800,Irrégulière,4,71.1,3.0,1,5,1,Bon payeur ailleurs (solde sans incident),0,0,Santé,438000,9,Bien matériel,0.95,0
CSWA-03123,41,Femme,Semi-urbaine,Marié(e),Primaire,2,Restauration/Transformation,4.0,67000,56000,90,0,54700,Irrégulière,3,98.5,30.0,1,6,1,Jamais emprunté ailleurs,0,0,Habitat/Réparation,123000,3,Caution solidaire,1.52,0
CSWA-03124,47,Femme,Urbaine,Veuf(ve),Supérieur,0,Commerce informel,10.4,78000,61000,96,0,74300,Irrégulière,1,83.5,2.0,1,8,1,Bon payeur ailleurs (solde sans incident),0,0,Habitat/Réparation,392000,24,Aucune,1.02,0
CSWA-03125,39,Femme,Semi-urbaine,Veuf(ve),Aucun,0,Transport,12.5,72000,56000,75,1,72400,Régulière,1,80.7,2.0,1,12,1,Bon payeur ailleurs (solde sans incident),0,0,Fonds de commerce,329000,9,Aucune,1.35,0
CSWA-03126,60,Homme,Semi-urbaine,Marié(e),Supérieur,1,Agriculture,2.3,81000,60000,4,0,5100,Régulière,2,85.9,1.0,1,6,0,Non consulté,0,0,Habitat/Réparation,245000,24,Caution solidaire,0.88,0
CSWA-03127,58,Femme,Urbaine,Célibataire,Primaire,3,Transport,2.4,91000,37000,103,1,18600,Irrégulière,0,,,1,10,0,Non consulté,0,0,Intrants agricoles,458000,12,Caution solidaire,0.88,0
CSWA-03128,61,Homme,Rurale,Célibataire,Secondaire,3,Fonctionnaire,8.3,146000,89000,71,0,15700,Régulière,0,,,1,15,1,Bon payeur ailleurs (solde sans incident),0,0,Fonds de commerce,790000,12,Caution solidaire,1.11,0
CSWA-03129,42,Femme,Urbaine,Marié(e),Primaire,2,Commerce informel,5.9,34000,14000,63,0,10900,Irrégulière,0,,,1,9,1,Bon payeur ailleurs (solde sans incident),0,0,Habitat/Réparation,107000,3,Aval d'un tiers,1.59,0
CSWA-03130,56,Femme,Rurale,Marié(e),Aucun,4,Autre service,4.8,214000,120000,63,1,174100,Aucune épargne,1,54.5,0.0,1,8,1,Bon payeur ailleurs (solde sans incident),0,0,Intrants agricoles,193000,12,Aucune,0.64,0
CSWA-03131,35,Homme,Urbaine,Célibataire,Supérieur,3,Commerce informel,9.0,94000,40000,134,1,179700,Irrégulière,2,61.6,1.0,1,7,1,Bon payeur ailleurs (solde sans incident),0,0,Habitat/Réparation,155000,18,Bien matériel,0.53,0
CSWA-03132,40,Homme,Rurale,Célibataire,Aucun,4,Commerce informel,3.6,94000,55000,32,0,25900,Irrégulière,2,82.7,1.0,1,12,1,Pret en cours ailleurs,1,178000,Intrants agricoles,148000,9,Aucune,0.95,0
CSWA-03133,54,Homme,Rurale,Marié(e),Supérieur,5,Artisanat,3.8,79000,54000,99,0,68000,Régulière,1,98.5,10.0,1,10,1,Bon payeur ailleurs (solde sans incident),0,0,Habitat/Réparation,65000,3,Caution solidaire,0.99,0
CSWA-03134,22,Femme,Rurale,Marié(e),Aucun,5,Restauration/Transformation,2.5,133000,102000,26,1,13700,Régulière,0,,,0,0,0,Non consulté,0,0,Equipement/Matériel,301000,18,Aucune,0.91,0
CSWA-03135,52,Femme,Urbaine,Marié(e),Aucun,5,Commerce informel,9.7,83000,32000,169,1,186300,Régulière,2,89.8,2.0,1,13,1,Jamais emprunté ailleurs,0,0,Intrants agricoles,284000,3,Caution solidaire,1.66,0
CSWA-03136,19,Femme,Rurale,Veuf(ve),Supérieur,4,Commerce informel,2.2,68000,54000,67,1,27600,Régulière,1,87.0,5.0,1,5,1,Jamais emprunté ailleurs,0,0,Fonds de commerce,241000,9,Aucune,1.24,0
CSWA-03137,46,Homme,Rurale,Marié(e),Secondaire,1,Commerce informel,9.0,71000,32000,165,1,86800,Aucune épargne,1,65.4,4.0,1,9,1,Jamais emprunté ailleurs,0,0,Habitat/Réparation,212000,9,Caution solidaire,0.82,0
CSWA-03138,41,Homme,Rurale,Marié(e),Aucun,1,Agriculture,7.5,161000,132000,12,0,27800,Aucune épargne,2,95.3,6.0,1,7,1,Pret en cours ailleurs,1,246000,Equipement/Matériel,868000,3,Bien matériel,2.97,0
CSWA-03139,41,Homme,Urbaine,Marié(e),Primaire,1,Agriculture,9.2,90000,53000,131,0,141700,Irrégulière,3,88.2,4.0,1,14,1,Pret en cours ailleurs,1,277000,Habitat/Réparation,315000,24,Bien matériel,1.03,0
CSWA-03140,42,Femme,Urbaine,Célibataire,Aucun,7,Commerce informel,2.7,79000,30000,164,0,149500,Irrégulière,0,,,1,12,1,Jamais emprunté ailleurs,0,0,Education,166000,6,Aval d'un tiers,0.77,0
CSWA-03141,42,Femme,Rurale,Célibataire,Secondaire,6,Autre service,5.1,64000,48000,28,0,12500,Régulière,0,,,0,0,1,Bon payeur ailleurs (solde sans incident),0,0,Fonds de commerce,169000,12,Bien matériel,1.0,0
CSWA-03142,38,Femme,Semi-urbaine,Marié(e),Aucun,2,Transport,3.3,68000,25000,172,1,28700,Régulière,2,80.1,1.0,0,0,1,Bon payeur ailleurs (solde sans incident),0,0,Santé,136000,6,Aucune,0.74,1
CSWA-03143,40,Homme,Urbaine,Marié(e),Primaire,4,Autre service,11.9,146000,97000,170,0,135200,Régulière,1,92.7,3.0,0,0,0,Non consulté,0,0,Elevage,312000,3,Caution solidaire,1.46,0
CSWA-03144,45,Femme,Rurale,Célibataire,Aucun,4,Commerce informel,5.7,49000,37000,156,0,51100,Aucune épargne,0,,,1,6,1,Jamais emprunté ailleurs,0,0,Elevage,104000,6,Aval d'un tiers,1.15,1
CSWA-03145,54,Homme,Urbaine,Marié(e),Secondaire,4,Commerce informel,3.9,117000,68000,130,1,183000,Aucune épargne,3,83.9,5.0,1,7,1,Bon payeur ailleurs (solde sans incident),0,0,Equipement/Matériel,120000,12,Aval d'un tiers,0.68,0
CSWA-03146,44,Femme,Rurale,Marié(e),Supérieur,4,Elevage,3.2,119000,82000,1,0,12400,Régulière,3,93.0,24.0,1,12,1,Pret en cours ailleurs,1,383000,Habitat/Réparation,347000,18,Caution solidaire,1.16,0
CSWA-03147,49,Femme,Urbaine,Divorcé(e),Secondaire,3,Artisanat,6.1,91000,58000,21,0,26400,Régulière,1,79.4,1.0,1,12,1,Jamais emprunté ailleurs,0,0,Intrants agricoles,160000,18,Aval d'un tiers,0.75,0
CSWA-03148,58,Femme,Rurale,Marié(e),Primaire,3,Artisanat,3.9,73000,28000,63,1,6400,Régulière,2,94.5,1.0,0,0,1,Jamais emprunté ailleurs,0,0,Equipement/Matériel,371000,18,Bien matériel,0.7,0
CSWA-03149,65,Femme,Urbaine,Marié(e),Aucun,4,Commerce informel,4.2,36000,25000,141,1,34600,Régulière,1,91.5,6.0,0,0,1,Jamais emprunté ailleurs,0,0,Fonds de commerce,149000,3,Caution solidaire,2.24,0
CSWA-03150,24,Homme,Urbaine,Marié(e),Aucun,3,Salarié secteur formel,5.0,106000,88000,79,1,104800,Régulière,0,,,1,6,1,Bon payeur ailleurs (solde sans incident),0,0,Intrants agricoles,492000,6,Aucune,1.7,1
CSWA-03151,52,Femme,Urbaine,Célibataire,Secondaire,4,Elevage,15.8,34000,18000,9,0,2200,Régulière,0,,,1,7,1,Jamais emprunté ailleurs,0,0,Equipement/Matériel,101000,3,Aucune,1.64,1
CSWA-03152,29,Homme,Urbaine,Célibataire,Aucun,4,Agriculture,5.5,89000,37000,60,1,19900,Aucune épargne,2,87.7,0.0,1,11,1,Jamais emprunté ailleurs,0,0,Intrants agricoles,73000,36,Caution solidaire,0.44,0
CSWA-03153,28,Femme,Rurale,Marié(e),Secondaire,4,Elevage,3.8,83000,40000,151,1,150800,Régulière,2,80.4,2.0,1,11,1,Jamais emprunté ailleurs,0,0,Equipement/Matériel,141000,6,Bien matériel,0.8,0
CSWA-03154,56,Homme,Semi-urbaine,Célibataire,Primaire,6,Commerce informel,5.5,123000,82000,145,0,19200,Irrégulière,1,75.0,4.0,1,8,1,Bon payeur ailleurs (solde sans incident),0,0,Fonds de commerce,274000,18,Bien matériel,0.8,0
CSWA-03155,22,Homme,Rurale,Veuf(ve),Supérieur,5,Commerce informel,3.4,49000,41000,149,0,41200,Régulière,4,82.7,11.0,1,10,1,Bon payeur ailleurs (solde sans incident),0,0,Equipement/Matériel,133000,6,Aucune,1.34,1
CSWA-03156,58,Homme,Semi-urbaine,Célibataire,Primaire,2,Autre service,11.8,48000,36000,122,1,60900,Régulière,1,92.2,10.0,1,12,1,Jamais emprunté ailleurs,0,0,Equipement/Matériel,119000,9,Caution solidaire,1.06,0
CSWA-03157,55,Homme,Rurale,Marié(e),Primaire,2,Artisanat,8.1,108000,80000,33,1,9600,Régulière,2,88.7,17.0,1,8,1,Pret en cours ailleurs,1,253000,Equipement/Matériel,525000,9,Caution solidaire,1.56,0
CSWA-03158,65,Femme,Urbaine,Marié(e),Supérieur,1,Commerce informel,2.3,74000,39000,36,0,33700,Irrégulière,1,50.1,18.0,1,15,1,Jamais emprunté ailleurs,0,0,Equipement/Matériel,175000,12,Caution solidaire,0.75,1
CSWA-03159,50,Femme,Urbaine,Veuf(ve),Supérieur,2,Commerce informel,8.1,27000,18000,179,1,29800,Régulière,0,,,1,15,1,Jamais emprunté ailleurs,0,0,Habitat/Réparation,32000,12,Bien matériel,0.78,1
CSWA-03160,60,Homme,Rurale,Marié(e),Primaire,4,Commerce informel,6.2,81000,45000,16,0,7700,Irrégulière,0,,,1,10,1,Bon payeur ailleurs (solde sans incident),0,0,Evénement social,190000,6,Bien matériel,0.99,0
CSWA-03161,24,Femme,Urbaine,Marié(e),Secondaire,6,Fonctionnaire,7.3,91000,35000,141,1,182900,Régulière,0,,,1,9,1,Incident de paiement signale ailleurs,0,0,Intrants agricoles,137000,6,Bien matériel,0.67,0
CSWA-03162,60,Femme,Semi-urbaine,Marié(e),Secondaire,3,Transport,9.8,109000,65000,108,1,29300,Aucune épargne,1,81.0,5.0,1,11,1,Pret en cours ailleurs,1,217000,Evénement social,553000,6,Bien matériel,1.72,0
CSWA-03163,26,Homme,Rurale,Célibataire,Primaire,6,Artisanat,2.8,42000,26000,8,0,2500,Régulière,1,59.6,5.0,1,10,1,Pret en cours ailleurs,1,123000,Evénement social,152000,6,Bien matériel,1.56,0
CSWA-03164,33,Homme,Rurale,Marié(e),Aucun,7,Autre service,5.1,105000,81000,152,1,125000,Aucune épargne,1,71.8,5.0,0,0,1,Bon payeur ailleurs (solde sans incident),0,0,Fonds de commerce,104000,36,Caution solidaire,0.8,0
CSWA-03165,25,Femme,Rurale,Marié(e),Secondaire,2,Agriculture,7.0,139000,102000,163,1,39700,Irrégulière,0,,,0,0,1,Bon payeur ailleurs (solde sans incident),0,0,Santé,130000,6,Aucune,0.91,0
CSWA-03166,37,Femme,Rurale,Célibataire,Secondaire,5,Salarié secteur formel,9.2,112000,65000,115,1,63900,Aucune épargne,0,,,1,13,0,Non consulté,0,0,Intrants agricoles,543000,18,Caution solidaire,0.88,0
CSWA-03167,54,Homme,Rurale,Marié(e),Aucun,1,Elevage,7.8,69000,41000,179,1,100600,Aucune épargne,1,91.4,6.0,1,10,1,Bon payeur ailleurs (solde sans incident),0,0,Intrants agricoles,342000,6,Bien matériel,1.52,0
CSWA-03168,31,Femme,Urbaine,Marié(e),Aucun,3,Salarié secteur formel,5.0,115000,86000,45,1,71700,Irrégulière,1,93.9,10.0,1,7,1,Jamais emprunté ailleurs,0,0,Fonds de commerce,394000,12,Aucune,1.07,0
CSWA-03169,57,Homme,Urbaine,Marié(e),Secondaire,5,Fonctionnaire,9.6,153000,76000,172,0,190200,Irrégulière,0,,,0,0,1,Pret en cours ailleurs,1,181000,Evénement social,374000,6,Caution solidaire,1.06,0
CSWA-03170,47,Homme,Urbaine,Marié(e),Aucun,2,Elevage,4.7,69000,37000,101,1,59400,Irrégulière,3,94.6,3.0,1,6,1,Pret en cours ailleurs,1,116000,Equipement/Matériel,363000,12,Caution solidaire,1.18,0
CSWA-03171,48,Femme,Urbaine,Divorcé(e),Secondaire,1,Commerce informel,4.3,72000,58000,120,0,88400,Aucune épargne,1,44.3,1.0,1,8,1,Incident de paiement signale ailleurs,0,0,Santé,153000,6,Aval d'un tiers,1.2,0
CSWA-03172,63,Femme,Rurale,Marié(e),Secondaire,5,Commerce informel,1.3,64000,47000,96,1,15200,Irrégulière,3,82.3,2.0,1,8,1,Jamais emprunté ailleurs,0,0,Fonds de commerce,216000,9,Bien matériel,1.15,0
CSWA-03173,39,Femme,Urbaine,Célibataire,Primaire,2,Commerce informel,2.5,172000,141000,161,1,69000,Aucune épargne,1,86.2,2.0,1,10,1,Jamais emprunté ailleurs,0,0,Intrants agricoles,197000,6,Caution solidaire,1.03,0
CSWA-03174,35,Homme,Urbaine,Marié(e),Aucun,3,Commerce informel,4.8,158000,125000,142,0,164900,Régulière,3,85.3,13.0,1,5,1,Jamais emprunté ailleurs,0,0,Equipement/Matériel,793000,12,Aucune,1.26,0
CSWA-03175,65,Homme,Semi-urbaine,Marié(e),Primaire,6,Agriculture,2.6,68000,50000,146,0,94200,Régulière,1,67.6,2.0,0,0,1,Bon payeur ailleurs (solde sans incident),0,0,Santé,367000,24,Caution solidaire,0.99,0
CSWA-03176,45,Homme,Semi-urbaine,Marié(e),Primaire,3,Elevage,1.7,46000,22000,77,1,17700,Régulière,0,,,1,11,1,Jamais emprunté ailleurs,0,0,Habitat/Réparation,163000,12,Aucune,0.81,0
CSWA-03177,47,Homme,Rurale,Marié(e),Primaire,7,Commerce informel,2.9,163000,100000,169,1,42000,Irrégulière,2,88.2,5.0,0,0,1,Pret en cours ailleurs,3,79000,Habitat/Réparation,794000,6,Caution solidaire,1.57,0
CSWA-03178,32,Homme,Rurale,Marié(e),Secondaire,3,Fonctionnaire,12.5,187000,104000,130,1,277400,Aucune épargne,2,71.3,1.0,1,10,1,Incident de paiement signale ailleurs,0,0,Fonds de commerce,521000,9,Caution solidaire,0.9,1
CSWA-03179,29,Femme,Semi-urbaine,Marié(e),Secondaire,3,Commerce informel,2.2,80000,44000,63,0,53400,Régulière,2,94.5,21.0,1,11,1,Jamais emprunté ailleurs,0,0,Intrants agricoles,314000,12,Caution solidaire,0.92,0
CSWA-03180,26,Femme,Urbaine,Divorcé(e),Aucun,1,Commerce informel,2.4,116000,86000,47,0,74500,Irrégulière,1,90.5,19.0,1,12,1,Pret en cours ailleurs,1,265000,Intrants agricoles,255000,6,Caution solidaire,1.36,0
CSWA-03181,29,Femme,Rurale,Marié(e),Secondaire,2,Commerce informel,9.0,115000,63000,144,0,197800,Irrégulière,2,72.9,3.0,0,0,1,Jamais emprunté ailleurs,0,0,Habitat/Réparation,318000,6,Bien matériel,1.06,0
CSWA-03182,28,Homme,Urbaine,Veuf(ve),Primaire,2,Autre service,7.0,50000,21000,5,1,5000,Irrégulière,2,72.7,3.0,1,9,1,Bon payeur ailleurs (solde sans incident),0,0,Habitat/Réparation,81000,18,Caution solidaire,0.52,0
CSWA-03183,54,Homme,Rurale,Marié(e),Secondaire,2,Agriculture,5.1,58000,30000,161,1,74700,Régulière,2,68.7,6.0,0,0,1,Jamais emprunté ailleurs,0,0,Equipement/Matériel,206000,6,Caution solidaire,1.18,0
CSWA-03184,21,Femme,Semi-urbaine,Marié(e),Aucun,1,Commerce informel,8.5,81000,61000,139,0,158600,Régulière,4,69.5,3.0,1,12,1,Jamais emprunté ailleurs,0,0,Equipement/Matériel,116000,9,Caution solidaire,0.93,0
CSWA-03185,48,Homme,Semi-urbaine,Marié(e),Primaire,1,Commerce informel,5.7,28000,17000,103,0,30100,Irrégulière,0,,,1,6,1,Pret en cours ailleurs,1,134000,Fonds de commerce,151000,24,Caution solidaire,1.29,0
CSWA-03186,63,Femme,Semi-urbaine,Marié(e),Primaire,4,Agriculture,0.2,67000,24000,178,0,23500,Régulière,0,,,1,10,0,Non consulté,0,0,Santé,60000,12,Aucune,0.44,0
CSWA-03187,54,Homme,Rurale,Marié(e),Primaire,6,Autre service,3.6,52000,34000,49,1,29900,Irrégulière,2,96.9,11.0,1,15,1,Pret en cours ailleurs,3,128000,Evénement social,68000,6,Aval d'un tiers,1.12,0
CSWA-03188,37,Femme,Rurale,Marié(e),Supérieur,5,Artisanat,17.5,89000,39000,178,1,57600,Régulière,0,,,1,9,1,Jamais emprunté ailleurs,0,0,Habitat/Réparation,188000,3,Caution solidaire,1.23,0
CSWA-03189,21,Femme,Semi-urbaine,Marié(e),Aucun,3,Agriculture,5.7,44000,18000,25,0,13400,Régulière,0,,,1,12,0,Non consulté,0,0,Intrants agricoles,63000,18,Aucune,0.5,0
CSWA-03190,58,Femme,Rurale,Célibataire,Aucun,4,Agriculture,10.2,102000,51000,136,0,206100,Régulière,3,56.3,5.0,1,9,1,Pret en cours ailleurs,2,86000,Equipement/Matériel,553000,3,Caution solidaire,2.6,0
CSWA-03191,19,Femme,Rurale,Marié(e),Secondaire,1,Commerce informel,10.7,91000,67000,37,0,7500,Régulière,3,91.9,4.0,0,0,1,Jamais emprunté ailleurs,0,0,Santé,261000,12,Aval d'un tiers,1.0,0
CSWA-03192,51,Femme,Urbaine,Divorcé(e),Primaire,3,Elevage,7.7,76000,29000,121,0,13900,Aucune épargne,0,,,1,7,1,Jamais emprunté ailleurs,0,0,Intrants agricoles,302000,9,Aucune,0.88,0
CSWA-03193,50,Homme,Rurale,Marié(e),Aucun,9,Agriculture,5.3,105000,48000,64,1,79200,Irrégulière,1,72.8,9.0,0,0,1,Jamais emprunté ailleurs,0,0,Equipement/Matériel,573000,18,Aucune,0.8,0
CSWA-03194,28,Femme,Urbaine,Marié(e),Primaire,2,Restauration/Transformation,3.1,112000,51000,68,1,91700,Régulière,2,97.8,5.0,1,13,0,Non consulté,0,0,Fonds de commerce,574000,6,Aval d'un tiers,1.41,0
CSWA-03195,53,Femme,Rurale,Marié(e),Aucun,4,Commerce informel,2.2,71000,54000,47,1,34100,Irrégulière,1,97.8,2.0,1,14,1,Bon payeur ailleurs (solde sans incident),0,0,Fonds de commerce,75000,24,Aucune,0.81,0
CSWA-03196,27,Femme,Urbaine,Marié(e),Secondaire,5,Commerce informel,10.5,82000,39000,167,1,98100,Régulière,0,,,1,9,1,Jamais emprunté ailleurs,0,0,Fonds de commerce,251000,6,Aucune,1.05,0
CSWA-03197,29,Femme,Rurale,Veuf(ve),Primaire,1,Artisanat,6.7,56000,36000,102,0,73800,Irrégulière,1,96.2,11.0,1,17,1,Bon payeur ailleurs (solde sans incident),0,0,Intrants agricoles,49000,6,Bien matériel,0.81,0
CSWA-03198,57,Homme,Urbaine,Célibataire,Aucun,2,Restauration/Transformation,6.8,55000,23000,87,1,48100,Irrégulière,0,,,1,6,1,Jamais emprunté ailleurs,0,0,Santé,116000,12,Caution solidaire,0.61,0
CSWA-03199,65,Femme,Urbaine,Marié(e),Primaire,7,Elevage,7.7,193000,144000,49,1,123000,Aucune épargne,0,,,1,7,1,Jamais emprunté ailleurs,0,0,Habitat/Réparation,725000,12,Aval d'un tiers,1.1,1
CSWA-03200,31,Femme,Rurale,Marié(e),Supérieur,7,Transport,4.3,72000,35000,131,1,49400,Régulière,0,,,1,14,1,Jamais emprunté ailleurs,0,0,Habitat/Réparation,101000,9,Caution solidaire,0.66,0
CSWA-03201,62,Homme,Urbaine,Célibataire,Secondaire,4,Salarié secteur formel,9.4,161000,93000,45,0,38700,Irrégulière,3,82.7,3.0,1,9,1,Jamais emprunté ailleurs,0,0,Fonds de commerce,718000,18,Caution solidaire,0.86,0
CSWA-03202,61,Homme,Semi-urbaine,Marié(e),Aucun,5,Fonctionnaire,5.9,130000,67000,103,0,124300,Régulière,0,,,0,0,1,Jamais emprunté ailleurs,0,0,Intrants agricoles,573000,6,Bien matériel,1.34,0
CSWA-03203,55,Homme,Rurale,Marié(e),Secondaire,5,Agriculture,4.6,99000,67000,66,1,68100,Irrégulière,1,95.8,1.0,1,7,1,Bon payeur ailleurs (solde sans incident),0,0,Equipement/Matériel,187000,9,Aucune,0.91,0
CSWA-03204,25,Femme,Urbaine,Marié(e),Aucun,3,Fonctionnaire,6.8,172000,82000,162,0,64000,Régulière,1,97.7,2.0,1,8,1,Bon payeur ailleurs (solde sans incident),0,0,Fonds de commerce,349000,24,Caution solidaire,0.57,0
CSWA-03205,33,Homme,Urbaine,Marié(e),Aucun,3,Restauration/Transformation,9.6,63000,22000,56,0,9400,Aucune épargne,4,42.2,11.0,1,6,1,Bon payeur ailleurs (solde sans incident),0,0,Elevage,296000,12,Caution solidaire,0.79,0
CSWA-03206,50,Homme,Semi-urbaine,Marié(e),Secondaire,6,Artisanat,4.5,135000,83000,125,0,211800,Irrégulière,1,58.0,7.0,1,10,1,Pret en cours ailleurs,1,254000,Intrants agricoles,519000,6,Caution solidaire,1.5,0
CSWA-03207,65,Homme,Rurale,Marié(e),Secondaire,4,Artisanat,17.4,36000,30000,33,1,10400,Irrégulière,1,83.7,4.0,1,4,1,Jamais emprunté ailleurs,0,0,Equipement/Matériel,112000,36,Bien matériel,0.93,0
CSWA-03208,57,Femme,Rurale,Veuf(ve),Aucun,2,Commerce informel,2.2,90000,69000,56,1,18600,Régulière,2,77.9,5.0,1,7,0,Non consulté,0,0,Fonds de commerce,170000,3,Caution solidaire,1.47,0
CSWA-03209,38,Homme,Urbaine,Marié(e),Secondaire,1,Artisanat,7.4,51000,43000,94,0,25000,Régulière,1,98.8,2.0,1,7,1,Bon payeur ailleurs (solde sans incident),0,0,Elevage,50000,3,Caution solidaire,1.21,0
CSWA-03210,30,Homme,Rurale,Veuf(ve),Secondaire,3,Transport,3.4,27000,15000,165,1,54900,Régulière,1,52.8,5.0,0,0,1,Jamais emprunté ailleurs,0,0,Equipement/Matériel,132000,12,Bien matériel,1.01,0
CSWA-03211,64,Femme,Semi-urbaine,Célibataire,Secondaire,4,Autre service,6.0,77000,49000,74,1,19600,Régulière,2,81.4,1.0,0,0,1,Jamais emprunté ailleurs,0,0,Santé,419000,3,Aucune,2.67,0
CSWA-03212,31,Homme,Rurale,Marié(e),Secondaire,2,Agriculture,8.3,43000,32000,32,1,12700,Régulière,3,76.9,2.0,1,11,1,Pret en cours ailleurs,2,352000,Fonds de commerce,57000,12,Bien matériel,1.6,0
CSWA-03213,35,Femme,Urbaine,Marié(e),Primaire,2,Autre service,32.1,39000,20000,161,1,48900,Régulière,3,88.2,4.0,1,8,1,Pret en cours ailleurs,1,82000,Intrants agricoles,203000,12,Aucune,1.19,0
CSWA-03214,64,Femme,Urbaine,Marié(e),Supérieur,6,Commerce informel,1.6,337000,137000,39,1,188500,Régulière,3,85.7,11.0,1,3,1,Jamais emprunté ailleurs,0,0,Education,959000,3,Aucune,1.47,0
CSWA-03215,45,Homme,Urbaine,Célibataire,Aucun,2,Autre service,2.8,109000,47000,40,1,50200,Irrégulière,1,95.1,7.0,1,10,1,Jamais emprunté ailleurs,0,0,Fonds de commerce,463000,9,Caution solidaire,0.96,0
CSWA-03216,31,Femme,Rurale,Marié(e),Primaire,5,Artisanat,7.5,110000,91000,65,1,77500,Irrégulière,4,92.4,15.0,1,9,1,Jamais emprunté ailleurs,0,0,Fonds de commerce,451000,9,Bien matériel,1.34,0
CSWA-03217,19,Homme,Semi-urbaine,Veuf(ve),Primaire,3,Restauration/Transformation,9.7,78000,58000,148,0,131300,Irrégulière,2,63.7,8.0,1,8,0,Non consulté,0,0,Fonds de commerce,251000,6,Aval d'un tiers,1.34,1
CSWA-03218,39,Homme,Semi-urbaine,Marié(e),Secondaire,2,Artisanat,4.2,42000,21000,67,0,40000,Aucune épargne,1,74.7,12.0,1,6,1,Pret en cours ailleurs,2,125000,Fonds de commerce,45000,6,Aucune,0.97,0
CSWA-03219,65,Homme,Semi-urbaine,Marié(e),Aucun,2,Autre service,2.6,74000,55000,173,1,52400,Régulière,0,,,0,0,0,Non consulté,0,0,Equipement/Matériel,217000,18,Bien matériel,0.93,0
CSWA-03220,39,Homme,Urbaine,Marié(e),Primaire,0,Commerce informel,7.7,66000,46000,149,0,8300,Aucune épargne,1,77.8,1.0,1,12,1,Incident de paiement signale ailleurs,0,0,Intrants agricoles,69000,6,Caution solidaire,0.89,1
CSWA-03221,51,Homme,Semi-urbaine,Marié(e),Secondaire,2,Agriculture,3.7,28000,16000,150,1,19300,Irrégulière,1,80.3,0.0,1,10,1,Jamais emprunté ailleurs,0,0,Equipement/Matériel,93000,24,Bien matériel,0.72,0
CSWA-03222,30,Femme,Urbaine,Célibataire,Primaire,2,Salarié secteur formel,11.4,133000,48000,79,0,144100,Irrégulière,1,87.5,1.0,0,0,1,Jamais emprunté ailleurs,0,0,Fonds de commerce,447000,36,Bien matériel,0.47,0
CSWA-03223,55,Homme,Urbaine,Célibataire,Aucun,3,Commerce informel,7.2,77000,55000,150,1,122300,Aucune épargne,1,85.2,2.0,1,14,1,Jamais emprunté ailleurs,0,0,Fonds de commerce,227000,12,Bien matériel,0.99,1
CSWA-03224,55,Homme,Rurale,Marié(e),Aucun,3,Artisanat,7.6,51000,25000,158,0,21100,Aucune épargne,2,73.8,6.0,1,6,1,Bon payeur ailleurs (solde sans incident),0,0,Fonds de commerce,136000,3,Bien matériel,1.49,0
CSWA-03225,47,Femme,Urbaine,Marié(e),Secondaire,2,Elevage,10.6,86000,42000,72,1,32900,Irrégulière,1,93.5,1.0,0,0,1,Bon payeur ailleurs (solde sans incident),0,0,Intrants agricoles,177000,24,Caution solidaire,0.58,0
CSWA-03226,55,Femme,Semi-urbaine,Marié(e),Aucun,3,Transport,15.2,38000,23000,60,1,20900,Irrégulière,0,,,1,8,1,Bon payeur ailleurs (solde sans incident),0,0,Habitat/Réparation,139000,12,Bien matériel,0.95,0
CSWA-03227,46,Homme,Semi-urbaine,Célibataire,Primaire,2,Fonctionnaire,3.0,206000,99000,20,0,11200,Irrégulière,3,80.8,7.0,1,8,1,Jamais emprunté ailleurs,0,0,Fonds de commerce,786000,6,Aucune,1.19,1
CSWA-03228,36,Homme,Semi-urbaine,Marié(e),Primaire,3,Commerce informel,4.7,188000,133000,70,0,120000,Aucune épargne,1,92.9,2.0,0,0,1,Incident de paiement signale ailleurs,0,0,Fonds de commerce,862000,18,Aucune,0.99,0
CSWA-03229,53,Homme,Semi-urbaine,Marié(e),Supérieur,1,Restauration/Transformation,11.4,61000,30000,86,1,7400,Régulière,1,90.7,10.0,0,0,0,Non consulté,0,0,Education,299000,12,Aucune,0.95,0
CSWA-03230,58,Homme,Rurale,Célibataire,Secondaire,4,Artisanat,5.8,80000,60000,138,1,121400,Régulière,0,,,1,9,1,Bon payeur ailleurs (solde sans incident),0,0,Fonds de commerce,345000,18,Caution solidaire,1.02,0
CSWA-03231,58,Femme,Urbaine,Marié(e),Aucun,2,Restauration/Transformation,4.0,86000,49000,100,0,40800,Régulière,2,86.1,3.0,1,12,0,Non consulté,0,0,Habitat/Réparation,470000,24,Aval d'un tiers,0.82,0
CSWA-03232,29,Femme,Semi-urbaine,Marié(e),Secondaire,1,Commerce informel,5.4,73000,44000,45,0,21700,Régulière,1,96.2,8.0,1,6,1,Jamais emprunté ailleurs,0,0,Equipement/Matériel,330000,24,Caution solidaire,0.81,0
CSWA-03233,50,Homme,Rurale,Célibataire,Secondaire,2,Commerce informel,14.5,60000,22000,54,0,1700,Irrégulière,1,71.0,2.0,1,6,1,Pret en cours ailleurs,1,105000,Intrants agricoles,329000,9,Caution solidaire,1.2,0
CSWA-03234,19,Homme,Semi-urbaine,Célibataire,Secondaire,1,Artisanat,5.6,282000,102000,23,1,63500,Irrégulière,0,,,1,7,1,Jamais emprunté ailleurs,0,0,Equipement/Matériel,1327000,24,Bien matériel,0.58,0
CSWA-03235,45,Femme,Urbaine,Célibataire,Primaire,5,Commerce informel,8.1,54000,25000,40,0,22500,Régulière,2,94.5,1.0,0,0,1,Jamais emprunté ailleurs,0,0,Fonds de commerce,69000,6,Bien matériel,0.7,0
CSWA-03236,45,Femme,Urbaine,Marié(e),Aucun,3,Restauration/Transformation,4.6,49000,26000,25,0,16100,Régulière,1,63.4,5.0,1,10,0,Non consulté,0,0,Evénement social,60000,6,Aucune,0.76,0
CSWA-03237,36,Homme,Urbaine,Marié(e),Secondaire,3,Commerce informel,1.9,106000,46000,139,0,162100,Régulière,0,,,1,7,1,Bon payeur ailleurs (solde sans incident),0,0,Intrants agricoles,123000,9,Aucune,0.58,0
CSWA-03238,65,Homme,Rurale,Célibataire,Primaire,4,Fonctionnaire,9.5,159000,96000,42,1,68500,Irrégulière,2,59.7,0.0,1,11,0,Non consulté,0,0,Intrants agricoles,194000,3,Aucune,1.06,1
CSWA-03239,60,Femme,Semi-urbaine,Marié(e),Primaire,1,Salarié secteur formel,4.6,193000,126000,10,1,12600,Régulière,3,82.5,15.0,1,12,1,Bon payeur ailleurs (solde sans incident),0,0,Fonds de commerce,723000,18,Aucune,0.89,0
CSWA-03240,20,Femme,Semi-urbaine,Marié(e),Aucun,4,Artisanat,10.2,72000,54000,109,0,11000,Régulière,0,,,1,7,1,Jamais emprunté ailleurs,0,0,Education,325000,9,Aval d'un tiers,1.31,0
CSWA-03241,28,Homme,Urbaine,Marié(e),Aucun,4,Salarié secteur formel,7.9,239000,145000,100,0,233900,Régulière,1,71.9,4.0,0,0,1,Jamais emprunté ailleurs,0,0,Habitat/Réparation,419000,9,Bien matériel,0.82,0
CSWA-03242,28,Homme,Rurale,Marié(e),Primaire,2,Autre service,6.8,95000,51000,8,1,1000,Irrégulière,0,,,1,7,0,Non consulté,0,0,Fonds de commerce,514000,12,Bien matériel,1.04,0
CSWA-03243,61,Homme,Urbaine,Divorcé(e),Aucun,1,Transport,11.9,67000,54000,125,0,83600,Régulière,0,,,1,8,1,Pret en cours ailleurs,1,60000,Elevage,62000,24,Caution solidaire,0.93,0
CSWA-03244,43,Homme,Urbaine,Marié(e),Secondaire,1,Artisanat,4.6,134000,76000,120,1,23000,Irrégulière,2,67.6,5.0,0,0,1,Jamais emprunté ailleurs,0,0,Elevage,334000,36,Caution solidaire,0.64,0
CSWA-03245,53,Femme,Urbaine,Marié(e),Secondaire,1,Agriculture,9.4,116000,57000,174,0,24300,Aucune épargne,0,,,1,13,1,Jamais emprunté ailleurs,0,0,Equipement/Matériel,119000,18,Caution solidaire,0.56,0
CSWA-03246,57,Femme,Rurale,Veuf(ve),Primaire,2,Transport,5.6,107000,42000,138,1,127800,Régulière,2,73.7,7.0,1,6,1,Incident de paiement signale ailleurs,0,0,Intrants agricoles,494000,12,Aucune,0.82,0
CSWA-03247,55,Femme,Rurale,Divorcé(e),Aucun,6,Restauration/Transformation,4.4,35000,15000,144,0,69700,Irrégulière,0,,,1,5,1,Pret en cours ailleurs,1,183000,Intrants agricoles,94000,6,Bien matériel,1.4,1
CSWA-03248,23,Homme,Urbaine,Marié(e),Aucun,3,Elevage,7.5,67000,47000,135,0,99000,Aucune épargne,1,81.6,6.0,1,7,1,Bon payeur ailleurs (solde sans incident),0,0,Habitat/Réparation,259000,24,Aval d'un tiers,0.88,0
CSWA-03249,25,Homme,Rurale,Veuf(ve),Primaire,4,Elevage,4.1,76000,34000,117,0,94300,Aucune épargne,4,85.8,4.0,0,0,0,Non consulté,0,0,Habitat/Réparation,339000,9,Caution solidaire,1.0,0
CSWA-03250,37,Femme,Semi-urbaine,Marié(e),Secondaire,1,Commerce informel,4.8,210000,112000,114,1,287000,Irrégulière,4,80.6,0.0,1,14,1,Incident de paiement signale ailleurs,0,0,Fonds de commerce,318000,6,Caution solidaire,0.82,1
CSWA-03251,34,Femme,Urbaine,Célibataire,Secondaire,6,Transport,6.2,37000,13000,113,1,29600,Régulière,2,89.1,1.0,1,11,1,Jamais emprunté ailleurs,0,0,Santé,168000,12,Bien matériel,0.78,0
CSWA-03252,54,Homme,Urbaine,Marié(e),Secondaire,4,Salarié secteur formel,11.6,137000,74000,80,0,121000,Régulière,1,61.2,3.0,1,6,1,Bon payeur ailleurs (solde sans incident),0,0,Elevage,745000,9,Caution solidaire,1.22,0
CSWA-03253,26,Homme,Rurale,Marié(e),Supérieur,2,Commerce informel,12.3,147000,99000,18,0,19400,Aucune épargne,3,88.7,2.0,1,8,0,Non consulté,0,0,Habitat/Réparation,540000,18,Bien matériel,0.9,0
CSWA-03254,36,Femme,Semi-urbaine,Marié(e),Aucun,2,Commerce informel,2.7,48000,22000,177,0,121200,Régulière,1,70.2,2.0,1,5,1,Jamais emprunté ailleurs,0,0,Intrants agricoles,60000,36,Caution solidaire,0.5,0
CSWA-03255,30,Femme,Semi-urbaine,Célibataire,Secondaire,1,Autre service,4.3,56000,20000,176,1,106300,Régulière,0,,,1,11,1,Jamais emprunté ailleurs,0,0,Equipement/Matériel,303000,18,Caution solidaire,0.69,0
CSWA-03256,27,Femme,Urbaine,Marié(e),Primaire,3,Commerce informel,8.5,203000,156000,17,0,16400,Régulière,1,87.8,7.0,1,11,1,Jamais emprunté ailleurs,0,0,Fonds de commerce,425000,6,Caution solidaire,1.16,0
CSWA-03257,27,Femme,Rurale,Marié(e),Primaire,1,Restauration/Transformation,3.9,99000,70000,141,0,79400,Régulière,1,93.5,6.0,1,7,1,Jamais emprunté ailleurs,0,0,Habitat/Réparation,205000,18,Bien matériel,0.84,0
CSWA-03258,28,Femme,Semi-urbaine,Célibataire,Primaire,3,Elevage,4.2,130000,110000,137,0,173000,Irrégulière,1,74.3,3.0,1,13,1,Bon payeur ailleurs (solde sans incident),0,0,Intrants agricoles,529000,3,Caution solidaire,2.37,0
CSWA-03259,45,Femme,Rurale,Marié(e),Primaire,1,Elevage,5.5,120000,50000,45,1,39400,Irrégulière,1,91.3,14.0,1,8,1,Bon payeur ailleurs (solde sans incident),0,0,Intrants agricoles,617000,6,Aucune,1.38,0
CSWA-03260,38,Homme,Rurale,Veuf(ve),Secondaire,4,Commerce informel,8.2,86000,59000,69,0,15500,Régulière,1,93.3,2.0,1,7,0,Non consulté,0,0,Elevage,216000,24,Caution solidaire,0.8,0
CSWA-03261,39,Femme,Semi-urbaine,Marié(e),Secondaire,4,Commerce informel,6.7,85000,41000,139,0,113700,Régulière,5,83.0,7.0,0,0,1,Jamais emprunté ailleurs,0,0,Elevage,204000,24,Aval d'un tiers,0.59,0
CSWA-03262,41,Femme,Urbaine,Marié(e),Primaire,2,Artisanat,12.4,132000,79000,149,0,185000,Irrégulière,0,,,1,5,1,Jamais emprunté ailleurs,0,0,Intrants agricoles,507000,12,Aucune,0.96,0
CSWA-03263,53,Homme,Rurale,Marié(e),Aucun,3,Agriculture,6.2,51000,37000,72,0,2100,Irrégulière,1,81.3,1.0,1,14,1,Jamais emprunté ailleurs,0,0,Habitat/Réparation,72000,36,Caution solidaire,0.77,0
CSWA-03264,59,Femme,Semi-urbaine,Marié(e),Primaire,1,Transport,6.8,210000,91000,114,1,142100,Aucune épargne,2,83.8,0.0,1,9,1,Jamais emprunté ailleurs,0,0,Santé,1095000,6,Bien matériel,1.41,1
CSWA-03265,43,Homme,Urbaine,Marié(e),Secondaire,5,Autre service,5.6,60000,35000,83,0,55200,Régulière,1,85.3,27.0,1,11,0,Non consulté,0,0,Intrants agricoles,211000,12,Bien matériel,0.91,0
CSWA-03266,49,Homme,Rurale,Marié(e),Primaire,5,Transport,7.3,142000,69000,26,0,11000,Régulière,2,40.7,35.0,0,0,0,Non consulté,0,0,Fonds de commerce,242000,24,Bien matériel,0.57,0
CSWA-03267,53,Homme,Rurale,Célibataire,Aucun,5,Agriculture,4.4,107000,46000,30,0,41200,Aucune épargne,1,84.1,6.0,1,7,1,Bon payeur ailleurs (solde sans incident),0,0,Intrants agricoles,527000,3,Aucune,2.27,0
CSWA-03268,51,Femme,Semi-urbaine,Marié(e),Aucun,3,Elevage,7.5,60000,43000,152,1,79000,Régulière,3,54.7,0.0,0,0,1,Pret en cours ailleurs,2,522000,Intrants agricoles,159000,6,Bien matériel,2.0,1
CSWA-03269,25,Femme,Semi-urbaine,Marié(e),Secondaire,4,Commerce informel,3.8,105000,50000,4,0,6000,Régulière,4,84.4,2.0,1,12,1,Bon payeur ailleurs (solde sans incident),0,0,Habitat/Réparation,467000,12,Bien matériel,0.89,0
CSWA-03270,65,Femme,Semi-urbaine,Célibataire,Secondaire,5,Restauration/Transformation,11.0,87000,53000,14,1,18000,Régulière,2,86.9,8.0,1,12,1,Bon payeur ailleurs (solde sans incident),0,0,Equipement/Matériel,264000,12,Aval d'un tiers,0.89,0
CSWA-03271,26,Femme,Urbaine,Marié(e),Aucun,2,Agriculture,5.8,31000,22000,54,1,16200,Régulière,0,,,1,8,0,Non consulté,0,0,Fonds de commerce,41000,18,Aval d'un tiers,0.79,0
CSWA-03272,38,Femme,Semi-urbaine,Célibataire,Primaire,0,Salarié secteur formel,13.7,192000,110000,146,1,390000,Irrégulière,2,62.4,1.0,0,0,1,Bon payeur ailleurs (solde sans incident),0,0,Fonds de commerce,854000,6,Aucune,1.4,0
CSWA-03273,49,Femme,Semi-urbaine,Veuf(ve),Primaire,4,Restauration/Transformation,10.9,41000,17000,127,0,78000,Régulière,2,73.9,12.0,0,0,0,Non consulté,0,0,Fonds de commerce,117000,9,Caution solidaire,0.77,0
CSWA-03274,37,Femme,Rurale,Marié(e),Secondaire,8,Commerce informel,6.9,107000,38000,103,1,77900,Régulière,3,85.4,13.0,1,8,0,Non consulté,0,0,Intrants agricoles,213000,9,Aucune,0.6,0
CSWA-03275,30,Homme,Rurale,Marié(e),Aucun,3,Agriculture,8.7,75000,41000,113,0,47800,Irrégulière,1,80.0,25.0,1,2,1,Bon payeur ailleurs (solde sans incident),0,0,Elevage,152000,9,Caution solidaire,0.8,0
CSWA-03276,62,Femme,Urbaine,Veuf(ve),Secondaire,3,Restauration/Transformation,7.6,131000,111000,28,0,47900,Régulière,2,83.0,1.0,1,13,0,Non consulté,0,0,Intrants agricoles,282000,6,Caution solidaire,1.25,0
CSWA-03277,22,Femme,Semi-urbaine,Marié(e),Supérieur,2,Salarié secteur formel,2.7,113000,95000,29,0,1600,Aucune épargne,1,97.5,6.0,1,6,1,Pret en cours ailleurs,1,653000,Intrants agricoles,295000,18,Bien matériel,1.52,0
CSWA-03278,30,Femme,Urbaine,Divorcé(e),Primaire,3,Agriculture,6.7,40000,23000,108,0,30700,Régulière,3,90.7,3.0,1,9,1,Jamais emprunté ailleurs,0,0,Elevage,127000,9,Aval d'un tiers,0.97,0
CSWA-03279,65,Homme,Urbaine,Marié(e),Primaire,4,Restauration/Transformation,6.5,45000,25000,65,1,28600,Régulière,1,76.8,6.0,0,0,1,Jamais emprunté ailleurs,0,0,Habitat/Réparation,111000,18,Caution solidaire,0.71,0
CSWA-03280,53,Femme,Semi-urbaine,Marié(e),Aucun,7,Commerce informel,5.6,246000,166000,100,1,300600,Aucune épargne,1,91.5,8.0,0,0,1,Bon payeur ailleurs (solde sans incident),0,0,Equipement/Matériel,402000,12,Bien matériel,0.83,0
CSWA-03281,23,Femme,Semi-urbaine,Marié(e),Aucun,2,Fonctionnaire,7.9,39000,30000,116,1,47000,Régulière,1,94.9,0.0,1,9,1,Bon payeur ailleurs (solde sans incident),0,0,Education,155000,12,Caution solidaire,1.14,0
CSWA-03282,54,Homme,Semi-urbaine,Marié(e),Supérieur,3,Artisanat,6.8,243000,155000,57,0,8700,Régulière,0,,,1,7,1,Bon payeur ailleurs (solde sans incident),0,0,Intrants agricoles,899000,12,Bien matériel,0.98,0
CSWA-03283,64,Femme,Rurale,Divorcé(e),Supérieur,0,Transport,7.1,35000,25000,154,0,55200,Irrégulière,1,89.5,3.0,1,12,0,Non consulté,0,0,Intrants agricoles,134000,9,Aucune,1.19,0
CSWA-03284,23,Homme,Urbaine,Marié(e),Aucun,3,Agriculture,13.3,38000,14000,147,1,55400,Régulière,1,97.6,23.0,1,12,1,Bon payeur ailleurs (solde sans incident),0,0,Equipement/Matériel,184000,24,Bien matériel,0.59,0
CSWA-03285,38,Homme,Rurale,Divorcé(e),Supérieur,1,Fonctionnaire,6.2,169000,133000,20,0,1600,Régulière,1,70.7,9.0,1,7,1,Bon payeur ailleurs (solde sans incident),0,0,Fonds de commerce,156000,12,Bien matériel,0.87,0
CSWA-03286,41,Homme,Urbaine,Célibataire,Aucun,7,Restauration/Transformation,9.5,124000,77000,23,0,13500,Irrégulière,0,,,1,3,1,Jamais emprunté ailleurs,0,0,Equipement/Matériel,395000,9,Aval d'un tiers,1.02,1
CSWA-03287,25,Femme,Semi-urbaine,Veuf(ve),Primaire,3,Commerce informel,5.8,258000,154000,38,0,70800,Irrégulière,2,84.0,4.0,0,0,1,Pret en cours ailleurs,1,274000,Fonds de commerce,1284000,24,Aval d'un tiers,0.92,1
CSWA-03288,28,Femme,Rurale,Divorcé(e),Secondaire,3,Artisanat,13.4,133000,61000,26,1,33200,Irrégulière,1,80.2,2.0,1,14,1,Jamais emprunté ailleurs,0,0,Fonds de commerce,523000,6,Aval d'un tiers,1.19,0
CSWA-03289,27,Homme,Rurale,Marié(e),Primaire,2,Commerce informel,8.5,90000,38000,99,0,91900,Régulière,0,,,1,11,1,Bon payeur ailleurs (solde sans incident),0,0,Fonds de commerce,355000,12,Bien matériel,0.79,0
CSWA-03290,27,Femme,Urbaine,Divorcé(e),Primaire,4,Salarié secteur formel,6.9,110000,59000,44,0,40200,Irrégulière,1,94.3,2.0,1,10,1,Pret en cours ailleurs,1,154000,Fonds de commerce,460000,6,Aval d'un tiers,1.44,1
CSWA-03291,37,Homme,Rurale,Célibataire,Secondaire,2,Transport,4.1,69000,56000,117,1,120300,Aucune épargne,1,96.7,5.0,1,11,1,Jamais emprunté ailleurs,0,0,Education,369000,12,Aval d'un tiers,1.31,0
CSWA-03292,40,Femme,Semi-urbaine,Marié(e),Aucun,1,Elevage,13.6,85000,54000,156,1,137800,Aucune épargne,0,,,1,12,1,Bon payeur ailleurs (solde sans incident),0,0,Fonds de commerce,414000,9,Caution solidaire,1.24,0
CSWA-03293,30,Femme,Rurale,Célibataire,Supérieur,3,Agriculture,10.5,131000,73000,26,0,9400,Irrégulière,3,84.7,8.0,1,7,1,Jamais emprunté ailleurs,0,0,Intrants agricoles,266000,18,Caution solidaire,0.68,0
CSWA-03294,32,Femme,Urbaine,Marié(e),Aucun,3,Salarié secteur formel,3.9,61000,26000,30,0,20200,Irrégulière,1,78.1,1.0,1,11,0,Non consulté,0,0,Equipement/Matériel,273000,9,Aval d'un tiers,0.98,0
CSWA-03295,28,Femme,Urbaine,Marié(e),Aucun,3,Salarié secteur formel,2.2,80000,30000,33,1,9200,Irrégulière,1,66.9,2.0,1,6,1,Bon payeur ailleurs (solde sans incident),0,0,Intrants agricoles,128000,6,Aval d'un tiers,0.67,0
CSWA-03296,56,Femme,Rurale,Marié(e),Supérieur,3,Elevage,5.1,94000,61000,146,1,38400,Aucune épargne,1,86.8,2.0,0,0,1,Pret en cours ailleurs,1,368000,Santé,239000,18,Caution solidaire,1.16,0
CSWA-03297,28,Femme,Urbaine,Marié(e),Primaire,0,Restauration/Transformation,3.4,85000,70000,176,1,143300,Régulière,0,,,1,4,0,Non consulté,0,0,Intrants agricoles,249000,18,Caution solidaire,1.01,0
CSWA-03298,61,Homme,Semi-urbaine,Marié(e),Primaire,1,Commerce informel,5.5,65000,37000,140,1,71700,Régulière,2,86.8,16.0,1,9,1,Incident de paiement signale ailleurs,0,0,Equipement/Matériel,262000,3,Bien matériel,2.07,0
CSWA-03299,44,Homme,Rurale,Marié(e),Aucun,7,Agriculture,9.2,86000,40000,124,0,151600,Régulière,2,93.7,5.0,1,6,1,Bon payeur ailleurs (solde sans incident),0,0,Habitat/Réparation,138000,3,Bien matériel,1.06,0
CSWA-03300,56,Homme,Urbaine,Célibataire,Aucun,6,Fonctionnaire,10.5,193000,104000,110,0,188600,Aucune épargne,2,71.0,4.0,1,9,1,Incident de paiement signale ailleurs,0,0,Evénement social,1035000,3,Caution solidaire,2.54,0
CSWA-03301,48,Femme,Semi-urbaine,Célibataire,Aucun,3,Restauration/Transformation,2.1,53000,32000,37,1,15700,Aucune épargne,1,98.3,1.0,1,7,1,Jamais emprunté ailleurs,0,0,Equipement/Matériel,223000,18,Caution solidaire,0.87,0
CSWA-03302,31,Femme,Urbaine,Veuf(ve),Primaire,0,Commerce informel,2.6,131000,95000,85,0,26000,Régulière,0,,,0,0,0,Non consulté,0,0,Equipement/Matériel,311000,18,Bien matériel,0.87,0
CSWA-03303,47,Femme,Urbaine,Divorcé(e),Primaire,4,Agriculture,3.3,192000,111000,164,0,408400,Aucune épargne,0,,,1,8,0,Non consulté,0,0,Intrants agricoles,965000,9,Caution solidaire,1.2,0
CSWA-03304,31,Homme,Rurale,Veuf(ve),Primaire,4,Agriculture,6.7,89000,72000,65,1,28800,Irrégulière,2,72.9,1.0,0,0,0,Non consulté,0,0,Fonds de commerce,266000,36,Caution solidaire,0.9,1
CSWA-03305,24,Homme,Urbaine,Célibataire,Secondaire,0,Commerce informel,10.9,79000,53000,6,0,4600,Aucune épargne,2,55.6,10.0,1,10,1,Jamais emprunté ailleurs,0,0,Fonds de commerce,257000,24,Aval d'un tiers,0.82,0
CSWA-03306,30,Femme,Rurale,Marié(e),Supérieur,3,Autre service,5.8,123000,50000,39,1,37000,Aucune épargne,0,,,1,8,0,Non consulté,0,0,Habitat/Réparation,206000,9,Caution solidaire,0.61,0
CSWA-03307,31,Femme,Semi-urbaine,Veuf(ve),Primaire,5,Commerce informel,2.0,89000,36000,91,1,116300,Régulière,0,,,1,8,1,Jamais emprunté ailleurs,0,0,Santé,484000,18,Aval d'un tiers,0.74,0
CSWA-03308,25,Homme,Semi-urbaine,Marié(e),Supérieur,4,Agriculture,7.1,151000,94000,126,0,78500,Régulière,0,,,1,8,1,Jamais emprunté ailleurs,0,0,Santé,349000,18,Caution solidaire,0.77,0
CSWA-03309,20,Homme,Urbaine,Marié(e),Secondaire,4,Salarié secteur formel,4.6,123000,92000,78,0,99600,Régulière,3,60.1,2.0,0,0,1,Jamais emprunté ailleurs,0,0,Santé,325000,12,Caution solidaire,0.99,0
CSWA-03310,63,Homme,Rurale,Marié(e),Supérieur,3,Commerce informel,4.7,112000,69000,84,1,100500,Irrégulière,2,91.7,1.0,0,0,1,Jamais emprunté ailleurs,0,0,Intrants agricoles,404000,18,Bien matériel,0.84,0
CSWA-03311,43,Femme,Urbaine,Marié(e),Secondaire,1,Agriculture,6.6,210000,158000,126,0,18500,Irrégulière,1,76.7,6.0,1,10,1,Bon payeur ailleurs (solde sans incident),0,0,Education,364000,18,Aucune,0.86,0
CSWA-03312,37,Homme,Rurale,Célibataire,Aucun,7,Artisanat,8.1,162000,63000,50,0,49300,Irrégulière,0,,,1,15,1,Jamais emprunté ailleurs,0,0,Equipement/Matériel,759000,6,Bien matériel,1.26,0
CSWA-03313,62,Homme,Urbaine,Marié(e),Aucun,2,Agriculture,10.2,74000,38000,144,0,9900,Irrégulière,1,91.7,11.0,0,0,1,Jamais emprunté ailleurs,0,0,Elevage,339000,9,Caution solidaire,1.08,0
CSWA-03314,29,Femme,Rurale,Célibataire,Supérieur,4,Agriculture,11.0,146000,55000,59,1,21200,Irrégulière,0,,,1,13,1,Pret en cours ailleurs,1,67000,Habitat/Réparation,172000,12,Aucune,0.53,0
CSWA-03315,37,Homme,Urbaine,Marié(e),Primaire,3,Artisanat,9.5,45000,24000,20,1,1300,Régulière,2,85.5,2.0,1,12,0,Non consulté,0,0,Fonds de commerce,49000,12,Aucune,0.64,0
CSWA-03316,58,Homme,Semi-urbaine,Marié(e),Secondaire,2,Autre service,8.9,72000,46000,26,1,7600,Aucune épargne,0,,,1,14,0,Non consulté,0,0,Fonds de commerce,265000,18,Caution solidaire,0.87,0
CSWA-03317,48,Homme,Semi-urbaine,Marié(e),Secondaire,2,Salarié secteur formel,2.5,142000,115000,66,1,98500,Irrégulière,1,91.4,7.0,1,13,0,Non consulté,0,0,Fonds de commerce,506000,6,Caution solidaire,1.48,0
CSWA-03318,37,Femme,Urbaine,Marié(e),Aucun,6,Commerce informel,8.5,187000,108000,9,0,4200,Irrégulière,1,67.3,5.0,0,0,1,Jamais emprunté ailleurs,0,0,Elevage,948000,3,Bien matériel,2.47,1
CSWA-03319,31,Homme,Semi-urbaine,Célibataire,Primaire,3,Artisanat,5.5,53000,28000,35,1,11400,Régulière,2,75.2,7.0,1,7,1,Jamais emprunté ailleurs,0,0,Equipement/Matériel,179000,24,Caution solidaire,0.69,0
CSWA-03320,20,Homme,Urbaine,Marié(e),Supérieur,4,Restauration/Transformation,10.9,80000,55000,79,0,55200,Régulière,2,87.1,0.0,1,2,1,Bon payeur ailleurs (solde sans incident),0,0,Habitat/Réparation,431000,36,Aucune,0.86,1
CSWA-03321,22,Homme,Rurale,Marié(e),Aucun,5,Agriculture,4.4,81000,57000,170,1,45900,Régulière,1,85.1,2.0,1,4,1,Jamais emprunté ailleurs,0,0,Elevage,402000,3,Bien matériel,2.56,0
CSWA-03322,26,Femme,Urbaine,Marié(e),Secondaire,4,Commerce informel,5.3,77000,34000,176,1,55900,Régulière,3,81.7,1.0,0,0,1,Jamais emprunté ailleurs,0,0,Habitat/Réparation,255000,9,Caution solidaire,0.85,0
CSWA-03323,55,Femme,Urbaine,Célibataire,Supérieur,1,Artisanat,4.1,41000,29000,138,1,48000,Irrégulière,0,,,1,9,1,Jamais emprunté ailleurs,0,0,Fonds de commerce,44000,12,Aval d'un tiers,0.81,0
CSWA-03324,49,Homme,Rurale,Divorcé(e),Aucun,3,Agriculture,4.5,106000,66000,170,0,190900,Irrégulière,1,84.4,0.0,1,5,0,Non consulté,0,0,Intrants agricoles,460000,3,Caution solidaire,2.24,0
CSWA-03325,39,Homme,Rurale,Célibataire,Aucun,4,Fonctionnaire,12.2,167000,101000,111,1,135500,Régulière,1,94.4,2.0,1,6,1,Bon payeur ailleurs (solde sans incident),0,0,Fonds de commerce,822000,6,Aucune,1.52,0
CSWA-03326,55,Homme,Rurale,Marié(e),Primaire,3,Commerce informel,4.2,151000,127000,25,0,21400,Régulière,3,86.5,9.0,1,10,1,Jamais emprunté ailleurs,0,0,Evénement social,122000,24,Bien matériel,0.88,1
CSWA-03327,26,Femme,Rurale,Veuf(ve),Secondaire,4,Commerce informel,6.3,170000,125000,119,1,258900,Irrégulière,1,79.9,1.0,0,0,1,Jamais emprunté ailleurs,0,0,Fonds de commerce,254000,6,Caution solidaire,1.01,0
CSWA-03328,28,Femme,Urbaine,Marié(e),Primaire,5,Salarié secteur formel,4.4,218000,165000,100,0,273700,Aucune épargne,0,,,0,0,1,Jamais emprunté ailleurs,0,0,Fonds de commerce,792000,12,Aucune,1.1,0
CSWA-03329,37,Femme,Urbaine,Marié(e),Aucun,2,Salarié secteur formel,6.3,225000,171000,154,1,149500,Régulière,0,,,1,10,0,Non consulté,0,0,Santé,228000,18,Caution solidaire,0.82,0
CSWA-03330,62,Homme,Rurale,Marié(e),Aucun,9,Agriculture,7.1,79000,53000,63,0,54000,Irrégulière,0,,,1,11,1,Pret en cours ailleurs,1,179000,Fonds de commerce,323000,6,Aval d'un tiers,1.64,0
CSWA-03331,47,Femme,Rurale,Marié(e),Primaire,1,Restauration/Transformation,8.4,61000,22000,148,0,85600,Régulière,3,80.0,2.0,1,13,1,Pret en cours ailleurs,1,194000,Education,127000,6,Caution solidaire,1.04,0
CSWA-03332,58,Femme,Urbaine,Marié(e),Primaire,2,Salarié secteur formel,6.0,118000,63000,117,0,18900,Irrégulière,1,89.3,7.0,0,0,1,Bon payeur ailleurs (solde sans incident),0,0,Santé,460000,18,Aucune,0.78,0
CSWA-03333,30,Homme,Urbaine,Marié(e),Aucun,1,Commerce informel,12.8,85000,62000,133,0,14200,Irrégulière,2,86.3,3.0,1,6,1,Incident de paiement signale ailleurs,0,0,Fonds de commerce,102000,3,Caution solidaire,1.18,0
CSWA-03334,58,Homme,Rurale,Marié(e),Secondaire,3,Restauration/Transformation,2.2,48000,21000,5,1,1000,Irrégulière,3,66.4,2.0,0,0,1,Jamais emprunté ailleurs,0,0,Intrants agricoles,212000,18,Aval d'un tiers,0.71,0
CSWA-03335,22,Homme,Rurale,Marié(e),Aucun,4,Restauration/Transformation,4.1,201000,167000,174,1,86600,Irrégulière,2,97.0,1.0,1,6,1,Pret en cours ailleurs,2,430000,Equipement/Matériel,222000,6,Bien matériel,1.23,0
CSWA-03336,29,Femme,Semi-urbaine,Marié(e),Secondaire,5,Agriculture,4.0,57000,20000,98,1,11600,Irrégulière,1,97.5,4.0,1,5,1,Bon payeur ailleurs (solde sans incident),0,0,Fonds de commerce,194000,9,Bien matériel,0.77,0
CSWA-03337,43,Femme,Rurale,Marié(e),Supérieur,1,Fonctionnaire,3.4,137000,86000,117,0,29400,Aucune épargne,0,,,1,12,1,Jamais emprunté ailleurs,0,0,Fonds de commerce,461000,6,Bien matériel,1.26,1
CSWA-03338,21,Femme,Rurale,Veuf(ve),Secondaire,3,Autre service,8.1,50000,20000,84,0,26300,Régulière,1,69.8,6.0,1,15,1,Bon payeur ailleurs (solde sans incident),0,0,Habitat/Réparation,98000,6,Bien matériel,0.77,0
CSWA-03339,59,Femme,Rurale,Célibataire,Secondaire,1,Elevage,4.0,84000,61000,25,1,22900,Régulière,1,73.7,6.0,1,9,1,Pret en cours ailleurs,1,184000,Elevage,234000,6,Aucune,1.44,1
CSWA-03340,59,Homme,Urbaine,Marié(e),Aucun,1,Commerce informel,0.8,104000,68000,102,1,74800,Régulière,1,76.6,3.0,1,5,1,Pret en cours ailleurs,2,340000,Intrants agricoles,244000,12,Aucune,1.17,1
CSWA-03341,44,Homme,Urbaine,Marié(e),Primaire,3,Fonctionnaire,6.8,82000,45000,125,1,86400,Aucune épargne,1,64.6,23.0,1,15,0,Non consulté,0,0,Intrants agricoles,442000,9,Aval d'un tiers,1.22,0
CSWA-03342,33,Homme,Urbaine,Marié(e),Primaire,2,Elevage,13.0,70000,28000,28,0,10300,Régulière,3,97.5,3.0,0,0,1,Bon payeur ailleurs (solde sans incident),0,0,Intrants agricoles,379000,9,Bien matériel,1.07,0
CSWA-03343,23,Femme,Semi-urbaine,Marié(e),Aucun,1,Commerce informel,1.0,62000,36000,67,1,41500,Régulière,1,96.1,7.0,1,8,0,Non consulté,0,0,Fonds de commerce,215000,18,Aucune,0.8,0
CSWA-03344,48,Femme,Urbaine,Marié(e),Primaire,4,Restauration/Transformation,7.8,65000,34000,112,0,37800,Régulière,1,89.8,7.0,1,9,1,Jamais emprunté ailleurs,0,0,Habitat/Réparation,133000,3,Caution solidaire,1.29,0
CSWA-03345,44,Homme,Rurale,Marié(e),Aucun,4,Restauration/Transformation,9.9,56000,25000,52,0,14200,Régulière,1,68.8,2.0,1,9,1,Pret en cours ailleurs,1,115000,Fonds de commerce,127000,36,Aval d'un tiers,0.7,0
CSWA-03346,54,Homme,Rurale,Célibataire,Aucun,1,Commerce informel,4.3,97000,43000,54,0,74300,Irrégulière,3,81.6,3.0,1,7,1,Jamais emprunté ailleurs,0,0,Fonds de commerce,384000,9,Bien matériel,0.94,0
CSWA-03347,47,Femme,Rurale,Célibataire,Secondaire,4,Commerce informel,7.2,221000,171000,21,0,31400,Irrégulière,2,82.6,1.0,0,0,1,Jamais emprunté ailleurs,0,0,Equipement/Matériel,681000,12,Aucune,1.06,1
CSWA-03348,25,Femme,Semi-urbaine,Célibataire,Primaire,3,Salarié secteur formel,0.2,114000,59000,92,1,72200,Régulière,5,68.8,4.0,0,0,1,Jamais emprunté ailleurs,0,0,Intrants agricoles,326000,9,Bien matériel,0.87,0
CSWA-03349,24,Femme,Rurale,Marié(e),Aucun,4,Autre service,6.4,112000,45000,22,0,3400,Régulière,0,,,0,0,1,Jamais emprunté ailleurs,0,0,Elevage,501000,9,Bien matériel,0.96,0
CSWA-03350,55,Homme,Urbaine,Célibataire,Aucun,3,Agriculture,8.3,147000,63000,157,1,319600,Aucune épargne,3,58.6,4.0,1,9,1,Bon payeur ailleurs (solde sans incident),0,0,Fonds de commerce,507000,12,Aucune,0.75,0
CSWA-03351,26,Femme,Semi-urbaine,Célibataire,Aucun,1,Commerce informel,4.6,63000,43000,32,0,11600,Irrégulière,0,,,0,0,1,Jamais emprunté ailleurs,0,0,Habitat/Réparation,307000,12,Aval d'un tiers,1.14,0
CSWA-03352,63,Femme,Rurale,Veuf(ve),Primaire,2,Agriculture,4.7,30000,16000,17,0,5300,Aucune épargne,2,68.7,0.0,1,13,1,Jamais emprunté ailleurs,0,0,Elevage,72000,18,Caution solidaire,0.68,0
CSWA-03353,23,Femme,Urbaine,Célibataire,Primaire,3,Elevage,7.3,81000,31000,167,0,137700,Régulière,0,,,1,11,1,Bon payeur ailleurs (solde sans incident),0,0,Evénement social,273000,3,Aval d'un tiers,1.64,0
CSWA-03354,53,Femme,Rurale,Célibataire,Aucun,4,Agriculture,6.0,129000,49000,72,0,123800,Irrégulière,0,,,1,11,1,Jamais emprunté ailleurs,0,0,Santé,577000,3,Aval d'un tiers,2.05,0
CSWA-03355,64,Femme,Rurale,Célibataire,Primaire,2,Artisanat,10.6,244000,93000,36,0,116100,Régulière,0,,,1,2,0,Non consulté,0,0,Fonds de commerce,845000,12,Aucune,0.7,0
CSWA-03356,39,Femme,Urbaine,Marié(e),Supérieur,3,Commerce informel,6.3,47000,34000,99,1,12000,Régulière,1,89.0,15.0,1,7,1,Pret en cours ailleurs,3,76000,Fonds de commerce,76000,9,Aval d'un tiers,1.07,1
CSWA-03357,21,Femme,Semi-urbaine,Marié(e),Primaire,4,Transport,7.5,148000,115000,19,0,5400,Régulière,1,69.0,3.0,1,13,0,Non consulté,0,0,Fonds de commerce,702000,12,Bien matériel,1.22,0
CSWA-03358,60,Homme,Rurale,Marié(e),Primaire,8,Salarié secteur formel,4.8,149000,115000,75,1,149500,Régulière,0,,,0,0,0,Non consulté,0,0,Fonds de commerce,246000,3,Bien matériel,1.39,0
CSWA-03359,27,Homme,Rurale,Marié(e),Secondaire,1,Transport,4.7,65000,40000,119,1,33700,Aucune épargne,1,82.2,14.0,0,0,1,Jamais emprunté ailleurs,0,0,Equipement/Matériel,102000,24,Caution solidaire,0.69,0
CSWA-03360,43,Femme,Urbaine,Marié(e),Secondaire,1,Agriculture,9.0,45000,25000,87,0,49300,Régulière,3,92.9,9.0,1,9,1,Jamais emprunté ailleurs,0,0,Fonds de commerce,175000,9,Bien matériel,1.04,0
CSWA-03361,65,Femme,Urbaine,Marié(e),Supérieur,5,Artisanat,9.6,59000,30000,167,0,62200,Régulière,0,,,1,5,1,Jamais emprunté ailleurs,0,0,Habitat/Réparation,143000,3,Aucune,1.41,0
CSWA-03362,54,Homme,Rurale,Marié(e),Aucun,1,Agriculture,2.5,111000,80000,130,0,78600,Irrégulière,3,90.6,7.0,1,13,1,Pret en cours ailleurs,1,58000,Education,191000,12,Aval d'un tiers,0.93,0
CSWA-03363,21,Homme,Rurale,Marié(e),Aucun,4,Agriculture,5.3,158000,119000,117,1,54400,Aucune épargne,0,,,1,18,1,Pret en cours ailleurs,1,314000,Intrants agricoles,685000,3,Caution solidaire,2.55,0
CSWA-03364,57,Femme,Rurale,Divorcé(e),Aucun,5,Restauration/Transformation,7.5,20000,16000,121,0,35300,Aucune épargne,1,92.4,7.0,1,8,1,Jamais emprunté ailleurs,0,0,Fonds de commerce,67000,3,Caution solidaire,2.05,0
CSWA-03365,26,Femme,Semi-urbaine,Marié(e),Secondaire,2,Salarié secteur formel,1.1,167000,141000,124,0,26300,Régulière,1,65.8,3.0,1,11,1,Jamais emprunté ailleurs,0,0,Fonds de commerce,515000,24,Caution solidaire,0.99,0
CSWA-03366,54,Femme,Urbaine,Marié(e),Aucun,2,Salarié secteur formel,5.3,99000,70000,86,0,68200,Aucune épargne,3,62.2,2.0,0,0,1,Jamais emprunté ailleurs,0,0,Education,184000,12,Aval d'un tiers,0.88,0
CSWA-03367,48,Femme,Rurale,Marié(e),Supérieur,4,Commerce informel,16.3,62000,28000,19,0,12800,Régulière,2,83.4,2.0,1,8,1,Bon payeur ailleurs (solde sans incident),0,0,Habitat/Réparation,120000,18,Caution solidaire,0.57,0
CSWA-03368,32,Femme,Semi-urbaine,Marié(e),Aucun,4,Restauration/Transformation,3.5,102000,85000,47,0,31000,Irrégulière,0,,,1,8,1,Incident de paiement signale ailleurs,0,0,Equipement/Matériel,508000,18,Caution solidaire,1.14,0
CSWA-03369,38,Femme,Semi-urbaine,Célibataire,Primaire,3,Commerce informel,3.4,232000,95000,57,1,61700,Irrégulière,0,,,1,10,1,Bon payeur ailleurs (solde sans incident),0,0,Elevage,302000,3,Caution solidaire,0.9,0
CSWA-03370,24,Homme,Semi-urbaine,Célibataire,Aucun,3,Artisanat,5.8,54000,26000,47,1,6700,Aucune épargne,2,82.0,4.0,1,11,1,Incident de paiement signale ailleurs,0,0,Elevage,180000,6,Caution solidaire,1.1,0
CSWA-03371,65,Homme,Semi-urbaine,Marié(e),Primaire,3,Agriculture,6.0,77000,59000,51,1,12500,Régulière,3,87.3,4.0,0,0,1,Jamais emprunté ailleurs,0,0,Intrants agricoles,292000,6,Caution solidaire,1.47,0
CSWA-03372,30,Femme,Urbaine,Marié(e),Primaire,5,Transport,5.0,34000,21000,138,1,66600,Irrégulière,1,82.6,5.0,1,8,1,Jamais emprunté ailleurs,0,0,Fonds de commerce,96000,6,Aval d'un tiers,1.14,1
CSWA-03373,33,Homme,Rurale,Marié(e),Secondaire,4,Fonctionnaire,9.7,83000,39000,171,1,90700,Irrégulière,1,98.5,2.0,1,8,1,Bon payeur ailleurs (solde sans incident),0,0,Fonds de commerce,99000,6,Caution solidaire,0.69,0
CSWA-03374,42,Femme,Semi-urbaine,Célibataire,Primaire,2,Commerce informel,1.7,55000,34000,82,0,3700,Régulière,4,96.0,6.0,1,8,0,Non consulté,0,0,Elevage,244000,18,Aval d'un tiers,0.89,0
CSWA-03375,50,Femme,Rurale,Veuf(ve),Primaire,6,Salarié secteur formel,3.3,77000,57000,88,0,41100,Aucune épargne,1,92.2,3.0,1,8,1,Pret en cours ailleurs,3,100000,Equipement/Matériel,386000,6,Aucune,1.79,1
CSWA-03376,42,Femme,Urbaine,Veuf(ve),Secondaire,2,Restauration/Transformation,5.3,99000,48000,60,0,55200,Aucune épargne,1,61.6,1.0,1,9,1,Jamais emprunté ailleurs,0,0,Equipement/Matériel,490000,9,Aucune,1.1,0
CSWA-03377,42,Homme,Semi-urbaine,Marié(e),Supérieur,1,Artisanat,10.9,69000,41000,114,1,73900,Irrégulière,3,70.9,0.0,0,0,1,Bon payeur ailleurs (solde sans incident),0,0,Fonds de commerce,81000,12,Caution solidaire,0.7,0
CSWA-03378,46,Femme,Urbaine,Célibataire,Secondaire,4,Elevage,4.1,69000,34000,124,1,14700,Aucune épargne,4,94.2,25.0,0,0,1,Bon payeur ailleurs (solde sans incident),0,0,Fonds de commerce,181000,12,Caution solidaire,0.74,0
CSWA-03379,59,Homme,Urbaine,Célibataire,Secondaire,2,Agriculture,3.1,99000,54000,11,0,4500,Irrégulière,1,96.1,1.0,1,21,1,Pret en cours ailleurs,2,145000,Intrants agricoles,184000,6,Bien matériel,1.02,0
CSWA-03380,37,Femme,Urbaine,Veuf(ve),Primaire,5,Commerce informel,1.4,118000,54000,91,0,119300,Irrégulière,1,79.3,1.0,1,7,1,Pret en cours ailleurs,1,231000,Fonds de commerce,613000,3,Bien matériel,2.57,0
CSWA-03381,58,Homme,Rurale,Marié(e),Supérieur,3,Commerce informel,2.9,42000,30000,77,0,47900,Irrégulière,0,,,1,7,0,Non consulté,0,0,Evénement social,145000,6,Aucune,1.36,1
CSWA-03382,55,Femme,Rurale,Marié(e),Primaire,3,Restauration/Transformation,1.5,74000,38000,80,0,46500,Irrégulière,3,84.4,17.0,0,0,1,Incident de paiement signale ailleurs,0,0,Fonds de commerce,337000,6,Caution solidaire,1.36,0
CSWA-03383,64,Femme,Rurale,Marié(e),Supérieur,1,Commerce informel,4.0,81000,49000,92,1,11900,Régulière,1,95.1,5.0,1,5,1,Bon payeur ailleurs (solde sans incident),0,0,Fonds de commerce,319000,9,Aval d'un tiers,1.1,0
CSWA-03384,61,Homme,Semi-urbaine,Marié(e),Secondaire,1,Elevage,8.0,91000,68000,25,0,29900,Régulière,0,,,0,0,1,Pret en cours ailleurs,2,152000,Elevage,423000,12,Caution solidaire,1.33,0
CSWA-03385,56,Homme,Rurale,Célibataire,Aucun,4,Salarié secteur formel,7.2,99000,42000,144,1,96200,Régulière,0,,,1,8,0,Non consulté,0,0,Equipement/Matériel,254000,12,Bien matériel,0.66,0
CSWA-03386,30,Femme,Rurale,Marié(e),Aucun,0,Restauration/Transformation,8.2,37000,25000,163,1,66900,Irrégulière,1,80.8,6.0,1,9,1,Jamais emprunté ailleurs,0,0,Equipement/Matériel,176000,18,Bien matériel,0.97,0
CSWA-03387,55,Homme,Semi-urbaine,Marié(e),Secondaire,2,Commerce informel,2.6,137000,71000,20,0,10800,Régulière,2,92.5,2.0,0,0,1,Incident de paiement signale ailleurs,0,0,Equipement/Matériel,598000,3,Caution solidaire,2.15,0
CSWA-03388,53,Homme,Semi-urbaine,Célibataire,Secondaire,0,Restauration/Transformation,2.0,99000,59000,150,0,194900,Régulière,1,72.6,6.0,1,7,1,Bon payeur ailleurs (solde sans incident),0,0,Santé,395000,3,Caution solidaire,2.09,0
CSWA-03389,32,Femme,Urbaine,Marié(e),Primaire,3,Commerce informel,7.0,61000,43000,102,1,26400,Régulière,3,79.0,1.0,1,8,0,Non consulté,0,0,Fonds de commerce,103000,18,Aval d'un tiers,0.81,0
CSWA-03390,50,Femme,Urbaine,Divorcé(e),Supérieur,2,Transport,9.2,126000,102000,151,1,200000,Aucune épargne,1,79.6,13.0,0,0,0,Non consulté,0,0,Habitat/Réparation,537000,3,Caution solidaire,2.4,0
CSWA-03391,30,Femme,Rurale,Célibataire,Primaire,4,Commerce informel,5.8,65000,51000,34,0,13700,Aucune épargne,1,83.6,2.0,1,11,1,Incident de paiement signale ailleurs,0,0,Elevage,340000,18,Caution solidaire,1.11,0
CSWA-03392,43,Homme,Semi-urbaine,Veuf(ve),Primaire,5,Commerce informel,7.3,30000,24000,34,1,5800,Régulière,0,,,1,10,1,Jamais emprunté ailleurs,0,0,Intrants agricoles,45000,18,Aucune,0.89,0
CSWA-03393,56,Femme,Rurale,Célibataire,Primaire,3,Fonctionnaire,5.5,156000,58000,1,0,4400,Irrégulière,1,95.5,16.0,0,0,1,Bon payeur ailleurs (solde sans incident),0,0,Fonds de commerce,762000,36,Caution solidaire,0.52,0
CSWA-03394,27,Femme,Urbaine,Marié(e),Aucun,1,Commerce informel,4.3,41000,23000,91,0,47200,Irrégulière,1,69.4,9.0,1,8,1,Bon payeur ailleurs (solde sans incident),0,0,Fonds de commerce,37000,9,Aucune,0.67,0
CSWA-03395,34,Femme,Rurale,Marié(e),Primaire,1,Commerce informel,4.8,60000,45000,75,1,30600,Régulière,2,93.2,6.0,1,10,1,Jamais emprunté ailleurs,0,0,Equipement/Matériel,141000,12,Bien matériel,0.97,0
CSWA-03396,56,Homme,Rurale,Veuf(ve),Supérieur,10,Commerce informel,9.2,89000,67000,171,1,98000,Régulière,1,82.7,9.0,1,7,1,Bon payeur ailleurs (solde sans incident),0,0,Elevage,142000,3,Aucune,1.35,0
CSWA-03397,40,Homme,Rurale,Marié(e),Aucun,4,Agriculture,5.5,112000,63000,101,1,22200,Régulière,0,,,1,9,1,Bon payeur ailleurs (solde sans incident),0,0,Habitat/Réparation,174000,12,Aucune,0.71,0
CSWA-03398,64,Homme,Semi-urbaine,Marié(e),Secondaire,2,Salarié secteur formel,9.1,149000,73000,167,0,60500,Régulière,1,41.6,3.0,1,4,1,Incident de paiement signale ailleurs,0,0,Intrants agricoles,295000,24,Caution solidaire,0.58,0
CSWA-03399,19,Femme,Semi-urbaine,Marié(e),Secondaire,2,Commerce informel,6.3,37000,23000,48,0,10200,Régulière,1,69.8,3.0,1,6,1,Pret en cours ailleurs,1,418000,Education,131000,6,Caution solidaire,2.3,0
CSWA-03400,52,Homme,Rurale,Marié(e),Aucun,2,Commerce informel,3.9,66000,48000,7,1,1000,Régulière,0,,,1,14,0,Non consulté,0,0,Equipement/Matériel,355000,9,Caution solidaire,1.4,0
CSWA-03401,57,Femme,Rurale,Marié(e),Secondaire,1,Salarié secteur formel,7.5,144000,100000,150,0,196900,Aucune épargne,2,90.8,2.0,1,14,1,Jamais emprunté ailleurs,0,0,Habitat/Réparation,403000,6,Aval d'un tiers,1.22,0
CSWA-03402,62,Homme,Rurale,Marié(e),Secondaire,2,Commerce informel,5.6,210000,100000,2,1,5800,Irrégulière,0,,,1,11,1,Jamais emprunté ailleurs,0,0,Santé,910000,3,Aval d'un tiers,2.09,0
CSWA-03403,26,Homme,Rurale,Marié(e),Primaire,0,Commerce informel,10.3,110000,39000,153,0,185100,Régulière,2,97.9,2.0,0,0,1,Bon payeur ailleurs (solde sans incident),0,0,Equipement/Matériel,540000,3,Aval d'un tiers,2.19,0
CSWA-03404,65,Homme,Rurale,Célibataire,Aucun,0,Commerce informel,3.4,32000,25000,93,0,29200,Régulière,2,70.8,1.0,1,5,1,Bon payeur ailleurs (solde sans incident),0,0,Education,162000,3,Bien matériel,2.67,0
CSWA-03405,37,Femme,Rurale,Marié(e),Aucun,2,Salarié secteur formel,1.5,85000,49000,105,0,64700,Régulière,1,94.9,3.0,1,16,1,Bon payeur ailleurs (solde sans incident),0,0,Fonds de commerce,361000,9,Aval d'un tiers,1.1,0
CSWA-03406,35,Femme,Rurale,Marié(e),Primaire,7,Elevage,8.0,119000,91000,39,0,15300,Régulière,2,81.4,1.0,1,17,1,Incident de paiement signale ailleurs,0,0,Elevage,100000,12,Aucune,0.84,0
CSWA-03407,35,Homme,Rurale,Marié(e),Aucun,4,Artisanat,11.6,82000,64000,49,0,47000,Régulière,1,77.6,5.0,0,0,1,Bon payeur ailleurs (solde sans incident),0,0,Evénement social,351000,9,Caution solidaire,1.31,0
CSWA-03408,48,Homme,Urbaine,Marié(e),Primaire,3,Artisanat,9.2,33000,27000,38,1,18700,Régulière,1,98.9,2.0,1,5,1,Pret en cours ailleurs,3,167000,Fonds de commerce,80000,3,Bien matériel,2.18,0
CSWA-03409,49,Homme,Rurale,Marié(e),Supérieur,2,Elevage,12.1,127000,67000,134,1,183200,Régulière,3,76.5,16.0,1,12,1,Bon payeur ailleurs (solde sans incident),0,0,Fonds de commerce,469000,12,Caution solidaire,0.87,0
CSWA-03410,41,Femme,Rurale,Marié(e),Secondaire,1,Transport,13.6,99000,67000,84,1,91300,Irrégulière,1,66.2,7.0,1,10,1,Bon payeur ailleurs (solde sans incident),0,0,Equipement/Matériel,406000,36,Aucune,0.8,0
CSWA-03411,22,Homme,Urbaine,Célibataire,Secondaire,2,Fonctionnaire,5.1,80000,52000,19,0,4900,Aucune épargne,3,62.8,7.0,1,10,1,Pret en cours ailleurs,1,238000,Fonds de commerce,96000,12,Caution solidaire,1.03,0
CSWA-03412,65,Femme,Urbaine,Marié(e),Supérieur,3,Restauration/Transformation,3.0,52000,22000,9,1,2900,Régulière,2,91.0,0.0,0,0,1,Pret en cours ailleurs,1,139000,Fonds de commerce,246000,18,Caution solidaire,0.96,0
CSWA-03413,29,Homme,Urbaine,Célibataire,Aucun,5,Salarié secteur formel,0.7,236000,134000,130,0,47600,Régulière,1,76.5,8.0,1,13,1,Jamais emprunté ailleurs,0,0,Intrants agricoles,321000,9,Caution solidaire,0.74,0
CSWA-03414,23,Homme,Semi-urbaine,Marié(e),Aucun,2,Commerce informel,1.6,30000,17000,121,1,5600,Régulière,0,,,1,5,1,Bon payeur ailleurs (solde sans incident),0,0,Intrants agricoles,30000,18,Aval d'un tiers,0.63,0
CSWA-03415,47,Femme,Semi-urbaine,Marié(e),Secondaire,1,Elevage,7.8,34000,15000,57,0,13300,Régulière,2,90.4,6.0,1,10,1,Bon payeur ailleurs (solde sans incident),0,0,Intrants agricoles,100000,18,Caution solidaire,0.62,0
CSWA-03416,38,Femme,Rurale,Marié(e),Primaire,2,Artisanat,1.7,54000,29000,64,1,13800,Régulière,2,45.7,2.0,0,0,1,Jamais emprunté ailleurs,0,0,Habitat/Réparation,70000,6,Bien matériel,0.78,0
CSWA-03417,47,Homme,Rurale,Veuf(ve),Aucun,6,Commerce informel,6.7,95000,54000,145,0,135000,Régulière,1,61.0,4.0,1,11,1,Bon payeur ailleurs (solde sans incident),0,0,Santé,396000,9,Caution solidaire,1.09,0
CSWA-03418,60,Femme,Rurale,Marié(e),Secondaire,3,Commerce informel,8.1,38000,28000,14,1,7400,Aucune épargne,3,65.9,1.0,1,9,1,Pret en cours ailleurs,1,198000,Fonds de commerce,157000,12,Bien matériel,1.59,0
CSWA-03419,23,Homme,Rurale,Marié(e),Aucun,6,Commerce informel,5.9,60000,47000,174,0,69200,Irrégulière,4,81.5,5.0,0,0,1,Jamais emprunté ailleurs,0,0,Fonds de commerce,95000,18,Bien matériel,0.88,0
CSWA-03420,32,Homme,Semi-urbaine,Marié(e),Primaire,1,Commerce informel,4.7,67000,47000,153,0,22400,Aucune épargne,1,97.1,4.0,1,5,1,Jamais emprunté ailleurs,0,0,Intrants agricoles,274000,36,Caution solidaire,0.83,0
CSWA-03421,43,Homme,Urbaine,Marié(e),Primaire,1,Salarié secteur formel,3.3,75000,56000,24,1,6100,Irrégulière,0,,,1,6,1,Pret en cours ailleurs,1,357000,Habitat/Réparation,285000,12,Caution solidaire,1.53,0
CSWA-03422,56,Femme,Urbaine,Célibataire,Secondaire,2,Commerce informel,12.6,69000,28000,95,1,46200,Aucune épargne,2,74.2,3.0,1,5,1,Bon payeur ailleurs (solde sans incident),0,0,Habitat/Réparation,294000,3,Caution solidaire,2.0,0
CSWA-03423,47,Femme,Rurale,Divorcé(e),Primaire,1,Artisanat,0.9,70000,44000,102,0,50900,Régulière,1,90.0,6.0,1,4,1,Incident de paiement signale ailleurs,0,0,Intrants agricoles,272000,12,Aucune,0.99,0
CSWA-03424,36,Homme,Urbaine,Marié(e),Aucun,0,Commerce informel,3.3,55000,26000,165,0,75700,Régulière,3,70.0,8.0,1,8,1,Pret en cours ailleurs,1,260000,Equipement/Matériel,293000,6,Caution solidaire,1.89,0
CSWA-03425,47,Femme,Rurale,Marié(e),Secondaire,3,Artisanat,4.7,147000,82000,108,0,215300,Irrégulière,0,,,1,10,1,Jamais emprunté ailleurs,0,0,Equipement/Matériel,499000,24,Caution solidaire,0.72,0
CSWA-03426,65,Femme,Semi-urbaine,Marié(e),Supérieur,3,Commerce informel,4.4,116000,81000,1,0,14300,Aucune épargne,4,75.1,3.0,1,10,0,Non consulté,0,0,Habitat/Réparation,443000,36,Aucune,0.82,1
CSWA-03427,41,Femme,Urbaine,Divorcé(e),Primaire,4,Commerce informel,8.4,114000,94000,52,0,57700,Aucune épargne,1,73.5,0.0,0,0,1,Jamais emprunté ailleurs,0,0,Education,415000,18,Caution solidaire,1.05,0
CSWA-03428,60,Femme,Rurale,Marié(e),Aucun,1,Elevage,6.3,53000,28000,106,0,14600,Régulière,1,81.5,6.0,1,8,1,Jamais emprunté ailleurs,0,0,Education,49000,3,Aval d'un tiers,0.87,0
CSWA-03429,55,Femme,Rurale,Marié(e),Primaire,6,Commerce informel,2.4,61000,39000,68,1,11600,Aucune épargne,0,,,1,7,1,Pret en cours ailleurs,1,134000,Elevage,211000,36,Caution solidaire,0.95,0
CSWA-03430,33,Femme,Semi-urbaine,Divorcé(e),Primaire,3,Agriculture,8.9,105000,42000,85,1,42200,Irrégulière,2,86.8,1.0,1,13,1,Bon payeur ailleurs (solde sans incident),0,0,Equipement/Matériel,305000,9,Aucune,0.76,0
CSWA-03431,30,Homme,Rurale,Divorcé(e),Aucun,5,Artisanat,3.3,59000,41000,170,0,109900,Régulière,3,54.1,13.0,1,9,1,Bon payeur ailleurs (solde sans incident),0,0,Intrants agricoles,109000,12,Aucune,0.87,1
CSWA-03432,55,Femme,Urbaine,Marié(e),Aucun,3,Fonctionnaire,6.7,87000,41000,169,0,186200,Régulière,3,91.8,10.0,1,16,1,Pret en cours ailleurs,1,279000,Habitat/Réparation,290000,9,Aucune,1.17,0
CSWA-03433,28,Femme,Rurale,Marié(e),Aucun,8,Artisanat,11.9,95000,56000,49,0,46200,Irrégulière,0,,,0,0,1,Jamais emprunté ailleurs,0,0,Fonds de commerce,503000,12,Aucune,1.08,1
CSWA-03434,34,Femme,Rurale,Célibataire,Primaire,3,Elevage,3.8,39000,20000,32,1,15900,Irrégulière,1,85.5,17.0,1,11,1,Jamais emprunté ailleurs,0,0,Fonds de commerce,205000,6,Caution solidaire,1.49,0
CSWA-03435,30,Femme,Semi-urbaine,Célibataire,Aucun,1,Artisanat,3.9,72000,27000,172,1,47700,Aucune épargne,3,84.5,9.0,1,13,1,Jamais emprunté ailleurs,0,0,Santé,316000,24,Aucune,0.58,0
CSWA-03436,47,Homme,Rurale,Marié(e),Secondaire,3,Elevage,5.1,132000,95000,99,1,134800,Aucune épargne,1,80.0,11.0,1,13,1,Jamais emprunté ailleurs,0,0,Santé,190000,12,Caution solidaire,0.85,0
CSWA-03437,32,Femme,Urbaine,Marié(e),Primaire,1,Artisanat,5.3,88000,58000,107,0,40800,Irrégulière,0,,,1,8,1,Pret en cours ailleurs,2,92000,Habitat/Réparation,258000,12,Aucune,1.03,0
CSWA-03438,49,Homme,Semi-urbaine,Marié(e),Primaire,3,Artisanat,6.4,45000,34000,32,1,14300,Régulière,0,,,1,9,1,Pret en cours ailleurs,1,140000,Santé,156000,6,Aucune,1.68,1
CSWA-03439,62,Femme,Rurale,Marié(e),Aucun,3,Elevage,7.6,105000,86000,116,0,9100,Régulière,1,66.8,10.0,1,7,1,Pret en cours ailleurs,2,146000,Equipement/Matériel,147000,9,Bien matériel,1.12,0
CSWA-03440,57,Homme,Urbaine,Marié(e),Secondaire,2,Transport,3.1,58000,32000,155,1,83400,Irrégulière,2,80.3,3.0,0,0,1,Jamais emprunté ailleurs,0,0,Equipement/Matériel,125000,9,Caution solidaire,0.82,0
CSWA-03441,63,Homme,Rurale,Célibataire,Aucun,1,Agriculture,5.6,129000,94000,25,0,43200,Régulière,3,62.1,7.0,0,0,1,Jamais emprunté ailleurs,0,0,Intrants agricoles,555000,3,Bien matériel,2.33,0
CSWA-03442,20,Femme,Semi-urbaine,Marié(e),Aucun,1,Commerce informel,2.8,107000,54000,61,0,27200,Irrégulière,0,,,1,9,0,Non consulté,0,0,Fonds de commerce,505000,12,Aucune,0.94,0
CSWA-03443,40,Femme,Rurale,Marié(e),Secondaire,2,Restauration/Transformation,8.2,67000,38000,74,0,64500,Régulière,0,,,1,9,1,Pret en cours ailleurs,1,531000,Equipement/Matériel,70000,12,Aval d'un tiers,1.38,0
CSWA-03444,29,Femme,Urbaine,Célibataire,Secondaire,1,Transport,10.1,54000,41000,82,0,5000,Régulière,1,66.2,9.0,1,10,1,Bon payeur ailleurs (solde sans incident),0,0,Education,221000,12,Caution solidaire,1.14,0
CSWA-03445,62,Femme,Rurale,Marié(e),Secondaire,6,Transport,4.4,51000,41000,41,0,20800,Régulière,0,,,1,6,1,Jamais emprunté ailleurs,0,0,Intrants agricoles,268000,9,Caution solidaire,1.46,0
CSWA-03446,52,Homme,Urbaine,Marié(e),Primaire,6,Commerce informel,6.1,336000,181000,124,1,270300,Aucune épargne,1,87.1,2.0,1,8,0,Non consulté,0,0,Fonds de commerce,1769000,6,Aucune,1.52,1
CSWA-03447,34,Femme,Rurale,Veuf(ve),Primaire,1,Restauration/Transformation,11.6,23000,17000,40,1,1000,Irrégulière,2,66.6,10.0,1,8,1,Jamais emprunté ailleurs,0,0,Elevage,111000,12,Caution solidaire,1.19,0
CSWA-03448,45,Homme,Rurale,Marié(e),Aucun,7,Autre service,7.0,31000,23000,49,0,14800,Régulière,3,85.8,5.0,1,2,1,Bon payeur ailleurs (solde sans incident),0,0,Habitat/Réparation,168000,12,Aucune,1.25,0
CSWA-03449,47,Femme,Urbaine,Veuf(ve),Primaire,1,Commerce informel,2.8,148000,66000,100,1,39700,Régulière,4,73.6,10.0,1,8,0,Non consulté,0,0,Elevage,593000,12,Aval d'un tiers,0.82,0
CSWA-03450,42,Femme,Urbaine,Marié(e),Primaire,1,Elevage,1.9,132000,87000,22,0,22100,Régulière,1,83.4,14.0,1,8,0,Non consulté,0,0,Fonds de commerce,463000,6,Aucune,1.31,0
CSWA-03451,41,Homme,Semi-urbaine,Marié(e),Primaire,5,Agriculture,3.5,99000,59000,152,0,59400,Aucune épargne,0,,,0,0,1,Bon payeur ailleurs (solde sans incident),0,0,Equipement/Matériel,314000,9,Bien matériel,0.99,1
CSWA-03452,21,Femme,Urbaine,Célibataire,Aucun,4,Transport,4.9,27000,10000,81,1,4700,Régulière,1,59.7,5.0,0,0,1,Bon payeur ailleurs (solde sans incident),0,0,Intrants agricoles,45000,18,Aucune,0.47,0
CSWA-03453,40,Femme,Semi-urbaine,Marié(e),Supérieur,3,Agriculture,8.8,109000,68000,174,1,37300,Régulière,1,68.1,15.0,1,11,1,Bon payeur ailleurs (solde sans incident),0,0,Evénement social,291000,12,Caution solidaire,0.87,0
CSWA-03454,35,Homme,Rurale,Marié(e),Aucun,6,Restauration/Transformation,4.6,47000,39000,67,0,30100,Régulière,0,,,1,7,1,Pret en cours ailleurs,1,343000,Elevage,189000,3,Aucune,2.99,1
CSWA-03455,57,Femme,Rurale,Marié(e),Aucun,6,Commerce informel,2.7,77000,57000,3,1,2200,Régulière,1,98.7,1.0,1,5,1,Bon payeur ailleurs (solde sans incident),0,0,Elevage,374000,12,Caution solidaire,1.19,1
CSWA-03456,59,Femme,Urbaine,Marié(e),Supérieur,5,Commerce informel,4.8,101000,45000,64,1,31500,Régulière,2,76.0,1.0,1,13,1,Bon payeur ailleurs (solde sans incident),0,0,Evénement social,484000,18,Aval d'un tiers,0.74,0
CSWA-03457,54,Homme,Urbaine,Marié(e),Secondaire,8,Commerce informel,5.0,107000,49000,113,1,39800,Aucune épargne,5,62.2,10.0,1,11,1,Pret en cours ailleurs,1,134000,Equipement/Matériel,227000,6,Bien matériel,0.97,0
CSWA-03458,20,Femme,Urbaine,Célibataire,Primaire,1,Commerce informel,3.6,57000,29000,2,1,1100,Irrégulière,0,,,1,7,1,Jamais emprunté ailleurs,0,0,Fonds de commerce,142000,12,Aucune,0.74,0
CSWA-03459,58,Homme,Rurale,Marié(e),Secondaire,1,Salarié secteur formel,4.6,164000,59000,87,1,5300,Régulière,3,83.4,7.0,1,13,1,Jamais emprunté ailleurs,0,0,Intrants agricoles,283000,24,Caution solidaire,0.44,0
CSWA-03460,37,Homme,Semi-urbaine,Marié(e),Aucun,2,Commerce informel,6.1,126000,49000,141,1,131400,Régulière,0,,,1,10,1,Bon payeur ailleurs (solde sans incident),0,0,Santé,523000,3,Bien matériel,1.94,0
CSWA-03461,38,Femme,Semi-urbaine,Marié(e),Secondaire,2,Commerce informel,1.7,48000,34000,161,1,89800,Régulière,1,66.5,1.0,1,10,1,Pret en cours ailleurs,2,146000,Santé,121000,18,Caution solidaire,1.14,0
CSWA-03462,63,Homme,Urbaine,Marié(e),Aucun,6,Salarié secteur formel,5.0,117000,73000,134,0,21200,Régulière,1,92.9,3.0,1,8,1,Jamais emprunté ailleurs,0,0,Fonds de commerce,423000,18,Bien matériel,0.85,1
CSWA-03463,59,Homme,Urbaine,Marié(e),Supérieur,4,Agriculture,17.9,53000,37000,45,0,6800,Régulière,2,50.8,12.0,0,0,1,Jamais emprunté ailleurs,0,0,Fonds de commerce,94000,24,Aval d'un tiers,0.78,0
CSWA-03464,21,Femme,Urbaine,Marié(e),Aucun,5,Artisanat,6.8,78000,55000,127,1,132500,Régulière,4,97.3,6.0,1,13,1,Pret en cours ailleurs,1,62000,Santé,307000,24,Bien matériel,0.96,0
CSWA-03465,35,Homme,Semi-urbaine,Célibataire,Secondaire,3,Commerce informel,8.8,114000,44000,141,0,220600,Régulière,2,65.5,2.0,1,18,1,Bon payeur ailleurs (solde sans incident),0,0,Equipement/Matériel,513000,6,Aucune,1.23,0
CSWA-03466,54,Femme,Urbaine,Marié(e),Primaire,3,Fonctionnaire,11.5,156000,128000,75,0,168800,Régulière,3,98.2,11.0,0,0,0,Non consulté,0,0,Fonds de commerce,821000,6,Aval d'un tiers,1.8,0
CSWA-03467,44,Femme,Urbaine,Marié(e),Aucun,2,Elevage,12.7,27000,23000,118,0,30400,Régulière,1,74.1,1.0,1,17,1,Bon payeur ailleurs (solde sans incident),0,0,Fonds de commerce,61000,18,Caution solidaire,0.99,0
CSWA-03468,31,Homme,Rurale,Célibataire,Primaire,2,Commerce informel,4.0,51000,19000,90,0,2600,Aucune épargne,2,46.4,8.0,1,8,0,Non consulté,0,0,Fonds de commerce,260000,12,Caution solidaire,0.85,1
CSWA-03469,43,Femme,Rurale,Marié(e),Secondaire,3,Artisanat,1.8,170000,65000,74,0,27800,Irrégulière,1,64.5,12.0,0,0,1,Bon payeur ailleurs (solde sans incident),0,0,Intrants agricoles,759000,6,Bien matériel,1.22,0
CSWA-03470,59,Homme,Urbaine,Marié(e),Aucun,4,Agriculture,9.7,92000,70000,120,0,39300,Régulière,2,61.6,12.0,1,9,1,Jamais emprunté ailleurs,0,0,Intrants agricoles,341000,6,Aval d'un tiers,1.45,0
CSWA-03471,29,Femme,Rurale,Célibataire,Supérieur,1,Agriculture,4.9,192000,126000,176,1,185900,Irrégulière,1,89.4,4.0,1,14,1,Jamais emprunté ailleurs,0,0,Education,602000,12,Bien matériel,0.95,0
CSWA-03472,54,Homme,Urbaine,Célibataire,Aucun,3,Agriculture,5.1,74000,63000,172,0,69600,Régulière,0,,,1,12,1,Bon payeur ailleurs (solde sans incident),0,0,Evénement social,395000,12,Caution solidaire,1.35,0
CSWA-03473,53,Femme,Urbaine,Marié(e),Secondaire,3,Elevage,7.6,51000,24000,4,1,1300,Régulière,0,,,1,6,1,Jamais emprunté ailleurs,0,0,Intrants agricoles,51000,18,Aval d'un tiers,0.53,0
CSWA-03474,60,Homme,Urbaine,Marié(e),Primaire,2,Artisanat,5.7,32000,24000,51,1,4800,Irrégulière,0,,,0,0,1,Jamais emprunté ailleurs,0,0,Education,151000,9,Aucune,1.34,0
CSWA-03475,33,Femme,Urbaine,Marié(e),Primaire,0,Commerce informel,6.5,51000,31000,150,0,109700,Régulière,1,76.9,0.0,1,8,1,Jamais emprunté ailleurs,0,0,Fonds de commerce,264000,12,Aval d'un tiers,1.09,0
CSWA-03476,29,Homme,Semi-urbaine,Marié(e),Secondaire,6,Restauration/Transformation,6.8,57000,36000,135,0,12800,Irrégulière,0,,,0,0,1,Incident de paiement signale ailleurs,0,0,Elevage,211000,18,Bien matériel,0.86,0
CSWA-03477,44,Homme,Rurale,Marié(e),Secondaire,4,Commerce informel,9.7,21000,10000,133,0,1700,Régulière,2,71.7,2.0,1,11,1,Jamais emprunté ailleurs,0,0,Fonds de commerce,70000,12,Bien matériel,0.79,0
CSWA-03478,43,Femme,Semi-urbaine,Célibataire,Primaire,3,Restauration/Transformation,7.2,51000,33000,111,1,3900,Régulière,0,,,0,0,1,Pret en cours ailleurs,1,259000,Habitat/Réparation,161000,24,Caution solidaire,1.25,0
CSWA-03479,38,Femme,Urbaine,Célibataire,Primaire,4,Commerce informel,2.8,51000,28000,78,1,33900,Irrégulière,4,69.3,10.0,1,4,1,Jamais emprunté ailleurs,0,0,Intrants agricoles,150000,3,Aval d'un tiers,1.65,0
CSWA-03480,55,Femme,Rurale,Veuf(ve),Primaire,2,Agriculture,2.7,82000,38000,115,1,33800,Irrégulière,0,,,1,9,1,Jamais emprunté ailleurs,0,0,Habitat/Réparation,429000,18,Bien matériel,0.79,0
CSWA-03481,56,Homme,Semi-urbaine,Marié(e),Primaire,2,Artisanat,3.8,79000,61000,150,0,87400,Aucune épargne,1,78.2,4.0,0,0,1,Jamais emprunté ailleurs,0,0,Evénement social,177000,12,Bien matériel,0.98,1
CSWA-03482,30,Homme,Urbaine,Marié(e),Aucun,4,Restauration/Transformation,7.0,96000,44000,17,1,11700,Régulière,0,,,1,12,1,Jamais emprunté ailleurs,0,0,Equipement/Matériel,109000,36,Caution solidaire,0.49,0
CSWA-03483,56,Homme,Semi-urbaine,Marié(e),Aucun,3,Transport,2.9,33000,17000,3,0,4000,Aucune épargne,4,72.4,10.0,1,12,1,Incident de paiement signale ailleurs,0,0,Education,139000,18,Aval d'un tiers,0.78,0
CSWA-03484,29,Homme,Rurale,Marié(e),Primaire,7,Elevage,2.9,43000,17000,138,0,16000,Régulière,3,82.8,1.0,0,0,0,Non consulté,0,0,Fonds de commerce,171000,6,Caution solidaire,1.14,1
CSWA-03485,38,Femme,Rurale,Marié(e),Supérieur,0,Salarié secteur formel,6.7,30000,21000,12,1,1800,Aucune épargne,0,,,1,11,1,Jamais emprunté ailleurs,0,0,Intrants agricoles,129000,12,Bien matériel,1.1,0
CSWA-03486,20,Femme,Urbaine,Veuf(ve),Aucun,5,Autre service,4.0,70000,34000,74,0,53400,Régulière,1,94.9,3.0,1,6,1,Bon payeur ailleurs (solde sans incident),0,0,Evénement social,266000,12,Caution solidaire,0.84,0
CSWA-03487,34,Femme,Rurale,Marié(e),Primaire,3,Autre service,12.2,129000,107000,23,0,24000,Aucune épargne,3,88.8,9.0,1,9,1,Jamais emprunté ailleurs,0,0,Fonds de commerce,483000,24,Caution solidaire,1.0,0
CSWA-03488,64,Homme,Rurale,Marié(e),Aucun,3,Agriculture,4.1,75000,54000,60,1,40000,Aucune épargne,1,66.8,8.0,1,8,1,Jamais emprunté ailleurs,0,0,Equipement/Matériel,342000,9,Caution solidaire,1.29,1
CSWA-03489,39,Homme,Semi-urbaine,Marié(e),Primaire,4,Commerce informel,8.4,90000,72000,34,1,21900,Régulière,1,76.1,8.0,1,9,1,Jamais emprunté ailleurs,0,0,Fonds de commerce,375000,12,Aval d'un tiers,1.19,1
CSWA-03490,52,Femme,Semi-urbaine,Divorcé(e),Secondaire,1,Restauration/Transformation,5.2,108000,48000,78,1,104200,Régulière,1,96.2,20.0,1,9,1,Bon payeur ailleurs (solde sans incident),0,0,Education,514000,12,Caution solidaire,0.89,0
CSWA-03491,24,Homme,Rurale,Marié(e),Secondaire,5,Commerce informel,2.5,60000,40000,3,0,1100,Irrégulière,0,,,0,0,1,Jamais emprunté ailleurs,0,0,Fonds de commerce,89000,9,Bien matériel,0.85,0
CSWA-03492,48,Femme,Semi-urbaine,Célibataire,Secondaire,6,Transport,4.0,56000,44000,157,0,125800,Régulière,1,94.2,7.0,1,9,1,Bon payeur ailleurs (solde sans incident),0,0,Elevage,98000,12,Caution solidaire,0.95,0
CSWA-03493,36,Homme,Semi-urbaine,Célibataire,Secondaire,3,Commerce informel,5.4,56000,47000,127,0,21300,Régulière,0,,,1,8,0,Non consulté,0,0,Intrants agricoles,275000,12,Bien matériel,1.3,0
CSWA-03494,53,Homme,Rurale,Marié(e),Aucun,2,Transport,4.1,77000,52000,118,1,27900,Aucune épargne,3,82.4,3.0,1,7,1,Pret en cours ailleurs,1,155000,Habitat/Réparation,262000,24,Bien matériel,1.02,0
CSWA-03495,62,Femme,Urbaine,Marié(e),Primaire,2,Commerce informel,11.4,111000,91000,140,0,57900,Irrégulière,0,,,1,5,1,Bon payeur ailleurs (solde sans incident),0,0,Fonds de commerce,608000,9,Caution solidaire,1.5,0
CSWA-03496,43,Homme,Urbaine,Marié(e),Aucun,3,Salarié secteur formel,3.2,84000,36000,2,0,8500,Irrégulière,3,78.8,15.0,1,18,0,Non consulté,0,0,Equipement/Matériel,213000,6,Bien matériel,0.9,0
CSWA-03497,23,Femme,Urbaine,Marié(e),Supérieur,3,Restauration/Transformation,4.4,153000,57000,98,1,136600,Aucune épargne,1,85.5,5.0,1,6,0,Non consulté,0,0,Habitat/Réparation,375000,9,Bien matériel,0.68,0
CSWA-03498,41,Homme,Urbaine,Marié(e),Secondaire,3,Commerce informel,7.1,212000,123000,43,1,16800,Irrégulière,3,80.4,18.0,1,8,0,Non consulté,0,0,Fonds de commerce,693000,12,Caution solidaire,0.89,0
CSWA-03499,24,Homme,Semi-urbaine,Marié(e),Aucun,4,Elevage,14.2,50000,25000,156,0,102500,Irrégulière,0,,,1,10,1,Jamais emprunté ailleurs,0,0,Education,172000,12,Caution solidaire,0.82,0
CSWA-03500,40,Homme,Urbaine,Célibataire,Aucun,5,Elevage,7.7,155000,126000,126,0,289800,Irrégulière,1,96.8,6.0,1,6,1,Pret en cours ailleurs,1,169000,Fonds de commerce,534000,36,Aval d'un tiers,1.02,0
CSWA-03501,21,Homme,Rurale,Célibataire,Primaire,4,Salarié secteur formel,6.9,166000,59000,15,0,19000,Régulière,1,97.6,1.0,0,0,1,Jamais emprunté ailleurs,0,0,Equipement/Matériel,814000,3,Aval d'un tiers,2.19,0
CSWA-03502,49,Femme,Rurale,Marié(e),Supérieur,3,Elevage,9.0,100000,51000,158,0,10500,Régulière,3,74.7,20.0,1,9,1,Jamais emprunté ailleurs,0,0,Elevage,201000,9,Bien matériel,0.76,0
CSWA-03503,33,Homme,Rurale,Marié(e),Aucun,4,Artisanat,10.4,75000,39000,108,1,63500,Irrégulière,2,60.2,14.0,1,6,1,Pret en cours ailleurs,1,50000,Fonds de commerce,210000,9,Bien matériel,0.93,0
CSWA-03504,28,Femme,Urbaine,Marié(e),Primaire,5,Agriculture,11.6,158000,112000,97,0,135300,Irrégulière,2,83.8,2.0,0,0,1,Jamais emprunté ailleurs,0,0,Fonds de commerce,266000,3,Bien matériel,1.34,0
CSWA-03505,19,Femme,Rurale,Marié(e),Primaire,3,Restauration/Transformation,7.7,98000,34000,24,1,7500,Régulière,1,73.3,9.0,1,14,1,Incident de paiement signale ailleurs,0,0,Intrants agricoles,432000,6,Caution solidaire,1.17,0
CSWA-03506,60,Homme,Rurale,Célibataire,Secondaire,2,Commerce informel,6.3,67000,52000,107,1,6000,Régulière,1,78.8,4.0,1,11,1,Pret en cours ailleurs,2,238000,Education,107000,18,Aval d'un tiers,1.2,0
CSWA-03507,58,Homme,Rurale,Marié(e),Secondaire,4,Autre service,3.2,64000,52000,68,1,32500,Aucune épargne,0,,,1,7,1,Pret en cours ailleurs,3,62000,Intrants agricoles,77000,3,Caution solidaire,1.35,0
CSWA-03508,57,Homme,Urbaine,Célibataire,Aucun,6,Artisanat,6.6,42000,25000,51,0,28100,Régulière,0,,,1,10,1,Jamais emprunté ailleurs,0,0,Habitat/Réparation,120000,12,Aucune,0.86,0
CSWA-03509,21,Femme,Rurale,Marié(e),Secondaire,5,Salarié secteur formel,12.8,182000,74000,39,0,28200,Irrégulière,4,52.5,2.0,1,8,1,Pret en cours ailleurs,3,478000,Habitat/Réparation,540000,24,Aucune,0.78,0
CSWA-03510,35,Femme,Urbaine,Célibataire,Aucun,6,Transport,1.1,158000,59000,26,0,23600,Irrégulière,3,91.9,8.0,1,10,0,Non consulté,0,0,Education,429000,18,Bien matériel,0.54,0
CSWA-03511,64,Homme,Rurale,Marié(e),Secondaire,4,Commerce informel,10.9,147000,70000,151,0,301800,Régulière,3,58.7,9.0,0,0,1,Jamais emprunté ailleurs,0,0,Santé,381000,9,Caution solidaire,0.8,0
CSWA-03512,46,Femme,Rurale,Marié(e),Aucun,3,Commerce informel,6.3,57000,24000,79,1,41800,Irrégulière,3,95.8,8.0,1,4,1,Pret en cours ailleurs,2,68000,Equipement/Matériel,77000,36,Caution solidaire,0.57,0
CSWA-03513,25,Femme,Urbaine,Célibataire,Primaire,1,Commerce informel,9.5,44000,26000,48,0,18300,Irrégulière,0,,,1,13,1,Pret en cours ailleurs,1,125000,Intrants agricoles,45000,6,Bien matériel,1.04,0
CSWA-03514,25,Homme,Semi-urbaine,Marié(e),Primaire,4,Commerce informel,7.9,136000,75000,97,1,67900,Régulière,1,62.2,4.0,1,7,0,Non consulté,0,0,Habitat/Réparation,600000,12,Caution solidaire,0.96,0
CSWA-03515,31,Homme,Urbaine,Marié(e),Primaire,2,Commerce informel,5.8,102000,45000,61,1,89900,Régulière,2,65.9,3.0,1,7,1,Bon payeur ailleurs (solde sans incident),0,0,Fonds de commerce,490000,6,Caution solidaire,1.34,0
CSWA-03516,64,Femme,Semi-urbaine,Célibataire,Aucun,8,Salarié secteur formel,6.3,122000,94000,102,1,131600,Irrégulière,2,99.2,2.0,1,9,1,Pret en cours ailleurs,3,355000,Elevage,227000,6,Caution solidaire,1.38,0
CSWA-03517,26,Homme,Semi-urbaine,Marié(e),Primaire,6,Elevage,8.3,394000,256000,7,0,6500,Irrégulière,1,75.3,1.0,0,0,1,Jamais emprunté ailleurs,0,0,Fonds de commerce,711000,9,Caution solidaire,0.87,0
CSWA-03518,61,Homme,Urbaine,Marié(e),Aucun,2,Artisanat,3.4,81000,54000,35,0,2900,Régulière,2,66.3,4.0,0,0,1,Jamais emprunté ailleurs,0,0,Fonds de commerce,328000,18,Caution solidaire,0.92,0
CSWA-03519,50,Homme,Urbaine,Marié(e),Primaire,3,Elevage,5.8,206000,142000,118,0,227900,Aucune épargne,0,,,1,7,1,Incident de paiement signale ailleurs,0,0,Intrants agricoles,480000,12,Caution solidaire,0.91,0
CSWA-03520,62,Femme,Urbaine,Marié(e),Secondaire,6,Commerce informel,7.6,89000,70000,14,1,5300,Aucune épargne,3,79.7,5.0,1,8,1,Jamais emprunté ailleurs,0,0,Santé,220000,9,Aval d'un tiers,1.09,0
CSWA-03521,57,Femme,Semi-urbaine,Marié(e),Primaire,5,Agriculture,8.7,46000,32000,176,0,15500,Aucune épargne,2,80.4,2.0,1,11,0,Non consulté,0,0,Fonds de commerce,74000,6,Bien matériel,1.0,0
CSWA-03522,34,Homme,Rurale,Célibataire,Primaire,3,Commerce informel,8.2,90000,37000,61,0,60700,Irrégulière,0,,,0,0,1,Incident de paiement signale ailleurs,0,0,Intrants agricoles,350000,24,Bien matériel,0.59,0
CSWA-03523,57,Femme,Urbaine,Marié(e),Secondaire,2,Salarié secteur formel,4.9,153000,83000,104,1,207300,Irrégulière,1,82.3,2.0,1,3,1,Jamais emprunté ailleurs,0,0,Intrants agricoles,832000,18,Aucune,0.88,0
CSWA-03524,26,Femme,Rurale,Marié(e),Primaire,1,Restauration/Transformation,6.1,75000,46000,145,1,75300,Aucune épargne,2,87.9,6.0,1,8,1,Bon payeur ailleurs (solde sans incident),0,0,Evénement social,78000,9,Caution solidaire,0.74,0
CSWA-03525,32,Homme,Urbaine,Marié(e),Secondaire,2,Commerce informel,2.7,44000,19000,88,1,18500,Aucune épargne,1,70.1,1.0,1,10,1,Pret en cours ailleurs,1,69000,Equipement/Matériel,188000,6,Caution solidaire,1.37,0
CSWA-03526,28,Femme,Rurale,Marié(e),Primaire,3,Restauration/Transformation,10.6,72000,59000,50,0,8400,Aucune épargne,1,59.4,5.0,1,12,1,Jamais emprunté ailleurs,0,0,Equipement/Matériel,68000,24,Aval d'un tiers,0.86,0
CSWA-03527,25,Homme,Rurale,Célibataire,Supérieur,5,Artisanat,6.8,93000,44000,155,0,148100,Régulière,1,45.8,11.0,1,9,1,Bon payeur ailleurs (solde sans incident),0,0,Fonds de commerce,312000,12,Bien matériel,0.79,0
CSWA-03528,23,Homme,Urbaine,Marié(e),Secondaire,5,Commerce informel,6.1,95000,70000,124,0,6300,Régulière,2,49.2,9.0,1,11,1,Jamais emprunté ailleurs,0,0,Intrants agricoles,135000,12,Aucune,0.87,0
CSWA-03529,27,Femme,Semi-urbaine,Marié(e),Primaire,6,Commerce informel,6.0,36000,30000,129,1,48000,Irrégulière,1,85.8,4.0,0,0,1,Pret en cours ailleurs,1,159000,Intrants agricoles,152000,3,Aucune,2.81,0
CSWA-03530,24,Femme,Urbaine,Marié(e),Primaire,3,Commerce informel,5.2,57000,28000,47,1,38500,Irrégulière,1,49.7,0.0,1,13,1,Jamais emprunté ailleurs,0,0,Evénement social,290000,24,Aval d'un tiers,0.73,0
CSWA-03531,36,Homme,Rurale,Célibataire,Secondaire,2,Transport,8.8,27000,16000,16,0,2600,Aucune épargne,2,71.0,1.0,1,10,1,Pret en cours ailleurs,2,42000,Fonds de commerce,100000,6,Caution solidaire,1.43,1
CSWA-03532,22,Femme,Rurale,Marié(e),Secondaire,3,Salarié secteur formel,6.1,195000,93000,43,1,92300,Régulière,1,75.0,4.0,0,0,1,Jamais emprunté ailleurs,0,0,Elevage,947000,6,Caution solidaire,1.38,0
CSWA-03533,21,Femme,Semi-urbaine,Marié(e),Aucun,3,Artisanat,3.2,90000,69000,133,0,13900,Régulière,1,74.8,4.0,1,6,1,Jamais emprunté ailleurs,0,0,Fonds de commerce,350000,9,Bien matériel,1.25,0
CSWA-03534,65,Homme,Rurale,Veuf(ve),Aucun,6,Commerce informel,3.8,42000,31000,39,0,8700,Régulière,2,94.9,5.0,0,0,1,Pret en cours ailleurs,2,184000,Fonds de commerce,86000,12,Bien matériel,1.32,0
CSWA-03535,23,Femme,Semi-urbaine,Marié(e),Aucun,1,Agriculture,2.4,175000,139000,141,0,173600,Irrégulière,1,96.8,3.0,1,8,1,Incident de paiement signale ailleurs,0,0,Evénement social,858000,18,Bien matériel,1.1,1
CSWA-03536,22,Femme,Urbaine,Marié(e),Secondaire,5,Agriculture,12.5,104000,40000,78,1,79400,Irrégulière,1,75.9,17.0,1,16,1,Pret en cours ailleurs,1,370000,Intrants agricoles,284000,3,Bien matériel,1.72,0
CSWA-03537,20,Homme,Semi-urbaine,Célibataire,Secondaire,2,Commerce informel,5.5,76000,55000,56,0,20100,Aucune épargne,2,65.8,9.0,1,9,0,Non consulté,0,0,Equipement/Matériel,159000,18,Aucune,0.85,0
CSWA-03538,25,Femme,Urbaine,Veuf(ve),Aucun,6,Artisanat,13.2,62000,40000,49,0,29900,Irrégulière,0,,,1,8,1,Jamais emprunté ailleurs,0,0,Intrants agricoles,206000,12,Caution solidaire,0.95,0
CSWA-03539,43,Homme,Rurale,Marié(e),Primaire,2,Commerce informel,6.5,57000,32000,13,0,8100,Irrégulière,1,77.7,7.0,0,0,1,Bon payeur ailleurs (solde sans incident),0,0,Fonds de commerce,263000,9,Bien matériel,1.14,1
CSWA-03540,57,Homme,Urbaine,Veuf(ve),Secondaire,3,Commerce informel,4.7,52000,41000,66,0,9000,Régulière,1,87.9,8.0,1,9,1,Jamais emprunté ailleurs,0,0,Elevage,283000,3,Caution solidaire,2.82,0
CSWA-03541,53,Femme,Semi-urbaine,Marié(e),Supérieur,3,Artisanat,5.3,154000,121000,169,0,330400,Irrégulière,1,44.9,9.0,1,9,1,Pret en cours ailleurs,1,194000,Santé,346000,6,Bien matériel,1.32,0
CSWA-03542,46,Femme,Semi-urbaine,Divorcé(e),Aucun,2,Commerce informel,6.4,94000,66000,104,0,101500,Régulière,2,81.6,4.0,0,0,1,Jamais emprunté ailleurs,0,0,Elevage,304000,12,Aval d'un tiers,1.0,1
CSWA-03543,22,Femme,Rurale,Marié(e),Primaire,2,Restauration/Transformation,3.3,45000,20000,141,1,94300,Irrégulière,0,,,1,6,1,Bon payeur ailleurs (solde sans incident),0,0,Elevage,247000,24,Caution solidaire,0.7,0
CSWA-03544,55,Femme,Rurale,Marié(e),Primaire,3,Transport,2.7,165000,79000,150,0,290300,Régulière,2,70.7,2.0,1,7,1,Jamais emprunté ailleurs,0,0,Equipement/Matériel,528000,12,Caution solidaire,0.78,0
CSWA-03545,20,Femme,Rurale,Marié(e),Secondaire,3,Artisanat,10.0,77000,33000,127,1,112500,Régulière,2,58.4,6.0,1,14,1,Jamais emprunté ailleurs,0,0,Fonds de commerce,71000,9,Caution solidaire,0.54,0
CSWA-03546,48,Homme,Urbaine,Célibataire,Aucun,8,Autre service,4.6,49000,23000,138,1,4100,Régulière,3,96.5,3.0,1,17,1,Bon payeur ailleurs (solde sans incident),0,0,Habitat/Réparation,196000,12,Bien matériel,0.84,0
CSWA-03547,38,Femme,Rurale,Divorcé(e),Aucun,8,Restauration/Transformation,13.4,240000,177000,78,0,122200,Irrégulière,0,,,1,17,1,Jamais emprunté ailleurs,0,0,Equipement/Matériel,1025000,9,Aucune,1.27,0
CSWA-03548,60,Femme,Rurale,Marié(e),Secondaire,2,Transport,7.8,44000,23000,79,0,16900,Aucune épargne,0,,,0,0,1,Jamais emprunté ailleurs,0,0,Fonds de commerce,209000,24,Aucune,0.75,0
CSWA-03549,33,Femme,Rurale,Marié(e),Primaire,6,Restauration/Transformation,4.4,51000,25000,76,0,45300,Irrégulière,1,73.3,17.0,0,0,1,Jamais emprunté ailleurs,0,0,Santé,245000,6,Caution solidaire,1.39,0
CSWA-03550,49,Femme,Urbaine,Marié(e),Aucun,6,Transport,16.1,81000,38000,55,1,44500,Régulière,2,75.2,6.0,1,9,0,Non consulté,0,0,Equipement/Matériel,269000,12,Caution solidaire,0.78,0
CSWA-03551,39,Homme,Semi-urbaine,Marié(e),Primaire,6,Agriculture,10.3,96000,36000,9,0,6800,Aucune épargne,1,73.3,6.0,1,10,1,Bon payeur ailleurs (solde sans incident),0,0,Equipement/Matériel,421000,6,Bien matériel,1.19,0
CSWA-03552,43,Homme,Urbaine,Célibataire,Aucun,4,Agriculture,2.2,53000,28000,119,0,35700,Régulière,2,73.7,22.0,1,14,1,Jamais emprunté ailleurs,0,0,Education,101000,18,Bien matériel,0.65,0
CSWA-03553,63,Homme,Rurale,Marié(e),Primaire,4,Agriculture,3.6,24000,10000,117,0,5100,Régulière,1,79.1,5.0,1,7,1,Incident de paiement signale ailleurs,0,0,Equipement/Matériel,30000,3,Caution solidaire,0.88,0
CSWA-03554,52,Homme,Urbaine,Divorcé(e),Primaire,2,Artisanat,0.4,82000,52000,78,1,31500,Régulière,1,60.2,2.0,1,8,1,Bon payeur ailleurs (solde sans incident),0,0,Fonds de commerce,117000,9,Caution solidaire,0.81,0
CSWA-03555,38,Femme,Urbaine,Veuf(ve),Aucun,1,Agriculture,5.0,45000,20000,120,1,49600,Irrégulière,0,,,1,9,1,Pret en cours ailleurs,2,235000,Intrants agricoles,230000,6,Caution solidaire,1.87,0
CSWA-03556,40,Femme,Urbaine,Marié(e),Aucun,3,Autre service,15.0,66000,32000,137,1,42000,Irrégulière,1,85.2,7.0,1,10,1,Jamais emprunté ailleurs,0,0,Intrants agricoles,315000,18,Bien matériel,0.78,0
CSWA-03557,52,Homme,Urbaine,Marié(e),Secondaire,2,Artisanat,1.7,52000,31000,164,1,17300,Aucune épargne,0,,,1,12,1,Bon payeur ailleurs (solde sans incident),0,0,Habitat/Réparation,64000,3,Caution solidaire,1.06,0
CSWA-03558,35,Homme,Rurale,Divorcé(e),Secondaire,3,Agriculture,7.0,45000,24000,155,0,3900,Irrégulière,1,99.2,2.0,1,10,1,Incident de paiement signale ailleurs,0,0,Evénement social,136000,6,Aucune,1.1,0
CSWA-03559,26,Femme,Rurale,Célibataire,Aucun,1,Elevage,18.2,70000,36000,62,0,59300,Régulière,4,62.4,0.0,1,6,1,Jamais emprunté ailleurs,0,0,Fonds de commerce,334000,36,Aval d'un tiers,0.66,0
CSWA-03560,40,Homme,Rurale,Célibataire,Secondaire,1,Transport,5.2,57000,47000,52,1,10700,Irrégulière,3,72.9,4.0,1,18,0,Non consulté,0,0,Education,56000,6,Aval d'un tiers,1.01,0
CSWA-03561,22,Femme,Rurale,Marié(e),Aucun,3,Transport,6.8,51000,19000,86,1,61400,Régulière,2,75.5,8.0,1,9,1,Pret en cours ailleurs,1,163000,Intrants agricoles,242000,12,Bien matériel,1.1,1
CSWA-03562,26,Homme,Urbaine,Marié(e),Secondaire,5,Artisanat,4.5,137000,108000,70,0,6400,Irrégulière,0,,,1,8,1,Bon payeur ailleurs (solde sans incident),0,0,Intrants agricoles,593000,24,Aval d'un tiers,0.99,0
CSWA-03563,38,Homme,Urbaine,Célibataire,Secondaire,4,Commerce informel,3.6,47000,38000,122,0,37800,Irrégulière,1,95.4,12.0,0,0,1,Bon payeur ailleurs (solde sans incident),0,0,Fonds de commerce,135000,6,Caution solidaire,1.34,0
CSWA-03564,56,Homme,Rurale,Marié(e),Primaire,1,Salarié secteur formel,8.7,162000,135000,6,0,11100,Irrégulière,1,80.3,3.0,1,6,1,Bon payeur ailleurs (solde sans incident),0,0,Santé,654000,6,Aval d'un tiers,1.59,0
CSWA-03565,55,Femme,Rurale,Célibataire,Primaire,2,Fonctionnaire,8.8,121000,95000,49,0,36300,Irrégulière,1,71.8,1.0,0,0,1,Bon payeur ailleurs (solde sans incident),0,0,Intrants agricoles,531000,9,Bien matériel,1.33,0
CSWA-03566,31,Homme,Rurale,Célibataire,Primaire,4,Salarié secteur formel,7.4,129000,97000,78,1,17800,Régulière,3,93.0,10.0,1,9,1,Pret en cours ailleurs,1,347000,Fonds de commerce,496000,12,Bien matériel,1.35,0
CSWA-03567,38,Femme,Urbaine,Marié(e),Aucun,2,Restauration/Transformation,4.1,44000,21000,18,0,10400,Régulière,2,39.9,10.0,1,11,1,Bon payeur ailleurs (solde sans incident),0,0,Education,74000,6,Caution solidaire,0.79,0
CSWA-03568,26,Homme,Semi-urbaine,Marié(e),Primaire,4,Commerce informel,7.5,79000,35000,79,0,86200,Aucune épargne,2,90.0,5.0,1,9,1,Bon payeur ailleurs (solde sans incident),0,0,Intrants agricoles,258000,24,Caution solidaire,0.59,0
CSWA-03569,54,Homme,Urbaine,Marié(e),Aucun,4,Autre service,2.1,77000,50000,28,0,24600,Régulière,0,,,1,12,1,Jamais emprunté ailleurs,0,0,Habitat/Réparation,86000,9,Caution solidaire,0.79,0
CSWA-03570,30,Femme,Rurale,Veuf(ve),Secondaire,2,Commerce informel,7.9,52000,32000,166,0,16600,Aucune épargne,2,84.0,11.0,1,9,1,Pret en cours ailleurs,1,76000,Evénement social,200000,6,Bien matériel,1.46,0
CSWA-03571,56,Homme,Urbaine,Marié(e),Primaire,8,Commerce informel,3.4,80000,57000,19,0,6100,Irrégulière,4,93.6,6.0,0,0,1,Bon payeur ailleurs (solde sans incident),0,0,Fonds de commerce,334000,6,Bien matériel,1.49,0
CSWA-03572,58,Homme,Rurale,Marié(e),Aucun,3,Artisanat,3.3,94000,38000,74,1,32300,Aucune épargne,3,58.7,7.0,1,3,1,Pret en cours ailleurs,1,154000,Fonds de commerce,224000,12,Caution solidaire,0.77,0
CSWA-03573,51,Femme,Rurale,Divorcé(e),Primaire,4,Elevage,12.9,112000,55000,47,1,74600,Régulière,1,67.2,5.0,1,4,1,Jamais emprunté ailleurs,0,0,Elevage,230000,6,Aval d'un tiers,0.87,0
CSWA-03574,34,Femme,Rurale,Célibataire,Secondaire,2,Restauration/Transformation,0.8,117000,80000,77,1,108700,Aucune épargne,0,,,1,6,1,Jamais emprunté ailleurs,0,0,Education,415000,9,Caution solidaire,1.12,1
CSWA-03575,63,Homme,Urbaine,Marié(e),Primaire,3,Artisanat,5.1,157000,103000,132,0,139400,Irrégulière,3,70.7,14.0,1,12,1,Pret en cours ailleurs,1,53000,Education,729000,6,Bien matériel,1.55,0
CSWA-03576,51,Homme,Rurale,Célibataire,Primaire,3,Commerce informel,2.2,86000,45000,60,0,39900,Régulière,3,96.8,0.0,1,11,1,Jamais emprunté ailleurs,0,0,Fonds de commerce,304000,3,Aucune,1.84,0
CSWA-03577,49,Femme,Urbaine,Marié(e),Secondaire,2,Restauration/Transformation,6.3,38000,16000,131,1,59900,Irrégulière,2,91.4,12.0,1,11,1,Jamais emprunté ailleurs,0,0,Fonds de commerce,61000,24,Caution solidaire,0.49,0
CSWA-03578,59,Femme,Rurale,Divorcé(e),Aucun,4,Salarié secteur formel,3.7,171000,133000,19,1,4000,Aucune épargne,1,86.7,10.0,1,6,1,Pret en cours ailleurs,1,127000,Fonds de commerce,440000,24,Bien matériel,0.96,0
CSWA-03579,60,Femme,Urbaine,Célibataire,Primaire,3,Salarié secteur formel,2.4,197000,151000,177,0,212300,Régulière,3,75.9,1.0,0,0,1,Pret en cours ailleurs,2,163000,Evénement social,287000,6,Aval d'un tiers,1.11,0
CSWA-03580,22,Femme,Urbaine,Marié(e),Primaire,2,Commerce informel,4.6,129000,55000,109,0,15300,Régulière,1,80.5,0.0,0,0,1,Bon payeur ailleurs (solde sans incident),0,0,Evénement social,136000,6,Aval d'un tiers,0.62,0
CSWA-03581,60,Femme,Rurale,Marié(e),Aucun,3,Agriculture,3.1,172000,125000,165,0,389400,Régulière,2,63.0,1.0,1,10,1,Bon payeur ailleurs (solde sans incident),0,0,Evénement social,231000,6,Caution solidaire,0.98,0
CSWA-03582,54,Homme,Urbaine,Marié(e),Supérieur,0,Commerce informel,3.2,81000,34000,39,1,21500,Régulière,0,,,1,12,1,Pret en cours ailleurs,1,199000,Equipement/Matériel,407000,6,Aval d'un tiers,1.58,0
CSWA-03583,28,Homme,Urbaine,Célibataire,Primaire,7,Restauration/Transformation,8.1,153000,88000,125,1,56700,Régulière,0,,,1,12,1,Jamais emprunté ailleurs,0,0,Equipement/Matériel,487000,18,Caution solidaire,0.77,0
CSWA-03584,33,Femme,Semi-urbaine,Célibataire,Primaire,2,Artisanat,2.0,148000,86000,94,1,204400,Irrégulière,0,,,1,9,1,Jamais emprunté ailleurs,0,0,Fonds de commerce,332000,6,Aval d'un tiers,1.0,0
CSWA-03585,54,Femme,Semi-urbaine,Marié(e),Aucun,4,Elevage,1.0,96000,53000,51,0,64700,Régulière,1,95.6,7.0,0,0,1,Bon payeur ailleurs (solde sans incident),0,0,Equipement/Matériel,219000,12,Caution solidaire,0.76,1
CSWA-03586,29,Femme,Semi-urbaine,Divorcé(e),Supérieur,4,Commerce informel,6.5,108000,56000,139,0,116900,Aucune épargne,3,93.7,5.0,1,8,1,Jamais emprunté ailleurs,0,0,Intrants agricoles,140000,3,Caution solidaire,1.0,0
CSWA-03587,40,Femme,Urbaine,Marié(e),Secondaire,2,Transport,5.1,136000,79000,90,0,170100,Irrégulière,3,81.7,20.0,0,0,1,Jamais emprunté ailleurs,0,0,Fonds de commerce,424000,9,Caution solidaire,0.97,0
CSWA-03588,51,Homme,Rurale,Célibataire,Aucun,4,Transport,3.6,38000,27000,133,1,15200,Irrégulière,0,,,1,6,1,Pret en cours ailleurs,1,106000,Santé,194000,3,Aval d'un tiers,2.87,0
CSWA-03589,49,Femme,Semi-urbaine,Célibataire,Primaire,2,Elevage,8.0,93000,48000,4,1,9700,Régulière,1,99.5,5.0,1,7,1,Jamais emprunté ailleurs,0,0,Equipement/Matériel,257000,9,Aucune,0.86,0
CSWA-03590,61,Femme,Urbaine,Marié(e),Aucun,2,Commerce informel,13.5,110000,70000,20,0,25700,Régulière,5,96.2,1.0,1,10,1,Bon payeur ailleurs (solde sans incident),0,0,Intrants agricoles,346000,12,Caution solidaire,0.93,1
CSWA-03591,24,Femme,Rurale,Marié(e),Secondaire,0,Elevage,5.5,37000,20000,144,0,48100,Irrégulière,2,73.8,1.0,1,14,1,Jamais emprunté ailleurs,0,0,Habitat/Réparation,34000,12,Bien matériel,0.63,0
CSWA-03592,32,Femme,Urbaine,Célibataire,Primaire,2,Salarié secteur formel,5.6,80000,67000,76,1,37400,Régulière,2,51.6,2.0,1,11,1,Bon payeur ailleurs (solde sans incident),0,0,Habitat/Réparation,101000,9,Caution solidaire,1.0,1
CSWA-03593,65,Femme,Semi-urbaine,Célibataire,Aucun,4,Artisanat,2.6,147000,102000,36,1,23600,Aucune épargne,1,77.4,0.0,1,10,1,Jamais emprunté ailleurs,0,0,Evénement social,161000,18,Bien matériel,0.76,1
CSWA-03594,45,Homme,Rurale,Marié(e),Primaire,3,Restauration/Transformation,2.1,148000,115000,144,0,208300,Irrégulière,2,36.2,4.0,1,6,1,Bon payeur ailleurs (solde sans incident),0,0,Education,464000,18,Caution solidaire,0.97,0
CSWA-03595,30,Femme,Rurale,Célibataire,Supérieur,3,Commerce informel,5.2,101000,57000,28,1,14300,Aucune épargne,2,92.6,5.0,1,6,1,Pret en cours ailleurs,1,190000,Habitat/Réparation,294000,36,Caution solidaire,0.82,0
CSWA-03596,32,Femme,Rurale,Marié(e),Primaire,4,Agriculture,1.6,48000,23000,2,1,1000,Irrégulière,2,55.2,3.0,0,0,1,Jamais emprunté ailleurs,0,0,Santé,39000,12,Aucune,0.55,0
CSWA-03597,34,Femme,Urbaine,Marié(e),Aucun,2,Commerce informel,1.4,40000,16000,100,0,51400,Régulière,2,68.6,5.0,1,4,1,Jamais emprunté ailleurs,0,0,Equipement/Matériel,202000,6,Bien matériel,1.34,0
CSWA-03598,45,Homme,Urbaine,Célibataire,Supérieur,4,Agriculture,7.1,77000,58000,27,0,25100,Régulière,3,74.1,4.0,1,5,1,Bon payeur ailleurs (solde sans incident),0,0,Intrants agricoles,287000,18,Caution solidaire,0.99,1
CSWA-03599,32,Femme,Rurale,Marié(e),Aucun,4,Commerce informel,2.1,119000,83000,128,1,71600,Régulière,0,,,1,9,1,Incident de paiement signale ailleurs,0,0,Elevage,289000,3,Aval d'un tiers,1.6,1
CSWA-03600,48,Femme,Rurale,Célibataire,Primaire,5,Elevage,7.2,109000,83000,76,1,3700,Régulière,1,64.0,2.0,1,7,1,Incident de paiement signale ailleurs,0,0,Equipement/Matériel,312000,9,Bien matériel,1.12,0
CSWA-03601,39,Femme,Rurale,Marié(e),Primaire,1,Agriculture,10.7,207000,143000,164,1,129900,Régulière,0,,,0,0,0,Non consulté,0,0,Evénement social,1138000,3,Aucune,2.74,1
CSWA-03602,47,Homme,Urbaine,Marié(e),Aucun,3,Salarié secteur formel,6.8,140000,52000,92,1,111300,Régulière,4,59.2,2.0,1,8,1,Jamais emprunté ailleurs,0,0,Evénement social,426000,12,Bien matériel,0.66,0
CSWA-03603,26,Femme,Rurale,Marié(e),Aucun,2,Agriculture,1.8,66000,37000,36,1,24800,Régulière,0,,,1,8,1,Bon payeur ailleurs (solde sans incident),0,0,Equipement/Matériel,296000,6,Bien matériel,1.4,0
CSWA-03604,48,Femme,Rurale,Marié(e),Aucun,2,Commerce informel,16.2,81000,42000,95,0,48200,Régulière,0,,,1,10,1,Jamais emprunté ailleurs,0,0,Fonds de commerce,223000,24,Caution solidaire,0.65,0
CSWA-03605,62,Femme,Urbaine,Marié(e),Aucun,2,Commerce informel,5.8,43000,24000,117,1,64900,Régulière,2,79.0,0.0,1,10,1,Pret en cours ailleurs,1,117000,Habitat/Réparation,139000,6,Caution solidaire,1.4,0
CSWA-03606,25,Femme,Semi-urbaine,Célibataire,Primaire,3,Commerce informel,5.5,185000,127000,161,0,124300,Régulière,2,81.0,19.0,0,0,1,Pret en cours ailleurs,1,372000,Intrants agricoles,764000,18,Caution solidaire,1.12,0
CSWA-03607,34,Homme,Rurale,Marié(e),Secondaire,5,Restauration/Transformation,5.0,70000,44000,23,0,22800,Irrégulière,3,91.2,1.0,0,0,1,Jamais emprunté ailleurs,0,0,Fonds de commerce,147000,6,Caution solidaire,1.02,0
CSWA-03608,51,Femme,Rurale,Divorcé(e),Aucun,3,Artisanat,3.5,93000,62000,135,0,123400,Aucune épargne,2,89.0,1.0,0,0,1,Incident de paiement signale ailleurs,0,0,Elevage,451000,6,Aucune,1.57,1
CSWA-03609,48,Femme,Semi-urbaine,Marié(e),Secondaire,2,Artisanat,2.7,126000,57000,109,0,155500,Irrégulière,1,80.9,24.0,1,13,1,Jamais emprunté ailleurs,0,0,Fonds de commerce,269000,6,Caution solidaire,0.85,0
CSWA-03610,50,Femme,Urbaine,Marié(e),Primaire,1,Salarié secteur formel,0.8,47000,28000,172,0,66700,Aucune épargne,2,67.2,7.0,1,9,1,Jamais emprunté ailleurs,0,0,Fonds de commerce,205000,6,Caution solidaire,1.41,0
CSWA-03611,45,Homme,Semi-urbaine,Veuf(ve),Aucun,1,Commerce informel,2.2,94000,44000,106,0,149500,Irrégulière,1,86.7,3.0,1,10,1,Jamais emprunté ailleurs,0,0,Habitat/Réparation,416000,18,Caution solidaire,0.74,0
CSWA-03612,51,Femme,Rurale,Marié(e),Primaire,2,Elevage,4.7,80000,48000,174,1,38200,Régulière,0,,,1,10,1,Pret en cours ailleurs,3,189000,Habitat/Réparation,78000,24,Aucune,0.86,0
CSWA-03613,47,Homme,Rurale,Marié(e),Aucun,2,Commerce informel,7.0,138000,69000,102,1,98500,Régulière,0,,,1,5,1,Pret en cours ailleurs,1,415000,Equipement/Matériel,401000,6,Caution solidaire,1.31,0
CSWA-03614,22,Femme,Urbaine,Célibataire,Primaire,2,Commerce informel,2.9,81000,37000,10,1,3400,Régulière,1,74.2,5.0,0,0,0,Non consulté,0,0,Equipement/Matériel,398000,24,Caution solidaire,0.69,0
CSWA-03615,54,Femme,Urbaine,Veuf(ve),Primaire,1,Agriculture,6.5,20000,16000,22,0,1900,Régulière,2,87.5,5.0,1,17,1,Pret en cours ailleurs,3,192000,Elevage,101000,9,Aval d'un tiers,2.3,0
CSWA-03616,40,Homme,Rurale,Marié(e),Secondaire,6,Restauration/Transformation,4.5,48000,23000,19,1,11200,Régulière,1,90.2,1.0,1,7,1,Jamais emprunté ailleurs,0,0,Habitat/Réparation,91000,24,Bien matériel,0.57,0
CSWA-03617,21,Femme,Urbaine,Marié(e),Supérieur,3,Salarié secteur formel,5.2,155000,103000,96,1,130000,Aucune épargne,0,,,0,0,1,Pret en cours ailleurs,1,76000,Santé,556000,12,Aval d'un tiers,1.04,0
CSWA-03618,38,Femme,Urbaine,Divorcé(e),Aucun,2,Agriculture,9.1,233000,155000,146,1,63100,Régulière,3,69.9,6.0,1,7,1,Pret en cours ailleurs,3,72000,Intrants agricoles,357000,9,Caution solidaire,0.88,0
CSWA-03619,39,Femme,Rurale,Marié(e),Supérieur,2,Agriculture,6.5,176000,112000,103,1,253100,Aucune épargne,0,,,1,9,1,Bon payeur ailleurs (solde sans incident),0,0,Fonds de commerce,791000,6,Caution solidaire,1.48,0
CSWA-03620,23,Homme,Rurale,Célibataire,Aucun,5,Salarié secteur formel,7.4,142000,101000,169,1,58700,Irrégulière,1,80.3,2.0,1,12,1,Pret en cours ailleurs,1,83000,Education,186000,6,Aucune,1.01,0
CSWA-03621,65,Femme,Urbaine,Marié(e),Aucun,5,Transport,17.2,46000,30000,91,0,45000,Irrégulière,0,,,1,8,0,Non consulté,0,0,Fonds de commerce,228000,6,Aval d'un tiers,1.58,0
CSWA-03622,29,Homme,Rurale,Marié(e),Aucun,6,Restauration/Transformation,3.0,38000,29000,123,1,48100,Régulière,0,,,1,9,0,Non consulté,0,0,Intrants agricoles,166000,6,Bien matériel,1.58,0
CSWA-03623,34,Femme,Semi-urbaine,Célibataire,Secondaire,4,Agriculture,8.7,91000,33000,37,1,41900,Irrégulière,2,96.9,8.0,0,0,1,Jamais emprunté ailleurs,0,0,Fonds de commerce,273000,12,Caution solidaire,0.64,0
CSWA-03624,39,Femme,Rurale,Divorcé(e),Secondaire,2,Agriculture,7.3,48000,19000,2,0,4200,Régulière,0,,,0,0,1,Bon payeur ailleurs (solde sans incident),0,0,Fonds de commerce,165000,12,Bien matériel,0.72,0
CSWA-03625,58,Homme,Semi-urbaine,Marié(e),Supérieur,4,Restauration/Transformation,7.3,70000,44000,130,0,53900,Irrégulière,3,57.0,1.0,1,9,1,Jamais emprunté ailleurs,0,0,Elevage,223000,9,Caution solidaire,1.03,0
CSWA-03626,53,Femme,Rurale,Marié(e),Secondaire,5,Commerce informel,6.1,38000,21000,18,0,2300,Régulière,5,98.7,1.0,1,6,1,Jamais emprunté ailleurs,0,0,Fonds de commerce,65000,12,Bien matériel,0.71,0
CSWA-03627,55,Femme,Urbaine,Célibataire,Primaire,3,Artisanat,6.9,102000,47000,173,0,145600,Aucune épargne,0,,,1,10,1,Jamais emprunté ailleurs,0,0,Fonds de commerce,284000,9,Aval d'un tiers,0.81,0
CSWA-03628,30,Femme,Urbaine,Marié(e),Secondaire,4,Commerce informel,4.6,32000,17000,174,1,4500,Irrégulière,2,73.9,4.0,0,0,1,Jamais emprunté ailleurs,0,0,Equipement/Matériel,107000,6,Aucune,1.16,1
CSWA-03629,58,Homme,Semi-urbaine,Veuf(ve),Supérieur,4,Artisanat,5.6,320000,216000,39,1,100000,Irrégulière,2,68.3,6.0,1,8,1,Jamais emprunté ailleurs,0,0,Equipement/Matériel,411000,6,Caution solidaire,0.91,0
CSWA-03630,57,Homme,Rurale,Marié(e),Secondaire,1,Artisanat,9.9,185000,144000,17,0,9000,Régulière,0,,,1,9,0,Non consulté,0,0,Elevage,180000,24,Caution solidaire,0.82,0
CSWA-03631,40,Femme,Semi-urbaine,Marié(e),Primaire,2,Commerce informel,3.8,316000,139000,161,1,498200,Irrégulière,3,67.5,7.0,1,16,1,Pret en cours ailleurs,1,147000,Evénement social,543000,18,Aucune,0.59,0
CSWA-03632,44,Homme,Semi-urbaine,Célibataire,Secondaire,5,Agriculture,4.0,113000,56000,163,1,117400,Régulière,0,,,0,0,1,Bon payeur ailleurs (solde sans incident),0,0,Fonds de commerce,565000,24,Bien matériel,0.73,0
CSWA-03633,20,Femme,Urbaine,Veuf(ve),Aucun,6,Commerce informel,7.0,190000,80000,97,0,211400,Irrégulière,3,56.7,4.0,1,11,0,Non consulté,0,0,Fonds de commerce,383000,18,Caution solidaire,0.55,0
CSWA-03634,54,Homme,Urbaine,Marié(e),Supérieur,3,Transport,6.6,132000,112000,68,1,80700,Régulière,1,97.8,6.0,1,10,1,Jamais emprunté ailleurs,0,0,Equipement/Matériel,507000,12,Aucune,1.21,0
CSWA-03635,64,Homme,Rurale,Célibataire,Supérieur,4,Fonctionnaire,4.5,128000,46000,82,1,80300,Aucune épargne,2,79.4,2.0,0,0,1,Bon payeur ailleurs (solde sans incident),0,0,Intrants agricoles,624000,9,Aucune,0.97,0
CSWA-03636,41,Femme,Urbaine,Marié(e),Secondaire,4,Agriculture,7.1,66000,28000,168,0,110700,Régulière,4,97.3,2.0,0,0,1,Incident de paiement signale ailleurs,0,0,Santé,118000,18,Aucune,0.53,0
CSWA-03637,44,Homme,Rurale,Marié(e),Aucun,1,Commerce informel,7.1,102000,55000,100,1,36600,Irrégulière,3,62.1,14.0,1,12,1,Bon payeur ailleurs (solde sans incident),0,0,Fonds de commerce,433000,9,Bien matériel,1.07,0
CSWA-03638,42,Femme,Semi-urbaine,Marié(e),Aucun,2,Salarié secteur formel,15.7,178000,80000,36,1,88900,Régulière,2,71.7,29.0,1,10,1,Pret en cours ailleurs,1,244000,Fonds de commerce,635000,12,Aucune,0.91,0
CSWA-03639,22,Homme,Rurale,Célibataire,Supérieur,4,Salarié secteur formel,18.6,138000,95000,124,0,23500,Irrégulière,1,70.2,3.0,1,11,1,Bon payeur ailleurs (solde sans incident),0,0,Habitat/Réparation,699000,6,Aucune,1.63,0
CSWA-03640,48,Femme,Urbaine,Marié(e),Secondaire,2,Transport,20.3,110000,40000,176,1,104000,Régulière,2,83.1,0.0,1,6,1,Jamais emprunté ailleurs,0,0,Equipement/Matériel,291000,9,Caution solidaire,0.69,0
CSWA-03641,52,Homme,Rurale,Marié(e),Secondaire,7,Agriculture,7.0,67000,41000,11,0,1000,Aucune épargne,0,,,1,11,0,Non consulté,0,0,Santé,69000,12,Aucune,0.71,0
CSWA-03642,62,Femme,Urbaine,Célibataire,Supérieur,5,Commerce informel,9.2,64000,29000,94,1,53700,Régulière,2,71.0,5.0,1,7,1,Bon payeur ailleurs (solde sans incident),0,0,Habitat/Réparation,323000,9,Caution solidaire,1.08,0
CSWA-03643,62,Femme,Semi-urbaine,Marié(e),Primaire,3,Autre service,6.9,36000,24000,97,1,20700,Irrégulière,0,,,1,11,1,Bon payeur ailleurs (solde sans incident),0,0,Fonds de commerce,185000,12,Bien matériel,1.15,0
CSWA-03644,42,Homme,Urbaine,Marié(e),Secondaire,6,Elevage,5.2,103000,42000,139,0,16700,Aucune épargne,1,81.0,10.0,1,9,1,Jamais emprunté ailleurs,0,0,Fonds de commerce,210000,24,Aucune,0.5,0
CSWA-03645,64,Femme,Semi-urbaine,Marié(e),Aucun,8,Agriculture,7.3,62000,28000,101,1,63300,Irrégulière,0,,,1,8,1,Jamais emprunté ailleurs,0,0,Intrants agricoles,172000,24,Caution solidaire,0.58,0
CSWA-03646,43,Homme,Rurale,Célibataire,Aucun,1,Transport,5.2,40000,31000,38,0,21900,Régulière,2,62.3,26.0,1,10,1,Pret en cours ailleurs,1,153000,Evénement social,117000,12,Aval d'un tiers,1.39,0
CSWA-03647,49,Femme,Rurale,Célibataire,Primaire,4,Restauration/Transformation,5.8,58000,46000,110,0,12100,Aucune épargne,1,73.6,14.0,1,7,1,Bon payeur ailleurs (solde sans incident),0,0,Equipement/Matériel,61000,24,Caution solidaire,0.84,0
CSWA-03648,47,Homme,Rurale,Célibataire,Primaire,1,Commerce informel,5.5,95000,50000,24,1,8100,Régulière,4,92.4,1.0,1,13,1,Incident de paiement signale ailleurs,0,0,Fonds de commerce,269000,12,Caution solidaire,0.79,0
CSWA-03649,65,Femme,Urbaine,Marié(e),Primaire,2,Autre service,5.5,117000,75000,96,0,48700,Irrégulière,0,,,1,13,1,Bon payeur ailleurs (solde sans incident),0,0,Fonds de commerce,184000,6,Caution solidaire,0.93,1
CSWA-03650,53,Homme,Rurale,Marié(e),Secondaire,5,Artisanat,3.8,73000,50000,42,1,31600,Irrégulière,3,79.5,24.0,1,7,1,Bon payeur ailleurs (solde sans incident),0,0,Evénement social,199000,6,Caution solidaire,1.19,0
CSWA-03651,24,Femme,Semi-urbaine,Célibataire,Aucun,2,Commerce informel,8.7,145000,106000,180,0,156600,Régulière,1,62.8,4.0,1,16,1,Bon payeur ailleurs (solde sans incident),0,0,Education,413000,12,Bien matériel,1.0,0
CSWA-03652,22,Femme,Semi-urbaine,Marié(e),Secondaire,0,Commerce informel,7.2,183000,113000,135,0,281700,Aucune épargne,1,84.2,9.0,1,13,1,Pret en cours ailleurs,1,103000,Santé,507000,24,Bien matériel,0.8,0
CSWA-03653,38,Femme,Urbaine,Marié(e),Aucun,4,Artisanat,3.7,69000,44000,135,1,66300,Irrégulière,2,58.7,3.0,0,0,1,Incident de paiement signale ailleurs,0,0,Evénement social,250000,6,Aucune,1.31,1
CSWA-03654,43,Homme,Rurale,Marié(e),Secondaire,1,Artisanat,5.4,138000,102000,1,0,1000,Aucune épargne,3,52.1,6.0,0,0,1,Jamais emprunté ailleurs,0,0,Education,585000,18,Caution solidaire,1.0,0
CSWA-03655,50,Homme,Semi-urbaine,Marié(e),Aucun,4,Commerce informel,2.9,56000,35000,78,1,12600,Régulière,0,,,1,7,1,Jamais emprunté ailleurs,0,0,Fonds de commerce,143000,6,Bien matériel,1.1,0
CSWA-03656,41,Homme,Semi-urbaine,Marié(e),Secondaire,3,Artisanat,6.3,40000,25000,125,0,25100,Aucune épargne,2,95.1,8.0,1,9,1,Jamais emprunté ailleurs,0,0,Intrants agricoles,178000,12,Bien matériel,1.04,0
CSWA-03657,43,Femme,Rurale,Divorcé(e),Primaire,1,Agriculture,9.9,48000,24000,88,1,40700,Irrégulière,6,68.6,3.0,1,8,1,Bon payeur ailleurs (solde sans incident),0,0,Fonds de commerce,227000,18,Caution solidaire,0.79,0
CSWA-03658,62,Femme,Urbaine,Marié(e),Primaire,1,Agriculture,4.6,50000,38000,19,1,9800,Régulière,0,,,0,0,1,Jamais emprunté ailleurs,0,0,Fonds de commerce,117000,12,Aval d'un tiers,0.98,0
CSWA-03659,34,Homme,Semi-urbaine,Marié(e),Aucun,6,Autre service,8.6,64000,37000,95,1,59100,Régulière,1,80.4,14.0,1,15,1,Pret en cours ailleurs,1,114000,Intrants agricoles,106000,12,Aucune,0.89,0
CSWA-03660,42,Femme,Rurale,Marié(e),Aucun,3,Commerce informel,5.6,240000,150000,120,1,35700,Régulière,2,94.3,0.0,0,0,1,Bon payeur ailleurs (solde sans incident),0,0,Habitat/Réparation,707000,3,Aucune,1.72,0
CSWA-03661,45,Homme,Urbaine,Marié(e),Primaire,3,Salarié secteur formel,4.8,97000,65000,131,1,73000,Régulière,0,,,1,10,1,Bon payeur ailleurs (solde sans incident),0,0,Habitat/Réparation,239000,6,Bien matériel,1.13,0
CSWA-03662,41,Homme,Semi-urbaine,Marié(e),Aucun,0,Agriculture,3.6,66000,41000,55,0,35000,Régulière,3,86.4,5.0,1,5,0,Non consulté,0,0,Habitat/Réparation,141000,12,Bien matériel,0.82,0
CSWA-03663,64,Femme,Urbaine,Veuf(ve),Aucun,2,Commerce informel,5.1,88000,50000,105,0,89800,Irrégulière,2,95.4,10.0,0,0,1,Jamais emprunté ailleurs,0,0,Elevage,404000,36,Bien matériel,0.71,0
CSWA-03664,64,Homme,Semi-urbaine,Marié(e),Secondaire,1,Commerce informel,8.8,39000,23000,163,0,56200,Irrégulière,1,89.0,6.0,1,15,1,Bon payeur ailleurs (solde sans incident),0,0,Equipement/Matériel,204000,12,Aucune,1.08,1
CSWA-03665,43,Homme,Urbaine,Célibataire,Aucun,2,Fonctionnaire,6.8,187000,75000,172,1,211700,Régulière,3,94.2,5.0,1,9,1,Jamais emprunté ailleurs,0,0,Equipement/Matériel,549000,18,Caution solidaire,0.58,0
CSWA-03666,40,Femme,Rurale,Marié(e),Aucun,5,Commerce informel,3.2,116000,88000,57,1,3100,Aucune épargne,1,78.8,22.0,1,11,0,Non consulté,0,0,Intrants agricoles,131000,6,Caution solidaire,0.97,0
CSWA-03667,46,Homme,Semi-urbaine,Marié(e),Primaire,5,Commerce informel,7.4,183000,71000,123,0,192100,Régulière,0,,,1,16,1,Pret en cours ailleurs,3,96000,Education,513000,6,Bien matériel,0.96,0
CSWA-03668,27,Femme,Semi-urbaine,Veuf(ve),Primaire,4,Agriculture,6.2,166000,140000,164,0,113500,Irrégulière,0,,,1,14,1,Jamais emprunté ailleurs,0,0,Education,391000,6,Caution solidaire,1.28,0
CSWA-03669,39,Femme,Semi-urbaine,Célibataire,Primaire,4,Restauration/Transformation,2.9,99000,83000,14,1,7600,Aucune épargne,2,67.0,13.0,0,0,1,Pret en cours ailleurs,2,149000,Evénement social,347000,24,Aucune,1.14,0
CSWA-03670,29,Femme,Semi-urbaine,Célibataire,Secondaire,1,Agriculture,2.4,71000,56000,103,1,66500,Régulière,1,75.7,22.0,1,8,1,Bon payeur ailleurs (solde sans incident),0,0,Equipement/Matériel,136000,6,Caution solidaire,1.15,0
CSWA-03671,25,Femme,Urbaine,Veuf(ve),Primaire,3,Commerce informel,2.3,74000,29000,137,0,74500,Régulière,0,,,1,7,1,Jamais emprunté ailleurs,0,0,Fonds de commerce,303000,18,Caution solidaire,0.65,0
CSWA-03672,23,Femme,Semi-urbaine,Veuf(ve),Primaire,4,Elevage,9.1,101000,37000,40,0,27000,Régulière,0,,,1,6,1,Jamais emprunté ailleurs,0,0,Fonds de commerce,538000,6,Caution solidaire,1.36,0
CSWA-03673,46,Homme,Semi-urbaine,Marié(e),Primaire,5,Salarié secteur formel,2.9,166000,109000,54,1,56300,Régulière,3,83.5,3.0,0,0,1,Jamais emprunté ailleurs,0,0,Intrants agricoles,298000,6,Aval d'un tiers,0.99,0
CSWA-03674,19,Femme,Rurale,Marié(e),Aucun,2,Salarié secteur formel,4.8,100000,43000,154,0,177900,Aucune épargne,3,89.0,8.0,1,6,0,Non consulté,0,0,Equipement/Matériel,283000,24,Aucune,0.56,0
CSWA-03675,49,Femme,Rurale,Marié(e),Secondaire,1,Autre service,7.1,48000,39000,31,0,11300,Régulière,3,71.1,7.0,1,8,1,Bon payeur ailleurs (solde sans incident),0,0,Equipement/Matériel,207000,24,Caution solidaire,1.01,0
CSWA-03676,39,Femme,Urbaine,Divorcé(e),Primaire,2,Agriculture,6.9,117000,79000,55,0,60600,Aucune épargne,0,,,1,10,1,Incident de paiement signale ailleurs,0,0,Fonds de commerce,245000,12,Caution solidaire,0.87,1
CSWA-03677,36,Homme,Rurale,Marié(e),Secondaire,1,Commerce informel,6.9,95000,74000,150,1,24400,Irrégulière,0,,,1,10,1,Incident de paiement signale ailleurs,0,0,Evénement social,395000,6,Aval d'un tiers,1.55,1
CSWA-03678,55,Femme,Rurale,Marié(e),Primaire,1,Commerce informel,2.7,53000,45000,110,0,54100,Aucune épargne,2,90.6,8.0,1,12,1,Jamais emprunté ailleurs,0,0,Equipement/Matériel,176000,6,Bien matériel,1.47,1
CSWA-03679,44,Femme,Rurale,Marié(e),Secondaire,3,Salarié secteur formel,7.2,96000,79000,116,0,13000,Régulière,0,,,1,5,1,Jamais emprunté ailleurs,0,0,Evénement social,340000,9,Caution solidaire,1.26,0
CSWA-03680,53,Homme,Rurale,Marié(e),Primaire,1,Restauration/Transformation,4.7,91000,37000,98,0,103900,Irrégulière,3,64.4,0.0,1,9,0,Non consulté,0,0,Equipement/Matériel,220000,12,Aval d'un tiers,0.63,0
CSWA-03681,52,Femme,Rurale,Marié(e),Supérieur,6,Artisanat,5.9,37000,31000,69,0,1200,Régulière,2,85.1,8.0,0,0,1,Bon payeur ailleurs (solde sans incident),0,0,Education,58000,9,Caution solidaire,1.03,0
CSWA-03682,20,Homme,Urbaine,Marié(e),Primaire,3,Elevage,5.7,136000,52000,142,1,217300,Irrégulière,3,73.7,3.0,1,12,1,Jamais emprunté ailleurs,0,0,Equipement/Matériel,475000,12,Aucune,0.71,1
CSWA-03683,29,Homme,Semi-urbaine,Marié(e),Primaire,2,Agriculture,5.2,56000,41000,53,0,24000,Irrégulière,1,87.5,12.0,1,11,1,Jamais emprunté ailleurs,0,0,Intrants agricoles,173000,3,Aval d'un tiers,1.89,0
CSWA-03684,45,Femme,Urbaine,Célibataire,Secondaire,5,Elevage,9.7,65000,47000,47,0,32700,Régulière,3,90.4,2.0,1,4,1,Jamais emprunté ailleurs,0,0,Education,163000,3,Caution solidaire,1.66,0
CSWA-03685,64,Femme,Urbaine,Marié(e),Primaire,2,Agriculture,9.0,73000,33000,82,0,23500,Aucune épargne,3,36.9,2.0,1,12,1,Bon payeur ailleurs (solde sans incident),0,0,Fonds de commerce,367000,12,Caution solidaire,0.92,0
CSWA-03686,26,Homme,Urbaine,Marié(e),Primaire,2,Elevage,22.4,130000,70000,23,0,24000,Irrégulière,1,44.4,7.0,1,6,1,Jamais emprunté ailleurs,0,0,Fonds de commerce,588000,6,Aucune,1.38,0
CSWA-03687,23,Homme,Semi-urbaine,Marié(e),Aucun,1,Commerce informel,12.0,78000,52000,114,0,113100,Régulière,0,,,1,9,1,Bon payeur ailleurs (solde sans incident),0,0,Equipement/Matériel,99000,9,Caution solidaire,0.82,0
CSWA-03688,63,Homme,Semi-urbaine,Marié(e),Aucun,3,Commerce informel,1.9,114000,68000,165,0,64900,Aucune épargne,0,,,0,0,1,Bon payeur ailleurs (solde sans incident),0,0,Habitat/Réparation,495000,6,Caution solidaire,1.41,0
CSWA-03689,64,Femme,Urbaine,Marié(e),Secondaire,4,Commerce informel,5.5,34000,24000,130,0,3100,Aucune épargne,0,,,0,0,1,Bon payeur ailleurs (solde sans incident),0,0,Habitat/Réparation,142000,18,Caution solidaire,0.96,1
CSWA-03690,26,Femme,Urbaine,Marié(e),Aucun,5,Autre service,11.4,44000,18000,57,1,28500,Aucune épargne,2,93.2,1.0,1,8,0,Non consulté,0,0,Elevage,193000,24,Caution solidaire,0.61,0
CSWA-03691,37,Femme,Rurale,Marié(e),Aucun,4,Autre service,5.1,82000,45000,18,0,15700,Irrégulière,0,,,1,5,1,Jamais emprunté ailleurs,0,0,Fonds de commerce,380000,12,Aucune,0.98,0
CSWA-03692,48,Homme,Urbaine,Célibataire,Aucun,3,Restauration/Transformation,4.5,54000,38000,112,0,15300,Irrégulière,1,87.2,0.0,0,0,1,Jamais emprunté ailleurs,0,0,Santé,64000,12,Aval d'un tiers,0.81,0
CSWA-03693,28,Femme,Rurale,Marié(e),Supérieur,4,Salarié secteur formel,2.6,108000,38000,96,0,55500,Régulière,1,94.5,2.0,1,10,1,Jamais emprunté ailleurs,0,0,Equipement/Matériel,593000,12,Aucune,0.86,0
CSWA-03694,34,Femme,Urbaine,Marié(e),Primaire,2,Commerce informel,2.4,122000,82000,157,0,123600,Irrégulière,2,75.1,4.0,1,8,1,Bon payeur ailleurs (solde sans incident),0,0,Fonds de commerce,618000,6,Aucune,1.62,0
CSWA-03695,37,Femme,Rurale,Marié(e),Primaire,5,Commerce informel,8.5,52000,32000,88,0,4100,Irrégulière,2,97.4,3.0,1,12,1,Bon payeur ailleurs (solde sans incident),0,0,Fonds de commerce,97000,12,Caution solidaire,0.79,0
CSWA-03696,49,Homme,Rurale,Marié(e),Supérieur,1,Commerce informel,5.9,54000,44000,15,1,4800,Régulière,2,92.8,2.0,1,8,1,Bon payeur ailleurs (solde sans incident),0,0,Habitat/Réparation,122000,6,Caution solidaire,1.24,0
CSWA-03697,33,Homme,Rurale,Marié(e),Primaire,3,Commerce informel,1.1,86000,71000,163,0,24000,Aucune épargne,1,81.1,9.0,1,6,1,Pret en cours ailleurs,2,263000,Fonds de commerce,196000,24,Bien matériel,1.21,1
CSWA-03698,38,Femme,Rurale,Marié(e),Secondaire,2,Restauration/Transformation,10.0,25000,17000,53,0,19700,Irrégulière,2,79.4,5.0,1,6,1,Jamais emprunté ailleurs,0,0,Equipement/Matériel,98000,6,Aucune,1.41,0
CSWA-03699,32,Femme,Urbaine,Marié(e),Secondaire,2,Commerce informel,10.8,141000,87000,139,1,288700,Irrégulière,0,,,1,10,1,Jamais emprunté ailleurs,0,0,Fonds de commerce,569000,36,Caution solidaire,0.74,1
CSWA-03700,54,Homme,Urbaine,Marié(e),Primaire,5,Fonctionnaire,4.9,151000,93000,16,1,20900,Irrégulière,4,80.2,4.0,1,9,1,Pret en cours ailleurs,3,275000,Habitat/Réparation,173000,9,Aucune,0.92,1
CSWA-03701,26,Femme,Urbaine,Veuf(ve),Secondaire,4,Restauration/Transformation,5.6,85000,49000,174,0,108900,Régulière,0,,,1,8,1,Jamais emprunté ailleurs,0,0,Fonds de commerce,158000,9,Aval d'un tiers,0.81,1
CSWA-03702,29,Homme,Urbaine,Marié(e),Supérieur,7,Commerce informel,12.2,60000,44000,166,1,144400,Irrégulière,0,,,1,7,1,Bon payeur ailleurs (solde sans incident),0,0,Elevage,248000,9,Bien matériel,1.25,0
CSWA-03703,30,Homme,Semi-urbaine,Marié(e),Aucun,5,Transport,4.8,118000,61000,13,0,15500,Irrégulière,0,,,0,0,1,Jamais emprunté ailleurs,0,0,Fonds de commerce,300000,12,Caution solidaire,0.75,0
CSWA-03704,61,Femme,Urbaine,Marié(e),Aucun,6,Salarié secteur formel,1.6,213000,100000,170,1,82300,Aucune épargne,0,,,1,11,0,Non consulté,0,0,Education,603000,12,Aval d'un tiers,0.73,0
CSWA-03705,63,Femme,Urbaine,Marié(e),Secondaire,2,Artisanat,8.6,159000,91000,144,0,78900,Régulière,2,82.2,2.0,1,7,1,Jamais emprunté ailleurs,0,0,Evénement social,526000,9,Caution solidaire,0.98,0
CSWA-03706,42,Homme,Urbaine,Célibataire,Primaire,1,Commerce informel,10.6,32000,17000,163,0,51900,Irrégulière,2,83.4,3.0,1,14,1,Jamais emprunté ailleurs,0,0,Evénement social,30000,18,Caution solidaire,0.59,1
CSWA-03707,26,Femme,Semi-urbaine,Marié(e),Primaire,3,Agriculture,6.1,84000,64000,42,0,50200,Régulière,3,78.2,4.0,1,8,1,Bon payeur ailleurs (solde sans incident),0,0,Equipement/Matériel,237000,6,Caution solidaire,1.29,0
CSWA-03708,54,Femme,Semi-urbaine,Marié(e),Aucun,3,Artisanat,2.9,83000,40000,66,0,28500,Irrégulière,0,,,1,8,1,Jamais emprunté ailleurs,0,0,Intrants agricoles,391000,6,Caution solidaire,1.36,0
CSWA-03709,42,Homme,Semi-urbaine,Veuf(ve),Secondaire,2,Restauration/Transformation,11.4,96000,53000,91,0,17900,Régulière,1,58.2,12.0,1,6,1,Jamais emprunté ailleurs,0,0,Intrants agricoles,385000,24,Aval d'un tiers,0.74,0
CSWA-03710,58,Femme,Rurale,Marié(e),Secondaire,1,Commerce informel,4.3,175000,85000,87,0,174600,Irrégulière,1,32.6,3.0,1,8,1,Bon payeur ailleurs (solde sans incident),0,0,Evénement social,589000,6,Aucune,1.11,0
CSWA-03711,35,Femme,Semi-urbaine,Marié(e),Supérieur,4,Salarié secteur formel,3.3,181000,112000,131,1,79400,Régulière,2,91.2,12.0,1,8,1,Pret en cours ailleurs,1,238000,Habitat/Réparation,332000,3,Aucune,1.42,0
CSWA-03712,65,Femme,Rurale,Marié(e),Primaire,5,Commerce informel,6.1,38000,19000,165,0,10900,Régulière,0,,,0,0,1,Jamais emprunté ailleurs,0,0,Equipement/Matériel,187000,18,Bien matériel,0.81,0
CSWA-03713,56,Femme,Semi-urbaine,Divorcé(e),Supérieur,5,Autre service,4.8,67000,44000,158,0,110600,Régulière,3,84.3,1.0,1,8,1,Jamais emprunté ailleurs,0,0,Habitat/Réparation,133000,3,Bien matériel,1.4,1
CSWA-03714,29,Femme,Semi-urbaine,Marié(e),Primaire,6,Commerce informel,8.2,29000,22000,160,0,38700,Régulière,2,92.2,2.0,1,10,1,Incident de paiement signale ailleurs,0,0,Intrants agricoles,140000,9,Caution solidaire,1.36,0
CSWA-03715,53,Homme,Urbaine,Célibataire,Secondaire,3,Salarié secteur formel,17.0,141000,102000,59,0,56400,Aucune épargne,2,87.7,24.0,1,10,1,Pret en cours ailleurs,1,226000,Elevage,128000,12,Aval d'un tiers,0.95,0
CSWA-03716,32,Homme,Rurale,Marié(e),Secondaire,3,Commerce informel,3.1,135000,68000,3,0,1400,Irrégulière,1,69.0,7.0,1,10,1,Jamais emprunté ailleurs,0,0,Fonds de commerce,375000,12,Bien matériel,0.76,0
CSWA-03717,35,Femme,Urbaine,Célibataire,Primaire,4,Restauration/Transformation,8.9,107000,68000,32,0,1800,Aucune épargne,0,,,1,4,1,Bon payeur ailleurs (solde sans incident),0,0,Fonds de commerce,201000,9,Caution solidaire,0.87,1
CSWA-03718,30,Femme,Urbaine,Marié(e),Primaire,3,Salarié secteur formel,4.7,132000,71000,33,0,28100,Irrégulière,1,68.9,1.0,1,8,0,Non consulté,0,0,Habitat/Réparation,322000,12,Caution solidaire,0.77,0
CSWA-03719,51,Homme,Semi-urbaine,Marié(e),Aucun,2,Agriculture,8.1,163000,110000,141,0,210800,Irrégulière,1,96.4,2.0,1,11,1,Jamais emprunté ailleurs,0,0,Fonds de commerce,305000,12,Aucune,0.85,0
CSWA-03720,31,Homme,Urbaine,Marié(e),Primaire,2,Commerce informel,6.2,58000,46000,74,1,56600,Irrégulière,0,,,1,9,1,Jamais emprunté ailleurs,0,0,Equipement/Matériel,75000,36,Aval d'un tiers,0.83,0
CSWA-03721,49,Femme,Rurale,Marié(e),Secondaire,3,Autre service,4.2,66000,51000,68,0,40800,Régulière,1,69.7,1.0,1,9,1,Jamais emprunté ailleurs,0,0,Fonds de commerce,163000,18,Aucune,0.93,0
CSWA-03722,46,Homme,Semi-urbaine,Marié(e),Aucun,6,Autre service,9.1,98000,78000,136,1,99700,Régulière,5,90.9,16.0,1,6,1,Jamais emprunté ailleurs,0,0,Fonds de commerce,478000,12,Bien matériel,1.25,0
CSWA-03723,54,Homme,Rurale,Célibataire,Secondaire,1,Restauration/Transformation,4.5,61000,34000,13,1,2300,Irrégulière,3,94.3,0.0,0,0,1,Pret en cours ailleurs,1,101000,Fonds de commerce,311000,12,Aucune,1.18,0
CSWA-03724,65,Femme,Urbaine,Célibataire,Primaire,1,Agriculture,3.3,49000,37000,69,0,8900,Régulière,3,90.7,0.0,1,2,1,Pret en cours ailleurs,1,227000,Intrants agricoles,125000,6,Aucune,1.65,0
CSWA-03725,19,Femme,Rurale,Célibataire,Aucun,1,Commerce informel,8.7,60000,32000,73,0,40700,Irrégulière,6,96.4,0.0,1,10,1,Jamais emprunté ailleurs,0,0,Evénement social,233000,3,Caution solidaire,1.98,0
CSWA-03726,65,Femme,Semi-urbaine,Divorcé(e),Secondaire,3,Agriculture,3.3,100000,40000,38,1,21000,Régulière,3,74.3,6.0,0,0,0,Non consulté,0,0,Fonds de commerce,300000,36,Aucune,0.49,0
CSWA-03727,24,Femme,Urbaine,Marié(e),Aucun,2,Restauration/Transformation,8.5,133000,86000,59,0,20500,Régulière,0,,,0,0,1,Incident de paiement signale ailleurs,0,0,Santé,213000,3,Aval d'un tiers,1.24,1
CSWA-03728,43,Homme,Urbaine,Célibataire,Supérieur,0,Commerce informel,5.8,40000,26000,150,1,37100,Irrégulière,1,44.6,14.0,1,16,0,Non consulté,0,0,Santé,77000,9,Bien matériel,0.89,0
CSWA-03729,35,Femme,Rurale,Marié(e),Supérieur,4,Commerce informel,6.0,73000,53000,124,0,100700,Irrégulière,3,85.4,7.0,1,7,1,Jamais emprunté ailleurs,0,0,Habitat/Réparation,361000,36,Aucune,0.88,0
CSWA-03730,49,Homme,Semi-urbaine,Veuf(ve),Primaire,2,Fonctionnaire,3.1,228000,176000,62,0,20900,Régulière,2,81.4,2.0,1,9,1,Pret en cours ailleurs,1,159000,Fonds de commerce,477000,3,Aval d'un tiers,1.62,0
CSWA-03731,52,Homme,Urbaine,Marié(e),Primaire,2,Restauration/Transformation,6.2,38000,30000,158,0,13700,Régulière,2,62.5,6.0,0,0,1,Jamais emprunté ailleurs,0,0,Intrants agricoles,142000,12,Bien matériel,1.14,0
CSWA-03732,59,Femme,Urbaine,Marié(e),Aucun,5,Restauration/Transformation,4.3,103000,72000,21,1,19300,Irrégulière,1,61.8,3.0,1,10,1,Jamais emprunté ailleurs,0,0,Fonds de commerce,210000,12,Aucune,0.89,0
CSWA-03733,37,Femme,Semi-urbaine,Marié(e),Secondaire,2,Fonctionnaire,12.5,87000,58000,159,1,116300,Irrégulière,2,86.7,2.0,1,9,1,Bon payeur ailleurs (solde sans incident),0,0,Habitat/Réparation,443000,12,Aval d'un tiers,1.14,0
CSWA-03734,62,Femme,Urbaine,Célibataire,Aucun,6,Elevage,2.4,48000,17000,115,0,14400,Régulière,1,93.5,2.0,1,12,1,Pret en cours ailleurs,3,117000,Intrants agricoles,221000,3,Caution solidaire,2.29,0
CSWA-03735,34,Homme,Urbaine,Célibataire,Supérieur,4,Agriculture,10.2,62000,25000,38,0,21600,Irrégulière,1,72.2,0.0,1,10,0,Non consulté,0,0,Santé,294000,3,Caution solidaire,2.17,0
CSWA-03736,28,Femme,Rurale,Célibataire,Supérieur,5,Fonctionnaire,10.7,171000,72000,156,1,256300,Irrégulière,1,62.1,4.0,1,11,1,Pret en cours ailleurs,2,122000,Santé,730000,12,Caution solidaire,0.88,0
CSWA-03737,36,Femme,Urbaine,Marié(e),Aucun,2,Autre service,7.3,138000,66000,26,0,5600,Irrégulière,2,60.8,0.0,1,9,1,Pret en cours ailleurs,1,666000,Equipement/Matériel,573000,3,Aval d'un tiers,2.46,1
CSWA-03738,43,Femme,Urbaine,Marié(e),Secondaire,2,Commerce informel,12.1,97000,77000,104,0,110700,Régulière,0,,,1,5,0,Non consulté,0,0,Equipement/Matériel,128000,12,Aucune,0.92,1
CSWA-03739,50,Femme,Rurale,Veuf(ve),Primaire,3,Agriculture,4.9,231000,165000,107,1,49000,Aucune épargne,0,,,1,7,1,Jamais emprunté ailleurs,0,0,Intrants agricoles,357000,6,Caution solidaire,1.0,0
CSWA-03740,58,Homme,Rurale,Célibataire,Primaire,6,Agriculture,5.3,149000,99000,180,1,307300,Irrégulière,0,,,1,10,1,Incident de paiement signale ailleurs,0,0,Habitat/Réparation,167000,6,Caution solidaire,0.87,0
CSWA-03741,29,Femme,Rurale,Marié(e),Aucun,3,Commerce informel,7.6,109000,45000,40,1,16900,Régulière,0,,,1,9,1,Jamais emprunté ailleurs,0,0,Evénement social,565000,9,Aval d'un tiers,1.06,1
CSWA-03742,33,Femme,Rurale,Marié(e),Secondaire,3,Commerce informel,5.0,55000,37000,158,0,31600,Aucune épargne,1,68.3,9.0,1,8,1,Jamais emprunté ailleurs,0,0,Habitat/Réparation,128000,6,Aval d'un tiers,1.11,1
CSWA-03743,63,Femme,Rurale,Célibataire,Aucun,4,Commerce informel,1.3,151000,108000,26,0,39900,Irrégulière,0,,,1,10,1,Jamais emprunté ailleurs,0,0,Elevage,684000,3,Bien matériel,2.41,1
CSWA-03744,39,Femme,Rurale,Célibataire,Secondaire,3,Restauration/Transformation,2.4,53000,27000,45,1,24000,Régulière,1,52.9,5.0,1,4,1,Jamais emprunté ailleurs,0,0,Fonds de commerce,288000,18,Caution solidaire,0.85,0
CSWA-03745,30,Femme,Semi-urbaine,Marié(e),Primaire,3,Commerce informel,2.6,122000,58000,7,0,4700,Aucune épargne,1,80.7,5.0,1,5,1,Bon payeur ailleurs (solde sans incident),0,0,Santé,231000,6,Caution solidaire,0.83,0
CSWA-03746,65,Homme,Semi-urbaine,Veuf(ve),Secondaire,1,Salarié secteur formel,8.8,113000,78000,60,1,98300,Irrégulière,1,68.1,12.0,0,0,1,Jamais emprunté ailleurs,0,0,Habitat/Réparation,393000,18,Aucune,0.91,0
CSWA-03747,40,Homme,Rurale,Célibataire,Supérieur,7,Artisanat,5.6,62000,25000,131,0,49000,Régulière,0,,,0,0,1,Jamais emprunté ailleurs,0,0,Habitat/Réparation,77000,18,Caution solidaire,0.48,0
CSWA-03748,65,Femme,Semi-urbaine,Marié(e),Secondaire,5,Agriculture,8.4,37000,24000,36,1,8400,Irrégulière,1,91.1,3.0,0,0,1,Pret en cours ailleurs,2,96000,Fonds de commerce,81000,12,Bien matériel,1.09,0
CSWA-03749,62,Femme,Semi-urbaine,Marié(e),Primaire,3,Transport,9.1,69000,58000,14,1,3200,Régulière,3,86.1,2.0,1,13,1,Jamais emprunté ailleurs,0,0,Intrants agricoles,180000,36,Bien matériel,0.92,0
CSWA-03750,61,Femme,Urbaine,Marié(e),Primaire,5,Restauration/Transformation,4.9,35000,13000,101,0,4200,Régulière,2,97.5,6.0,0,0,1,Jamais emprunté ailleurs,0,0,Fonds de commerce,112000,6,Bien matériel,0.97,0
CSWA-03751,46,Homme,Semi-urbaine,Célibataire,Primaire,2,Restauration/Transformation,6.7,82000,36000,1,1,9100,Irrégulière,4,49.5,1.0,0,0,0,Non consulté,0,0,Fonds de commerce,185000,12,Caution solidaire,0.65,0
CSWA-03752,56,Homme,Semi-urbaine,Marié(e),Primaire,6,Salarié secteur formel,2.4,104000,64000,118,1,64300,Régulière,1,62.5,0.0,1,4,1,Jamais emprunté ailleurs,0,0,Fonds de commerce,336000,3,Bien matériel,1.82,0
CSWA-03753,64,Femme,Urbaine,Veuf(ve),Supérieur,4,Transport,3.8,57000,22000,136,0,58300,Régulière,1,90.2,14.0,0,0,1,Jamais emprunté ailleurs,0,0,Fonds de commerce,111000,3,Caution solidaire,1.11,0
CSWA-03754,31,Femme,Urbaine,Marié(e),Aucun,1,Transport,4.8,68000,48000,135,1,108600,Régulière,2,91.5,4.0,0,0,1,Bon payeur ailleurs (solde sans incident),0,0,Evénement social,251000,24,Bien matériel,0.88,0
CSWA-03755,20,Homme,Rurale,Marié(e),Primaire,3,Restauration/Transformation,5.7,91000,36000,17,0,2900,Régulière,2,80.8,27.0,0,0,1,Jamais emprunté ailleurs,0,0,Intrants agricoles,488000,18,Bien matériel,0.73,0
CSWA-03756,34,Femme,Rurale,Veuf(ve),Secondaire,5,Agriculture,2.1,79000,35000,96,1,71300,Irrégulière,2,93.1,2.0,1,11,1,Incident de paiement signale ailleurs,0,0,Elevage,241000,12,Caution solidaire,0.73,0
CSWA-03757,48,Homme,Rurale,Veuf(ve),Primaire,4,Restauration/Transformation,4.8,170000,106000,58,1,55800,Régulière,3,50.7,4.0,1,10,1,Incident de paiement signale ailleurs,0,0,Habitat/Réparation,563000,9,Caution solidaire,1.04,1
CSWA-03758,44,Femme,Rurale,Marié(e),Secondaire,4,Artisanat,3.3,55000,42000,23,0,15900,Régulière,0,,,1,11,1,Pret en cours ailleurs,1,217000,Elevage,181000,6,Caution solidaire,1.73,1
CSWA-03759,22,Homme,Urbaine,Marié(e),Aucun,1,Autre service,16.1,109000,58000,30,1,19800,Régulière,1,53.1,2.0,1,8,1,Bon payeur ailleurs (solde sans incident),0,0,Habitat/Réparation,235000,24,Caution solidaire,0.63,0
CSWA-03760,45,Homme,Urbaine,Marié(e),Aucun,2,Elevage,5.9,93000,35000,46,0,61300,Irrégulière,3,90.7,5.0,0,0,1,Jamais emprunté ailleurs,0,0,Fonds de commerce,347000,6,Caution solidaire,1.07,0
CSWA-03761,27,Homme,Semi-urbaine,Marié(e),Secondaire,1,Commerce informel,8.4,34000,18000,136,0,26900,Régulière,2,82.7,9.0,1,10,0,Non consulté,0,0,Fonds de commerce,59000,6,Caution solidaire,0.85,1
CSWA-03762,42,Femme,Urbaine,Marié(e),Primaire,2,Agriculture,8.4,85000,33000,85,0,5700,Irrégulière,1,73.5,1.0,1,9,0,Non consulté,0,0,Habitat/Réparation,298000,3,Caution solidaire,1.7,0
CSWA-03763,46,Femme,Rurale,Marié(e),Supérieur,9,Agriculture,6.1,77000,34000,16,1,10300,Régulière,0,,,0,0,1,Jamais emprunté ailleurs,0,0,Intrants agricoles,395000,3,Caution solidaire,2.36,0
CSWA-03764,48,Femme,Urbaine,Marié(e),Primaire,5,Elevage,7.1,62000,36000,49,0,6800,Irrégulière,0,,,1,9,1,Pret en cours ailleurs,1,143000,Evénement social,133000,18,Aucune,0.92,0
CSWA-03765,38,Femme,Rurale,Célibataire,Aucun,3,Artisanat,6.7,214000,169000,32,1,16300,Aucune épargne,0,,,1,5,1,Jamais emprunté ailleurs,0,0,Equipement/Matériel,403000,18,Aucune,0.91,0
CSWA-03766,38,Homme,Rurale,Célibataire,Primaire,1,Fonctionnaire,6.7,112000,89000,10,0,8300,Irrégulière,1,68.5,3.0,1,7,1,Jamais emprunté ailleurs,0,0,Fonds de commerce,563000,3,Caution solidaire,2.67,0
CSWA-03767,50,Homme,Urbaine,Célibataire,Primaire,1,Commerce informel,11.5,53000,37000,158,0,38100,Irrégulière,1,88.2,2.0,1,7,1,Pret en cours ailleurs,2,296000,Equipement/Matériel,49000,9,Aucune,1.32,1
CSWA-03768,54,Femme,Rurale,Marié(e),Primaire,0,Autre service,5.8,115000,89000,161,1,153700,Régulière,3,88.5,7.0,1,7,1,Pret en cours ailleurs,2,245000,Evénement social,390000,6,Aval d'un tiers,1.6,1
CSWA-03769,56,Homme,Rurale,Marié(e),Aucun,3,Transport,3.2,122000,75000,11,0,13400,Régulière,1,65.0,4.0,0,0,1,Bon payeur ailleurs (solde sans incident),0,0,Equipement/Matériel,242000,6,Aval d'un tiers,0.99,0
CSWA-03770,34,Femme,Urbaine,Marié(e),Primaire,5,Commerce informel,8.5,88000,73000,94,0,112000,Régulière,1,87.6,10.0,0,0,1,Jamais emprunté ailleurs,0,0,Intrants agricoles,484000,6,Aucune,1.86,1
CSWA-03771,38,Femme,Urbaine,Divorcé(e),Supérieur,3,Commerce informel,2.8,44000,34000,155,1,31000,Irrégulière,2,97.6,8.0,1,5,1,Jamais emprunté ailleurs,0,0,Fonds de commerce,165000,18,Aval d'un tiers,1.01,0
CSWA-03772,34,Femme,Rurale,Marié(e),Primaire,2,Fonctionnaire,5.2,20000,14000,108,0,16900,Irrégulière,5,88.3,16.0,1,14,1,Jamais emprunté ailleurs,0,0,Intrants agricoles,109000,3,Bien matériel,2.74,0
CSWA-03773,43,Homme,Rurale,Marié(e),Secondaire,2,Transport,4.2,108000,50000,62,0,77000,Régulière,0,,,1,16,1,Bon payeur ailleurs (solde sans incident),0,0,Intrants agricoles,155000,9,Aval d'un tiers,0.64,0
CSWA-03774,24,Femme,Rurale,Marié(e),Aucun,2,Commerce informel,4.9,107000,78000,19,0,18100,Irrégulière,5,86.4,2.0,1,8,1,Jamais emprunté ailleurs,0,0,Elevage,479000,6,Caution solidaire,1.56,0
CSWA-03775,39,Homme,Semi-urbaine,Veuf(ve),Secondaire,0,Artisanat,7.4,69000,54000,17,1,6600,Irrégulière,0,,,1,4,1,Bon payeur ailleurs (solde sans incident),0,0,Evénement social,196000,9,Caution solidaire,1.14,0
CSWA-03776,27,Homme,Urbaine,Marié(e),Aucun,3,Commerce informel,7.1,167000,98000,164,0,43700,Aucune épargne,1,96.6,1.0,1,8,1,Jamais emprunté ailleurs,0,0,Fonds de commerce,229000,12,Bien matériel,0.71,0
CSWA-03777,44,Femme,Urbaine,Marié(e),Primaire,3,Artisanat,5.0,184000,98000,116,1,66600,Aucune épargne,1,25.9,18.0,1,12,1,Jamais emprunté ailleurs,0,0,Fonds de commerce,495000,6,Caution solidaire,1.03,1
CSWA-03778,58,Femme,Rurale,Célibataire,Primaire,2,Commerce informel,3.9,183000,97000,156,1,24900,Régulière,0,,,1,8,1,Pret en cours ailleurs,1,170000,Fonds de commerce,576000,18,Aucune,0.81,0
CSWA-03779,65,Femme,Rurale,Marié(e),Aucun,3,Agriculture,9.4,183000,133000,176,1,301100,Aucune épargne,1,88.7,1.0,1,11,1,Pret en cours ailleurs,2,152000,Intrants agricoles,475000,12,Caution solidaire,1.04,0
CSWA-03780,39,Homme,Semi-urbaine,Marié(e),Primaire,2,Agriculture,7.7,80000,66000,71,0,44000,Régulière,3,83.4,9.0,0,0,1,Jamais emprunté ailleurs,0,0,Fonds de commerce,267000,12,Caution solidaire,1.14,0
CSWA-03781,21,Femme,Urbaine,Marié(e),Aucun,6,Elevage,2.1,39000,21000,127,1,23400,Irrégulière,0,,,1,10,1,Bon payeur ailleurs (solde sans incident),0,0,Santé,83000,18,Aval d'un tiers,0.67,1
CSWA-03782,29,Femme,Rurale,Divorcé(e),Secondaire,1,Commerce informel,2.3,68000,27000,36,0,34900,Irrégulière,0,,,1,12,0,Non consulté,0,0,Equipement/Matériel,116000,6,Bien matériel,0.72,0
CSWA-03783,23,Femme,Rurale,Célibataire,Aucun,0,Restauration/Transformation,4.1,76000,28000,122,1,71200,Régulière,2,89.7,3.0,1,6,1,Jamais emprunté ailleurs,0,0,Fonds de commerce,142000,3,Aucune,1.07,0
CSWA-03784,54,Femme,Urbaine,Marié(e),Supérieur,5,Transport,1.5,57000,44000,143,1,121000,Irrégulière,1,86.4,11.0,0,0,0,Non consulté,0,0,Habitat/Réparation,237000,12,Aval d'un tiers,1.16,0
CSWA-03785,65,Homme,Rurale,Célibataire,Primaire,3,Artisanat,2.5,66000,33000,97,0,36700,Irrégulière,2,94.8,6.0,1,10,1,Pret en cours ailleurs,3,460000,Fonds de commerce,167000,3,Aval d'un tiers,2.07,0
CSWA-03786,45,Femme,Rurale,Célibataire,Aucun,0,Fonctionnaire,6.3,116000,88000,104,0,114100,Irrégulière,1,94.4,3.0,1,8,0,Non consulté,0,0,Equipement/Matériel,314000,6,Bien matériel,1.26,0
CSWA-03787,27,Femme,Urbaine,Marié(e),Primaire,2,Transport,7.1,120000,49000,82,1,48000,Irrégulière,4,81.6,6.0,1,8,0,Non consulté,0,0,Equipement/Matériel,292000,9,Aucune,0.71,0
CSWA-03788,19,Femme,Urbaine,Marié(e),Aucun,5,Commerce informel,5.1,198000,73000,150,0,416000,Régulière,1,71.6,1.0,1,15,1,Jamais emprunté ailleurs,0,0,Habitat/Réparation,242000,12,Aucune,0.48,0
CSWA-03789,64,Femme,Urbaine,Marié(e),Secondaire,5,Commerce informel,5.1,300000,151000,92,1,113100,Régulière,1,89.6,0.0,1,8,1,Pret en cours ailleurs,1,69000,Fonds de commerce,1589000,6,Caution solidaire,1.51,0
CSWA-03790,33,Femme,Semi-urbaine,Célibataire,Aucun,3,Restauration/Transformation,4.2,93000,47000,87,0,26000,Régulière,1,98.9,24.0,1,9,1,Incident de paiement signale ailleurs,0,0,Evénement social,213000,3,Aucune,1.36,1
CSWA-03791,24,Femme,Urbaine,Marié(e),Secondaire,4,Restauration/Transformation,3.6,74000,63000,69,0,49400,Régulière,2,92.6,5.0,1,17,1,Bon payeur ailleurs (solde sans incident),0,0,Fonds de commerce,316000,12,Aucune,1.25,0
CSWA-03792,27,Femme,Urbaine,Veuf(ve),Aucun,3,Autre service,8.2,79000,37000,161,0,65000,Irrégulière,2,81.7,4.0,1,8,1,Jamais emprunté ailleurs,0,0,Education,219000,24,Aval d'un tiers,0.6,0
CSWA-03793,30,Homme,Urbaine,Marié(e),Aucun,3,Commerce informel,8.6,171000,123000,17,0,38100,Régulière,2,79.5,7.0,1,3,1,Bon payeur ailleurs (solde sans incident),0,0,Intrants agricoles,846000,12,Aucune,1.18,0
CSWA-03794,49,Homme,Urbaine,Célibataire,Aucun,1,Commerce informel,5.0,169000,137000,129,1,46100,Régulière,0,,,1,9,1,Jamais emprunté ailleurs,0,0,Elevage,498000,3,Caution solidaire,1.91,0
CSWA-03795,60,Femme,Urbaine,Marié(e),Secondaire,5,Salarié secteur formel,2.5,62000,46000,77,1,5900,Régulière,1,94.9,9.0,0,0,1,Bon payeur ailleurs (solde sans incident),0,0,Elevage,312000,9,Caution solidaire,1.37,0
CSWA-03796,31,Femme,Rurale,Célibataire,Primaire,5,Salarié secteur formel,3.6,89000,75000,64,0,4200,Aucune épargne,2,79.8,4.0,1,7,1,Jamais emprunté ailleurs,0,0,Intrants agricoles,258000,3,Caution solidaire,1.92,0
CSWA-03797,51,Femme,Urbaine,Marié(e),Supérieur,2,Elevage,5.3,88000,38000,79,0,33200,Aucune épargne,0,,,0,0,1,Pret en cours ailleurs,2,92000,Habitat/Réparation,175000,3,Aval d'un tiers,1.27,1
CSWA-03798,22,Femme,Urbaine,Marié(e),Primaire,4,Elevage,5.0,54000,37000,136,1,89300,Régulière,3,85.9,10.0,1,11,1,Jamais emprunté ailleurs,0,0,Intrants agricoles,82000,9,Bien matériel,0.87,0
CSWA-03799,19,Femme,Urbaine,Marié(e),Aucun,4,Salarié secteur formel,7.8,135000,82000,64,0,119700,Régulière,0,,,0,0,1,Bon payeur ailleurs (solde sans incident),0,0,Elevage,414000,12,Caution solidaire,0.89,0
CSWA-03800,21,Homme,Rurale,Marié(e),Secondaire,3,Agriculture,3.5,206000,162000,58,0,162300,Régulière,1,95.8,5.0,1,9,1,Bon payeur ailleurs (solde sans incident),0,0,Education,697000,18,Aval d'un tiers,1.0,0
CSWA-03801,62,Homme,Urbaine,Marié(e),Primaire,1,Transport,7.3,120000,87000,179,0,300600,Aucune épargne,2,63.8,7.0,1,12,1,Pret en cours ailleurs,1,437000,Elevage,541000,36,Caution solidaire,1.19,1
CSWA-03802,46,Femme,Rurale,Célibataire,Secondaire,4,Fonctionnaire,5.4,161000,119000,78,1,59200,Irrégulière,1,67.9,2.0,0,0,1,Bon payeur ailleurs (solde sans incident),0,0,Habitat/Réparation,637000,12,Aval d'un tiers,1.11,0
CSWA-03803,56,Femme,Rurale,Marié(e),Primaire,3,Commerce informel,15.7,135000,73000,145,1,165100,Régulière,0,,,1,5,1,Incident de paiement signale ailleurs,0,0,Evénement social,379000,18,Aval d'un tiers,0.72,0
CSWA-03804,20,Femme,Rurale,Marié(e),Secondaire,4,Commerce informel,5.3,120000,83000,72,1,47300,Régulière,1,45.0,1.0,0,0,1,Pret en cours ailleurs,1,95000,Equipement/Matériel,646000,9,Bien matériel,1.43,0
CSWA-03805,20,Femme,Urbaine,Marié(e),Aucun,6,Fonctionnaire,3.8,97000,77000,176,0,182400,Aucune épargne,2,80.1,11.0,1,4,1,Jamais emprunté ailleurs,0,0,Elevage,453000,9,Bien matériel,1.38,0
CSWA-03806,58,Femme,Semi-urbaine,Marié(e),Supérieur,3,Agriculture,11.2,54000,24000,76,0,56100,Régulière,4,68.0,4.0,1,6,1,Jamais emprunté ailleurs,0,0,Fonds de commerce,251000,24,Bien matériel,0.66,0
CSWA-03807,23,Femme,Rurale,Marié(e),Aucun,3,Commerce informel,5.0,44000,16000,66,0,8000,Aucune épargne,0,,,1,13,1,Bon payeur ailleurs (solde sans incident),0,0,Habitat/Réparation,36000,12,Aucune,0.44,0
CSWA-03808,26,Femme,Urbaine,Marié(e),Secondaire,5,Elevage,7.1,33000,17000,131,1,32000,Irrégulière,0,,,0,0,1,Jamais emprunté ailleurs,0,0,Santé,57000,36,Bien matériel,0.57,0
CSWA-03809,43,Homme,Rurale,Marié(e),Aucun,4,Artisanat,1.7,56000,44000,147,0,56900,Irrégulière,1,97.4,5.0,0,0,1,Jamais emprunté ailleurs,0,0,Fonds de commerce,153000,12,Caution solidaire,1.04,0
CSWA-03810,47,Femme,Semi-urbaine,Divorcé(e),Secondaire,2,Commerce informel,9.8,73000,43000,45,0,44800,Aucune épargne,1,64.4,7.0,1,9,1,Bon payeur ailleurs (solde sans incident),0,0,Fonds de commerce,326000,9,Caution solidaire,1.15,1
CSWA-03811,29,Femme,Urbaine,Marié(e),Secondaire,2,Restauration/Transformation,3.6,162000,78000,169,1,364800,Irrégulière,2,88.4,5.0,1,9,1,Incident de paiement signale ailleurs,0,0,Fonds de commerce,869000,6,Caution solidaire,1.48,0
CSWA-03812,39,Homme,Rurale,Célibataire,Secondaire,0,Commerce informel,2.7,127000,102000,59,1,97100,Irrégulière,1,87.9,2.0,1,7,1,Jamais emprunté ailleurs,0,0,Fonds de commerce,672000,3,Aval d'un tiers,2.78,0
CSWA-03813,50,Femme,Rurale,Célibataire,Primaire,3,Commerce informel,8.8,90000,33000,162,0,164400,Régulière,2,94.6,7.0,1,9,1,Jamais emprunté ailleurs,0,0,Santé,305000,6,Caution solidaire,1.0,0
CSWA-03814,39,Femme,Urbaine,Célibataire,Primaire,5,Commerce informel,3.4,29000,22000,93,0,37200,Aucune épargne,2,87.4,13.0,0,0,1,Bon payeur ailleurs (solde sans incident),0,0,Equipement/Matériel,36000,3,Aucune,1.22,0
CSWA-03815,36,Femme,Semi-urbaine,Marié(e),Secondaire,1,Elevage,3.1,95000,71000,104,0,147800,Aucune épargne,3,68.3,7.0,1,10,0,Non consulté,0,0,Fonds de commerce,418000,3,Aucune,2.39,1
CSWA-03816,22,Femme,Urbaine,Divorcé(e),Primaire,4,Salarié secteur formel,2.5,194000,118000,50,0,21800,Aucune épargne,0,,,1,9,1,Incident de paiement signale ailleurs,0,0,Fonds de commerce,895000,9,Aucune,1.18,1
CSWA-03817,40,Homme,Urbaine,Marié(e),Secondaire,1,Elevage,4.2,131000,63000,30,0,53900,Régulière,3,89.2,8.0,0,0,1,Jamais emprunté ailleurs,0,0,Intrants agricoles,246000,18,Caution solidaire,0.6,0
CSWA-03818,56,Homme,Urbaine,Célibataire,Aucun,1,Salarié secteur formel,3.4,156000,88000,24,0,31600,Aucune épargne,2,96.6,3.0,1,9,1,Jamais emprunté ailleurs,0,0,Intrants agricoles,337000,9,Caution solidaire,0.83,0
CSWA-03819,48,Homme,Rurale,Marié(e),Primaire,3,Commerce informel,8.2,83000,44000,21,1,7500,Régulière,3,65.2,3.0,1,11,1,Pret en cours ailleurs,1,123000,Equipement/Matériel,423000,9,Caution solidaire,1.3,0
CSWA-03820,60,Homme,Semi-urbaine,Célibataire,Primaire,1,Agriculture,3.6,127000,53000,127,0,140000,Régulière,3,68.5,1.0,1,6,0,Non consulté,0,0,Fonds de commerce,644000,6,Aval d'un tiers,1.36,0
CSWA-03821,24,Femme,Semi-urbaine,Divorcé(e),Secondaire,4,Agriculture,4.0,141000,91000,111,1,119100,Irrégulière,1,93.6,1.0,1,7,1,Bon payeur ailleurs (solde sans incident),0,0,Equipement/Matériel,609000,9,Caution solidaire,1.18,0
CSWA-03822,19,Femme,Semi-urbaine,Veuf(ve),Aucun,0,Transport,3.8,86000,39000,108,1,76800,Irrégulière,1,84.7,0.0,1,9,1,Pret en cours ailleurs,2,138000,Habitat/Réparation,348000,12,Aucune,0.98,1
CSWA-03823,44,Femme,Rurale,Marié(e),Primaire,2,Artisanat,7.4,75000,64000,167,0,72600,Régulière,1,84.3,2.0,1,10,1,Jamais emprunté ailleurs,0,0,Fonds de commerce,401000,3,Bien matériel,2.85,0
CSWA-03824,27,Homme,Rurale,Célibataire,Secondaire,4,Transport,8.6,39000,25000,171,1,65400,Régulière,2,73.6,25.0,1,12,1,Incident de paiement signale ailleurs,0,0,Intrants agricoles,137000,9,Caution solidaire,1.08,0
CSWA-03825,46,Homme,Rurale,Marié(e),Primaire,4,Agriculture,5.4,66000,27000,88,1,59600,Irrégulière,0,,,1,9,1,Bon payeur ailleurs (solde sans incident),0,0,Habitat/Réparation,118000,12,Caution solidaire,0.58,0
CSWA-03826,61,Homme,Urbaine,Célibataire,Secondaire,3,Fonctionnaire,5.2,122000,80000,134,1,20300,Aucune épargne,0,,,1,10,1,Pret en cours ailleurs,1,147000,Habitat/Réparation,431000,12,Bien matériel,1.09,0
CSWA-03827,34,Femme,Semi-urbaine,Marié(e),Aucun,1,Transport,5.8,46000,25000,15,1,8000,Régulière,1,81.4,3.0,1,7,1,Bon payeur ailleurs (solde sans incident),0,0,Habitat/Réparation,229000,36,Aval d'un tiers,0.7,0
CSWA-03828,44,Homme,Rurale,Célibataire,Primaire,5,Fonctionnaire,6.1,179000,79000,103,1,153500,Irrégulière,0,,,1,5,1,Pret en cours ailleurs,1,58000,Santé,976000,6,Caution solidaire,1.49,0
CSWA-03829,51,Femme,Rurale,Marié(e),Primaire,4,Commerce informel,7.8,27000,13000,78,1,27700,Aucune épargne,2,83.0,8.0,1,11,1,Pret en cours ailleurs,1,402000,Intrants agricoles,129000,9,Caution solidaire,2.42,0
CSWA-03830,26,Femme,Rurale,Marié(e),Primaire,3,Commerce informel,7.5,139000,66000,48,0,65900,Aucune épargne,0,,,1,11,1,Jamais emprunté ailleurs,0,0,Fonds de commerce,634000,6,Bien matériel,1.33,0
CSWA-03831,61,Femme,Semi-urbaine,Marié(e),Secondaire,2,Artisanat,0.4,91000,58000,69,1,93600,Régulière,1,90.4,3.0,1,10,1,Jamais emprunté ailleurs,0,0,Intrants agricoles,381000,3,Aucune,2.2,1
CSWA-03832,28,Homme,Urbaine,Marié(e),Aucun,1,Elevage,3.0,153000,75000,36,1,61800,Irrégulière,2,69.8,8.0,1,8,0,Non consulté,0,0,Intrants agricoles,273000,9,Aucune,0.71,0
CSWA-03833,56,Homme,Rurale,Marié(e),Primaire,5,Transport,1.3,126000,47000,93,1,80000,Irrégulière,1,58.7,1.0,1,10,0,Non consulté,0,0,Fonds de commerce,403000,12,Bien matériel,0.67,0
CSWA-03834,50,Femme,Rurale,Célibataire,Aucun,3,Commerce informel,6.3,106000,80000,95,0,38600,Irrégulière,1,42.2,4.0,1,7,1,Jamais emprunté ailleurs,0,0,Intrants agricoles,537000,6,Aucune,1.7,1
CSWA-03835,25,Femme,Semi-urbaine,Célibataire,Secondaire,2,Artisanat,2.4,125000,62000,22,1,26500,Irrégulière,2,80.6,0.0,1,4,1,Incident de paiement signale ailleurs,0,0,Fonds de commerce,636000,12,Aucune,0.97,0
CSWA-03836,53,Homme,Urbaine,Célibataire,Secondaire,2,Commerce informel,7.0,88000,44000,83,1,55700,Aucune épargne,1,68.6,2.0,1,8,1,Pret en cours ailleurs,2,87000,Intrants agricoles,468000,9,Caution solidaire,1.25,1
CSWA-03837,28,Femme,Urbaine,Célibataire,Aucun,4,Elevage,6.1,166000,94000,58,0,64200,Irrégulière,2,82.3,21.0,1,7,1,Jamais emprunté ailleurs,0,0,Fonds de commerce,357000,12,Caution solidaire,0.77,0
CSWA-03838,47,Femme,Rurale,Marié(e),Primaire,1,Commerce informel,5.2,61000,46000,73,0,55600,Irrégulière,0,,,1,9,0,Non consulté,0,0,Evénement social,296000,36,Bien matériel,0.9,0
CSWA-03839,64,Femme,Semi-urbaine,Marié(e),Primaire,1,Fonctionnaire,4.7,81000,53000,162,1,180900,Aucune épargne,0,,,1,13,1,Jamais emprunté ailleurs,0,0,Elevage,81000,18,Bien matériel,0.72,0
CSWA-03840,63,Homme,Semi-urbaine,Marié(e),Secondaire,4,Commerce informel,8.5,69000,27000,80,1,38800,Aucune épargne,1,95.1,7.0,1,8,1,Pret en cours ailleurs,2,229000,Fonds de commerce,265000,6,Caution solidaire,1.41,0
CSWA-03841,59,Homme,Rurale,Marié(e),Aucun,1,Artisanat,7.3,245000,142000,118,1,22800,Régulière,2,87.4,1.0,1,5,0,Non consulté,0,0,Fonds de commerce,623000,6,Aucune,1.05,0
CSWA-03842,42,Homme,Urbaine,Marié(e),Primaire,0,Commerce informel,2.8,57000,42000,39,0,29400,Irrégulière,1,87.7,1.0,1,15,1,Bon payeur ailleurs (solde sans incident),0,0,Elevage,301000,3,Caution solidaire,2.71,0
CSWA-03843,45,Homme,Urbaine,Célibataire,Secondaire,2,Commerce informel,6.2,164000,61000,174,0,27700,Aucune épargne,0,,,1,7,1,Bon payeur ailleurs (solde sans incident),0,0,Equipement/Matériel,303000,18,Bien matériel,0.49,0
CSWA-03844,33,Femme,Rurale,Marié(e),Primaire,2,Elevage,5.7,38000,14000,76,0,20000,Aucune épargne,2,93.0,2.0,0,0,1,Bon payeur ailleurs (solde sans incident),0,0,Intrants agricoles,92000,18,Caution solidaire,0.52,0
CSWA-03845,62,Femme,Urbaine,Célibataire,Secondaire,4,Commerce informel,10.0,85000,60000,57,1,25200,Aucune épargne,2,88.6,6.0,1,10,1,Bon payeur ailleurs (solde sans incident),0,0,Education,96000,6,Aucune,0.92,0
CSWA-03846,41,Femme,Rurale,Marié(e),Primaire,0,Artisanat,10.8,73000,44000,8,0,3700,Irrégulière,1,61.3,0.0,1,8,0,Non consulté,0,0,Fonds de commerce,81000,12,Bien matériel,0.71,1
CSWA-03847,55,Femme,Semi-urbaine,Célibataire,Supérieur,4,Commerce informel,5.5,46000,20000,153,0,68400,Régulière,1,70.1,1.0,1,5,1,Incident de paiement signale ailleurs,0,0,Elevage,91000,6,Aucune,0.8,1
CSWA-03848,35,Homme,Rurale,Marié(e),Aucun,2,Restauration/Transformation,15.1,56000,38000,101,1,72900,Régulière,3,44.3,6.0,1,7,1,Bon payeur ailleurs (solde sans incident),0,0,Habitat/Réparation,244000,18,Aucune,0.95,0
CSWA-03849,53,Homme,Urbaine,Veuf(ve),Aucun,1,Salarié secteur formel,3.4,80000,31000,26,1,22700,Régulière,1,57.7,3.0,1,10,1,Bon payeur ailleurs (solde sans incident),0,0,Evénement social,108000,9,Bien matériel,0.56,0
CSWA-03850,29,Femme,Urbaine,Marié(e),Primaire,4,Restauration/Transformation,2.0,67000,38000,101,0,45500,Irrégulière,0,,,1,10,0,Non consulté,0,0,Fonds de commerce,222000,18,Aucune,0.77,0
CSWA-03851,53,Femme,Urbaine,Marié(e),Primaire,4,Commerce informel,11.4,48000,36000,49,1,27400,Aucune épargne,1,88.0,0.0,1,13,1,Jamais emprunté ailleurs,0,0,Equipement/Matériel,214000,36,Aucune,0.89,0
CSWA-03852,21,Femme,Rurale,Marié(e),Secondaire,5,Elevage,3.1,132000,58000,121,1,156700,Régulière,0,,,1,6,1,Incident de paiement signale ailleurs,0,0,Fonds de commerce,285000,9,Caution solidaire,0.71,0
CSWA-03853,23,Homme,Urbaine,Marié(e),Aucun,5,Commerce informel,2.1,80000,52000,32,1,19300,Irrégulière,0,,,0,0,1,Jamais emprunté ailleurs,0,0,Fonds de commerce,292000,12,Bien matériel,0.99,0
CSWA-03854,35,Homme,Urbaine,Marié(e),Aucun,4,Agriculture,3.3,97000,52000,129,0,65500,Irrégulière,1,60.5,9.0,0,0,1,Pret en cours ailleurs,1,64000,Intrants agricoles,331000,24,Caution solidaire,0.75,0
CSWA-03855,41,Homme,Urbaine,Marié(e),Secondaire,0,Salarié secteur formel,4.0,127000,101000,33,0,31400,Régulière,1,95.0,12.0,0,0,0,Non consulté,0,0,Santé,603000,24,Caution solidaire,1.02,0
CSWA-03856,52,Femme,Urbaine,Marié(e),Aucun,3,Commerce informel,1.4,189000,127000,122,0,273700,Régulière,2,70.9,7.0,0,0,0,Non consulté,0,0,Fonds de commerce,268000,36,Aucune,0.72,0
CSWA-03857,35,Femme,Rurale,Veuf(ve),Secondaire,2,Commerce informel,4.5,23000,12000,53,0,12700,Régulière,1,48.9,1.0,1,9,0,Non consulté,0,0,Equipement/Matériel,30000,12,Caution solidaire,0.64,0
CSWA-03858,19,Femme,Rurale,Marié(e),Secondaire,5,Salarié secteur formel,3.7,168000,100000,145,1,296800,Irrégulière,3,89.8,1.0,1,11,1,Bon payeur ailleurs (solde sans incident),0,0,Habitat/Réparation,851000,12,Caution solidaire,1.07,0
CSWA-03859,34,Femme,Rurale,Marié(e),Aucun,5,Agriculture,5.6,32000,20000,96,0,45400,Irrégulière,2,52.8,1.0,1,11,1,Bon payeur ailleurs (solde sans incident),0,0,Santé,162000,6,Aval d'un tiers,1.57,0
CSWA-03860,39,Homme,Rurale,Veuf(ve),Secondaire,6,Commerce informel,0.9,362000,305000,24,0,126600,Irrégulière,3,79.5,2.0,1,8,1,Jamais emprunté ailleurs,0,0,Fonds de commerce,556000,6,Caution solidaire,1.13,0
CSWA-03861,44,Femme,Urbaine,Marié(e),Secondaire,2,Fonctionnaire,4.7,105000,76000,157,1,227600,Aucune épargne,1,84.9,4.0,1,7,1,Jamais emprunté ailleurs,0,0,Fonds de commerce,207000,6,Bien matériel,1.09,0
CSWA-03862,49,Homme,Rurale,Célibataire,Secondaire,2,Commerce informel,16.6,138000,98000,160,0,251700,Régulière,1,74.5,2.0,1,5,1,Jamais emprunté ailleurs,0,0,Santé,363000,36,Aucune,0.79,1
CSWA-03863,30,Femme,Urbaine,Marié(e),Aucun,3,Transport,9.1,57000,48000,59,0,50100,Irrégulière,1,63.9,1.0,1,10,1,Jamais emprunté ailleurs,0,0,Habitat/Réparation,235000,9,Caution solidaire,1.35,0
CSWA-03864,47,Femme,Semi-urbaine,Marié(e),Primaire,3,Commerce informel,2.2,66000,28000,70,0,33700,Régulière,1,78.4,0.0,1,12,0,Non consulté,0,0,Equipement/Matériel,278000,18,Aucune,0.69,0
CSWA-03865,48,Femme,Urbaine,Marié(e),Supérieur,2,Autre service,3.4,148000,86000,2,0,3200,Irrégulière,1,83.5,1.0,1,7,0,Non consulté,0,0,Elevage,705000,12,Bien matériel,1.03,1
CSWA-03866,55,Homme,Rurale,Marié(e),Primaire,3,Transport,4.1,107000,89000,121,1,157600,Irrégulière,0,,,0,0,0,Non consulté,0,0,Santé,99000,12,Caution solidaire,0.92,0
CSWA-03867,43,Femme,Urbaine,Marié(e),Aucun,5,Commerce informel,11.2,203000,158000,82,1,47800,Irrégulière,4,82.4,2.0,1,15,1,Bon payeur ailleurs (solde sans incident),0,0,Elevage,263000,12,Aucune,0.9,1
CSWA-03868,57,Femme,Semi-urbaine,Célibataire,Aucun,4,Autre service,4.5,51000,23000,22,0,8800,Irrégulière,3,98.2,1.0,0,0,1,Pret en cours ailleurs,1,353000,Fonds de commerce,171000,9,Caution solidaire,1.49,0
CSWA-03869,29,Homme,Urbaine,Marié(e),Secondaire,0,Commerce informel,4.1,72000,40000,118,0,115200,Irrégulière,3,96.4,1.0,1,9,1,Jamais emprunté ailleurs,0,0,Elevage,312000,9,Caution solidaire,1.09,0
CSWA-03870,52,Homme,Semi-urbaine,Veuf(ve),Secondaire,6,Salarié secteur formel,2.4,192000,85000,41,1,93200,Régulière,3,60.9,9.0,1,8,1,Pret en cours ailleurs,1,167000,Education,703000,12,Aucune,0.86,0
CSWA-03871,21,Femme,Urbaine,Marié(e),Supérieur,4,Restauration/Transformation,4.1,117000,82000,43,0,25000,Aucune épargne,2,95.4,1.0,0,0,1,Jamais emprunté ailleurs,0,0,Fonds de commerce,526000,6,Caution solidaire,1.54,0
CSWA-03872,23,Homme,Semi-urbaine,Marié(e),Supérieur,5,Commerce informel,4.5,102000,67000,168,0,64400,Irrégulière,4,68.9,5.0,1,16,1,Bon payeur ailleurs (solde sans incident),0,0,Intrants agricoles,426000,6,Aucune,1.44,0
CSWA-03873,59,Homme,Rurale,Veuf(ve),Primaire,3,Artisanat,5.9,39000,25000,135,1,48700,Irrégulière,0,,,1,7,1,Jamais emprunté ailleurs,0,0,Evénement social,87000,12,Caution solidaire,0.85,0
CSWA-03874,41,Homme,Urbaine,Veuf(ve),Primaire,2,Commerce informel,3.2,48000,38000,25,1,13700,Aucune épargne,2,62.9,11.0,0,0,1,Jamais emprunté ailleurs,0,0,Evénement social,159000,12,Aval d'un tiers,1.1,0
CSWA-03875,48,Homme,Urbaine,Marié(e),Aucun,1,Artisanat,2.4,98000,39000,103,0,116500,Irrégulière,2,68.2,4.0,1,14,1,Jamais emprunté ailleurs,0,0,Equipement/Matériel,502000,36,Aval d'un tiers,0.56,0
CSWA-03876,47,Femme,Urbaine,Marié(e),Aucun,2,Artisanat,2.4,35000,29000,84,1,34000,Régulière,1,94.5,3.0,1,15,1,Jamais emprunté ailleurs,0,0,Fonds de commerce,173000,9,Aucune,1.44,0
CSWA-03877,51,Femme,Semi-urbaine,Marié(e),Aucun,6,Agriculture,9.2,50000,30000,26,0,1000,Irrégulière,1,84.0,8.0,1,11,1,Bon payeur ailleurs (solde sans incident),0,0,Equipement/Matériel,265000,3,Aval d'un tiers,2.58,1
CSWA-03878,30,Homme,Semi-urbaine,Marié(e),Supérieur,3,Salarié secteur formel,10.1,78000,28000,18,1,14900,Irrégulière,1,70.8,1.0,1,10,1,Pret en cours ailleurs,1,67000,Education,330000,12,Caution solidaire,0.83,0
CSWA-03879,27,Femme,Urbaine,Célibataire,Aucun,6,Fonctionnaire,9.3,164000,132000,157,0,256900,Régulière,2,53.8,5.0,1,10,1,Jamais emprunté ailleurs,0,0,Intrants agricoles,339000,24,Caution solidaire,0.9,1
CSWA-03880,20,Homme,Urbaine,Marié(e),Primaire,5,Elevage,4.2,92000,75000,17,0,9700,Irrégulière,1,76.9,5.0,0,0,1,Pret en cours ailleurs,1,140000,Fonds de commerce,254000,9,Caution solidaire,1.3,0
CSWA-03881,59,Homme,Urbaine,Célibataire,Primaire,4,Restauration/Transformation,9.0,77000,63000,108,1,124600,Irrégulière,3,96.5,0.0,1,9,0,Non consulté,0,0,Evénement social,315000,9,Caution solidaire,1.33,0
CSWA-03882,29,Homme,Urbaine,Marié(e),Primaire,4,Commerce informel,8.3,52000,40000,179,1,64400,Irrégulière,2,91.0,34.0,1,7,1,Jamais emprunté ailleurs,0,0,Equipement/Matériel,130000,9,Bien matériel,1.08,1
CSWA-03883,46,Femme,Rurale,Marié(e),Primaire,1,Autre service,6.8,53000,26000,70,1,5100,Régulière,1,87.8,8.0,1,3,1,Bon payeur ailleurs (solde sans incident),0,0,Fonds de commerce,49000,9,Bien matériel,0.61,0
CSWA-03884,40,Femme,Urbaine,Marié(e),Aucun,4,Salarié secteur formel,4.4,220000,109000,115,0,30600,Irrégulière,1,63.3,4.0,0,0,0,Non consulté,0,0,Fonds de commerce,396000,6,Bien matériel,0.83,0
CSWA-03885,26,Femme,Urbaine,Marié(e),Primaire,0,Fonctionnaire,6.8,75000,39000,80,1,39500,Régulière,0,,,1,5,1,Jamais emprunté ailleurs,0,0,Intrants agricoles,157000,36,Caution solidaire,0.59,0
CSWA-03886,38,Homme,Semi-urbaine,Marié(e),Primaire,3,Transport,2.2,93000,43000,115,0,100200,Régulière,4,55.2,7.0,1,6,1,Incident de paiement signale ailleurs,0,0,Education,436000,12,Caution solidaire,0.9,1
CSWA-03887,22,Homme,Rurale,Divorcé(e),Secondaire,3,Agriculture,8.6,83000,67000,50,0,62200,Irrégulière,2,54.3,12.0,1,7,1,Bon payeur ailleurs (solde sans incident),0,0,Fonds de commerce,121000,9,Caution solidaire,0.99,0
CSWA-03888,27,Homme,Semi-urbaine,Veuf(ve),Secondaire,3,Commerce informel,1.1,49000,30000,49,1,16100,Irrégulière,1,67.3,4.0,1,11,1,Bon payeur ailleurs (solde sans incident),0,0,Habitat/Réparation,224000,18,Caution solidaire,0.9,0
CSWA-03889,25,Femme,Urbaine,Célibataire,Secondaire,2,Elevage,4.4,59000,29000,102,1,52600,Irrégulière,1,87.0,3.0,1,5,1,Pret en cours ailleurs,1,627000,Intrants agricoles,136000,12,Caution solidaire,1.66,0
CSWA-03890,57,Homme,Semi-urbaine,Marié(e),Primaire,2,Commerce informel,4.9,22000,16000,28,1,7800,Régulière,3,81.1,4.0,0,0,1,Jamais emprunté ailleurs,0,0,Intrants agricoles,40000,6,Aucune,1.07,1
CSWA-03891,45,Femme,Rurale,Veuf(ve),Aucun,4,Artisanat,4.3,57000,38000,102,0,62500,Irrégulière,2,64.3,2.0,1,10,1,Incident de paiement signale ailleurs,0,0,Fonds de commerce,153000,6,Bien matériel,1.17,0
CSWA-03892,62,Femme,Rurale,Veuf(ve),Primaire,5,Agriculture,8.7,57000,31000,111,0,86700,Régulière,1,76.9,5.0,1,9,1,Jamais emprunté ailleurs,0,0,Education,259000,9,Caution solidaire,1.11,0
CSWA-03893,39,Femme,Urbaine,Veuf(ve),Supérieur,8,Restauration/Transformation,2.3,109000,88000,177,0,187400,Régulière,4,86.5,6.0,1,8,1,Jamais emprunté ailleurs,0,0,Intrants agricoles,481000,9,Caution solidaire,1.36,0
CSWA-03894,28,Femme,Semi-urbaine,Marié(e),Aucun,2,Artisanat,2.9,58000,36000,45,0,36800,Aucune épargne,0,,,1,7,1,Jamais emprunté ailleurs,0,0,Education,205000,9,Caution solidaire,1.06,0
CSWA-03895,47,Homme,Rurale,Marié(e),Aucun,3,Commerce informel,5.6,125000,83000,20,1,24300,Régulière,1,99.7,3.0,0,0,1,Pret en cours ailleurs,1,86000,Evénement social,205000,18,Aval d'un tiers,0.83,0
CSWA-03896,62,Femme,Semi-urbaine,Célibataire,Supérieur,3,Restauration/Transformation,1.8,70000,26000,49,0,7600,Aucune épargne,2,66.3,1.0,1,10,1,Bon payeur ailleurs (solde sans incident),0,0,Equipement/Matériel,314000,36,Caution solidaire,0.51,0
CSWA-03897,44,Homme,Rurale,Marié(e),Supérieur,4,Agriculture,4.1,88000,59000,145,0,68500,Irrégulière,2,92.1,2.0,0,0,1,Jamais emprunté ailleurs,0,0,Equipement/Matériel,374000,18,Bien matériel,0.94,0
CSWA-03898,19,Femme,Semi-urbaine,Marié(e),Aucun,4,Commerce informel,11.7,79000,44000,76,1,42800,Régulière,4,76.4,11.0,0,0,1,Bon payeur ailleurs (solde sans incident),0,0,Intrants agricoles,237000,18,Caution solidaire,0.74,0
CSWA-03899,33,Femme,Rurale,Marié(e),Secondaire,4,Agriculture,8.5,119000,86000,30,0,43100,Régulière,0,,,1,6,1,Jamais emprunté ailleurs,0,0,Santé,194000,12,Caution solidaire,0.87,0
CSWA-03900,62,Homme,Semi-urbaine,Marié(e),Primaire,4,Commerce informel,12.9,157000,58000,41,1,30200,Régulière,2,74.1,3.0,1,8,1,Jamais emprunté ailleurs,0,0,Fonds de commerce,244000,6,Bien matériel,0.66,0
CSWA-03901,43,Femme,Urbaine,Marié(e),Primaire,3,Agriculture,5.3,47000,26000,145,1,51500,Irrégulière,1,51.7,7.0,1,10,0,Non consulté,0,0,Santé,59000,18,Aucune,0.63,0
CSWA-03902,63,Homme,Urbaine,Célibataire,Primaire,4,Commerce informel,8.9,213000,82000,170,0,131100,Régulière,1,84.9,2.0,1,4,1,Bon payeur ailleurs (solde sans incident),0,0,Santé,710000,18,Caution solidaire,0.59,0
CSWA-03903,42,Homme,Rurale,Célibataire,Supérieur,1,Commerce informel,9.2,50000,41000,28,0,8200,Aucune épargne,1,92.4,4.0,1,9,1,Jamais emprunté ailleurs,0,0,Equipement/Matériel,106000,12,Caution solidaire,1.02,1
CSWA-03904,19,Femme,Rurale,Marié(e),Aucun,2,Agriculture,1.9,73000,41000,105,1,34100,Régulière,0,,,1,8,1,Pret en cours ailleurs,1,295000,Habitat/Réparation,275000,6,Bien matériel,1.63,0
CSWA-03905,60,Femme,Rurale,Marié(e),Secondaire,3,Elevage,3.6,60000,25000,177,1,149900,Régulière,2,75.3,17.0,1,9,1,Jamais emprunté ailleurs,0,0,Habitat/Réparation,181000,18,Caution solidaire,0.6,0
CSWA-03906,54,Femme,Rurale,Veuf(ve),Aucun,4,Salarié secteur formel,4.3,160000,115000,13,1,28300,Régulière,1,69.0,1.0,0,0,1,Bon payeur ailleurs (solde sans incident),0,0,Fonds de commerce,516000,3,Bien matériel,1.92,0
CSWA-03907,52,Femme,Rurale,Marié(e),Secondaire,5,Commerce informel,16.9,45000,36000,29,1,14400,Irrégulière,1,93.0,6.0,1,13,1,Bon payeur ailleurs (solde sans incident),0,0,Equipement/Matériel,202000,12,Aucune,1.22,0
CSWA-03908,64,Femme,Semi-urbaine,Marié(e),Secondaire,3,Agriculture,10.2,120000,89000,87,0,22200,Régulière,0,,,0,0,1,Bon payeur ailleurs (solde sans incident),0,0,Education,630000,6,Aucune,1.72,0
CSWA-03909,28,Homme,Urbaine,Marié(e),Secondaire,5,Commerce informel,2.6,24000,19000,13,0,4400,Irrégulière,3,97.6,13.0,1,4,1,Pret en cours ailleurs,1,161000,Evénement social,38000,6,Caution solidaire,1.69,0
CSWA-03910,61,Homme,Semi-urbaine,Marié(e),Supérieur,3,Commerce informel,12.4,126000,97000,101,1,33500,Irrégulière,0,,,1,8,1,Bon payeur ailleurs (solde sans incident),0,0,Fonds de commerce,643000,18,Bien matériel,1.09,0
CSWA-03911,29,Femme,Urbaine,Célibataire,Secondaire,5,Agriculture,4.0,73000,62000,124,0,10300,Aucune épargne,1,57.9,13.0,1,6,1,Jamais emprunté ailleurs,0,0,Equipement/Matériel,60000,3,Caution solidaire,1.16,1
CSWA-03912,64,Homme,Rurale,Marié(e),Secondaire,3,Elevage,7.4,66000,35000,65,1,4200,Régulière,2,69.4,6.0,0,0,1,Jamais emprunté ailleurs,0,0,Fonds de commerce,252000,18,Caution solidaire,0.77,0
CSWA-03913,27,Femme,Semi-urbaine,Veuf(ve),Aucun,4,Restauration/Transformation,4.4,55000,29000,166,1,40500,Irrégulière,1,91.5,0.0,1,9,0,Non consulté,0,0,Equipement/Matériel,263000,9,Aucune,1.12,0
CSWA-03914,44,Homme,Urbaine,Marié(e),Supérieur,4,Transport,1.2,78000,32000,158,1,33200,Régulière,0,,,1,9,1,Jamais emprunté ailleurs,0,0,Intrants agricoles,401000,6,Aval d'un tiers,1.37,0
CSWA-03915,56,Homme,Urbaine,Divorcé(e),Primaire,4,Fonctionnaire,12.5,107000,83000,130,1,39400,Régulière,1,89.7,10.0,0,0,1,Pret en cours ailleurs,3,405000,Habitat/Réparation,97000,6,Aucune,1.29,0
CSWA-03916,22,Femme,Urbaine,Célibataire,Primaire,2,Fonctionnaire,9.4,97000,79000,94,1,41000,Aucune épargne,2,96.6,3.0,1,10,1,Jamais emprunté ailleurs,0,0,Intrants agricoles,243000,9,Aucune,1.13,0
CSWA-03917,22,Femme,Rurale,Marié(e),Primaire,4,Commerce informel,4.7,52000,26000,19,0,13100,Aucune épargne,1,63.4,1.0,1,14,1,Jamais emprunté ailleurs,0,0,Habitat/Réparation,230000,9,Caution solidaire,1.05,0
CSWA-03918,58,Femme,Rurale,Marié(e),Primaire,4,Commerce informel,6.8,125000,82000,43,1,73100,Régulière,4,78.9,0.0,1,3,1,Jamais emprunté ailleurs,0,0,Santé,150000,24,Bien matériel,0.71,0
CSWA-03919,21,Femme,Urbaine,Marié(e),Primaire,2,Elevage,3.6,65000,31000,175,1,155000,Irrégulière,1,82.3,4.0,1,13,1,Bon payeur ailleurs (solde sans incident),0,0,Fonds de commerce,268000,6,Caution solidaire,1.25,0
CSWA-03920,47,Homme,Semi-urbaine,Divorcé(e),Primaire,1,Artisanat,3.3,52000,41000,98,0,60200,Irrégulière,4,79.9,4.0,1,4,1,Pret en cours ailleurs,1,151000,Fonds de commerce,171000,12,Aval d'un tiers,1.36,0
CSWA-03921,63,Femme,Urbaine,Célibataire,Aucun,2,Artisanat,9.4,83000,29000,78,0,64800,Régulière,1,69.2,5.0,1,5,1,Jamais emprunté ailleurs,0,0,Intrants agricoles,181000,12,Caution solidaire,0.55,0
CSWA-03922,47,Homme,Rurale,Marié(e),Supérieur,6,Elevage,8.7,106000,74000,131,0,124600,Régulière,1,71.7,1.0,1,6,1,Incident de paiement signale ailleurs,0,0,Education,302000,9,Bien matériel,1.05,1
CSWA-03923,41,Femme,Rurale,Marié(e),Supérieur,4,Autre service,14.7,116000,72000,44,0,76100,Aucune épargne,5,47.5,3.0,1,6,1,Pret en cours ailleurs,1,234000,Equipement/Matériel,148000,12,Bien matériel,0.92,0
CSWA-03924,38,Homme,Urbaine,Divorcé(e),Primaire,1,Elevage,8.8,97000,48000,56,1,26700,Irrégulière,3,81.0,7.0,1,7,1,Bon payeur ailleurs (solde sans incident),0,0,Fonds de commerce,214000,9,Caution solidaire,0.77,0
CSWA-03925,48,Femme,Urbaine,Célibataire,Supérieur,2,Fonctionnaire,6.7,209000,170000,70,1,162400,Régulière,0,,,1,9,1,Bon payeur ailleurs (solde sans incident),0,0,Fonds de commerce,390000,6,Caution solidaire,1.16,0
CSWA-03926,45,Homme,Semi-urbaine,Marié(e),Primaire,5,Autre service,9.0,83000,49000,158,0,16900,Régulière,0,,,1,6,0,Non consulté,0,0,Intrants agricoles,342000,24,Aucune,0.78,0
CSWA-03927,42,Femme,Rurale,Marié(e),Primaire,4,Agriculture,7.2,71000,43000,85,1,9800,Aucune épargne,1,94.2,1.0,0,0,0,Non consulté,0,0,Elevage,370000,24,Bien matériel,0.85,0
CSWA-03928,26,Femme,Urbaine,Marié(e),Supérieur,3,Commerce informel,7.5,131000,51000,11,0,12800,Régulière,1,48.9,5.0,1,9,1,Pret en cours ailleurs,2,139000,Education,610000,18,Caution solidaire,0.77,0
CSWA-03929,50,Femme,Semi-urbaine,Célibataire,Secondaire,3,Agriculture,8.4,55000,31000,85,0,60300,Irrégulière,1,70.4,5.0,1,6,1,Jamais emprunté ailleurs,0,0,Fonds de commerce,168000,12,Aval d'un tiers,0.85,0
CSWA-03930,53,Homme,Rurale,Marié(e),Secondaire,3,Agriculture,9.3,65000,28000,54,0,47600,Régulière,1,46.9,29.0,1,5,1,Bon payeur ailleurs (solde sans incident),0,0,Santé,140000,6,Aucune,0.83,0
CSWA-03931,52,Femme,Urbaine,Célibataire,Primaire,1,Salarié secteur formel,5.2,92000,58000,86,0,5800,Régulière,1,73.9,3.0,0,0,1,Jamais emprunté ailleurs,0,0,Intrants agricoles,164000,24,Aval d'un tiers,0.71,0
CSWA-03932,22,Homme,Rurale,Marié(e),Primaire,3,Autre service,1.1,219000,140000,167,1,164700,Régulière,1,77.7,4.0,1,8,1,Jamais emprunté ailleurs,0,0,Habitat/Réparation,316000,24,Caution solidaire,0.71,0
CSWA-03933,52,Homme,Rurale,Marié(e),Aucun,4,Commerce informel,5.3,254000,120000,58,0,189800,Régulière,2,81.3,3.0,0,0,1,Jamais emprunté ailleurs,0,0,Education,308000,3,Caution solidaire,0.93,0
CSWA-03934,53,Homme,Urbaine,Marié(e),Supérieur,3,Commerce informel,2.9,73000,60000,49,0,30100,Régulière,2,94.5,1.0,1,13,1,Jamais emprunté ailleurs,0,0,Equipement/Matériel,332000,12,Aucune,1.25,0
CSWA-03935,27,Homme,Semi-urbaine,Célibataire,Aucun,4,Salarié secteur formel,10.6,176000,88000,86,0,41800,Régulière,4,93.7,1.0,0,0,1,Pret en cours ailleurs,3,307000,Habitat/Réparation,800000,18,Aval d'un tiers,0.94,0
CSWA-03936,58,Femme,Urbaine,Marié(e),Primaire,1,Artisanat,12.0,119000,81000,14,1,11700,Irrégulière,3,98.2,4.0,1,7,1,Jamais emprunté ailleurs,0,0,Intrants agricoles,607000,9,Caution solidaire,1.32,0
CSWA-03937,43,Homme,Urbaine,Célibataire,Aucun,3,Restauration/Transformation,3.0,90000,76000,38,1,40700,Régulière,1,88.2,2.0,0,0,1,Jamais emprunté ailleurs,0,0,Santé,428000,9,Bien matériel,1.44,0
CSWA-03938,41,Homme,Urbaine,Marié(e),Secondaire,7,Agriculture,4.4,158000,119000,9,1,16700,Aucune épargne,5,51.1,5.0,1,6,0,Non consulté,0,0,Habitat/Réparation,639000,6,Caution solidaire,1.51,0
CSWA-03939,52,Femme,Semi-urbaine,Célibataire,Primaire,3,Commerce informel,5.0,40000,29000,163,1,84300,Aucune épargne,0,,,0,0,1,Jamais emprunté ailleurs,0,0,Santé,35000,6,Caution solidaire,0.89,1
CSWA-03940,42,Femme,Rurale,Veuf(ve),Secondaire,3,Commerce informel,3.2,73000,28000,136,0,6400,Régulière,0,,,1,11,1,Incident de paiement signale ailleurs,0,0,Santé,231000,12,Aval d'un tiers,0.68,0
CSWA-03941,44,Femme,Semi-urbaine,Célibataire,Primaire,0,Commerce informel,7.2,26000,16000,29,1,3700,Irrégulière,2,69.1,9.0,1,10,1,Jamais emprunté ailleurs,0,0,Elevage,106000,12,Caution solidaire,1.0,0
CSWA-03942,33,Femme,Urbaine,Marié(e),Aucun,4,Agriculture,2.3,46000,33000,61,0,13400,Régulière,1,95.8,2.0,1,4,0,Non consulté,0,0,Habitat/Réparation,251000,6,Aucune,1.74,1
CSWA-03943,62,Homme,Semi-urbaine,Célibataire,Aucun,7,Commerce informel,6.3,33000,22000,20,0,2700,Irrégulière,0,,,0,0,1,Jamais emprunté ailleurs,0,0,Evénement social,45000,18,Caution solidaire,0.75,0
CSWA-03944,64,Femme,Rurale,Marié(e),Aucun,1,Elevage,8.6,29000,18000,138,1,27000,Régulière,2,59.4,5.0,1,5,1,Jamais emprunté ailleurs,0,0,Elevage,152000,6,Bien matériel,1.6,1
CSWA-03945,25,Homme,Urbaine,Marié(e),Secondaire,1,Transport,7.6,62000,50000,24,1,9500,Aucune épargne,2,78.4,12.0,1,8,0,Non consulté,0,0,Evénement social,70000,18,Caution solidaire,0.88,0
CSWA-03946,53,Homme,Urbaine,Célibataire,Secondaire,5,Commerce informel,7.3,99000,62000,118,1,72400,Régulière,0,,,1,9,1,Incident de paiement signale ailleurs,0,0,Fonds de commerce,294000,6,Caution solidaire,1.18,0
CSWA-03947,20,Homme,Semi-urbaine,Célibataire,Primaire,4,Salarié secteur formel,3.5,132000,101000,104,0,92300,Régulière,0,,,0,0,1,Jamais emprunté ailleurs,0,0,Intrants agricoles,440000,3,Bien matériel,2.01,0
CSWA-03948,36,Femme,Urbaine,Marié(e),Primaire,2,Commerce informel,11.6,60000,48000,136,1,40100,Irrégulière,0,,,0,0,1,Jamais emprunté ailleurs,0,0,Elevage,188000,12,Caution solidaire,1.09,0
CSWA-03949,64,Homme,Rurale,Veuf(ve),Aucun,0,Restauration/Transformation,10.0,54000,40000,154,0,122400,Irrégulière,1,66.2,6.0,1,6,1,Bon payeur ailleurs (solde sans incident),0,0,Evénement social,147000,6,Caution solidaire,1.25,0
CSWA-03950,27,Femme,Rurale,Marié(e),Secondaire,4,Commerce informel,4.3,87000,37000,166,0,125700,Régulière,0,,,1,9,0,Non consulté,0,0,Fonds de commerce,390000,12,Caution solidaire,0.84,0
CSWA-03951,36,Homme,Urbaine,Veuf(ve),Supérieur,4,Salarié secteur formel,8.1,128000,94000,60,1,54800,Irrégulière,0,,,1,8,1,Jamais emprunté ailleurs,0,0,Fonds de commerce,157000,3,Aval d'un tiers,1.19,0
CSWA-03952,29,Femme,Semi-urbaine,Célibataire,Secondaire,4,Commerce informel,3.9,46000,34000,147,0,26000,Irrégulière,1,55.2,5.0,1,6,1,Bon payeur ailleurs (solde sans incident),0,0,Education,180000,36,Aucune,0.86,1
CSWA-03953,53,Femme,Semi-urbaine,Veuf(ve),Aucun,2,Agriculture,8.2,135000,93000,32,0,17600,Régulière,1,59.8,2.0,1,5,1,Jamais emprunté ailleurs,0,0,Fonds de commerce,408000,9,Caution solidaire,1.07,0
CSWA-03954,40,Homme,Rurale,Célibataire,Primaire,5,Autre service,2.4,50000,27000,28,0,16100,Régulière,2,95.8,8.0,1,7,1,Bon payeur ailleurs (solde sans incident),0,0,Fonds de commerce,191000,6,Aucune,1.25,0
CSWA-03955,46,Femme,Rurale,Divorcé(e),Supérieur,1,Commerce informel,9.6,40000,20000,160,0,41100,Irrégulière,3,95.9,0.0,1,13,1,Pret en cours ailleurs,1,588000,Fonds de commerce,102000,9,Bien matériel,2.14,0
CSWA-03956,63,Femme,Rurale,Célibataire,Aucun,3,Transport,4.1,121000,82000,164,0,101400,Irrégulière,1,81.4,10.0,1,12,0,Non consulté,0,0,Education,581000,24,Caution solidaire,0.9,0
CSWA-03957,43,Femme,Rurale,Marié(e),Secondaire,1,Restauration/Transformation,3.0,32000,23000,122,1,12000,Régulière,4,75.1,2.0,1,9,1,Jamais emprunté ailleurs,0,0,Education,88000,12,Aucune,0.98,1
CSWA-03958,53,Homme,Urbaine,Marié(e),Supérieur,2,Agriculture,2.7,159000,129000,61,0,144700,Régulière,0,,,1,10,1,Bon payeur ailleurs (solde sans incident),0,0,Habitat/Réparation,294000,6,Caution solidaire,1.16,0
CSWA-03959,23,Femme,Rurale,Célibataire,Secondaire,1,Commerce informel,6.5,46000,24000,75,0,19500,Régulière,3,93.4,9.0,1,7,0,Non consulté,0,0,Santé,97000,12,Aval d'un tiers,0.72,0
CSWA-03960,29,Homme,Urbaine,Marié(e),Primaire,4,Salarié secteur formel,1.5,163000,81000,145,0,74700,Aucune épargne,1,95.0,0.0,1,10,1,Jamais emprunté ailleurs,0,0,Habitat/Réparation,725000,36,Aval d'un tiers,0.64,0
CSWA-03961,63,Homme,Rurale,Veuf(ve),Primaire,2,Fonctionnaire,7.7,128000,92000,42,0,59900,Irrégulière,1,48.0,15.0,1,9,1,Bon payeur ailleurs (solde sans incident),0,0,Intrants agricoles,264000,3,Caution solidaire,1.49,0
CSWA-03962,59,Homme,Rurale,Marié(e),Supérieur,1,Commerce informel,4.9,81000,68000,94,0,103400,Irrégulière,1,58.2,18.0,1,7,1,Jamais emprunté ailleurs,0,0,Intrants agricoles,314000,9,Caution solidaire,1.32,1
CSWA-03963,49,Femme,Urbaine,Veuf(ve),Primaire,4,Salarié secteur formel,8.6,190000,94000,71,1,154200,Régulière,2,86.6,4.0,1,13,1,Jamais emprunté ailleurs,0,0,Equipement/Matériel,887000,6,Bien matériel,1.37,0
CSWA-03964,36,Homme,Semi-urbaine,Marié(e),Supérieur,4,Salarié secteur formel,1.3,97000,47000,32,0,18000,Irrégulière,2,86.6,2.0,0,0,0,Non consulté,0,0,Fonds de commerce,223000,6,Bien matériel,0.91,0
CSWA-03965,28,Femme,Urbaine,Célibataire,Primaire,4,Artisanat,5.8,33000,26000,104,0,38000,Aucune épargne,1,83.8,0.0,1,6,1,Jamais emprunté ailleurs,0,0,Fonds de commerce,172000,6,Aucune,1.76,1
CSWA-03966,59,Homme,Urbaine,Divorcé(e),Secondaire,2,Transport,4.8,60000,29000,125,0,37600,Aucune épargne,2,92.5,1.0,0,0,0,Non consulté,0,0,Education,234000,6,Aval d'un tiers,1.21,1
CSWA-03967,55,Femme,Urbaine,Marié(e),Supérieur,4,Commerce informel,3.2,105000,59000,42,1,33000,Irrégulière,0,,,0,0,0,Non consulté,0,0,Education,531000,6,Caution solidaire,1.51,0
CSWA-03968,30,Homme,Rurale,Célibataire,Primaire,6,Elevage,2.8,117000,99000,121,1,26000,Aucune épargne,1,92.4,6.0,1,6,1,Jamais emprunté ailleurs,0,0,Fonds de commerce,536000,12,Bien matériel,1.27,0
CSWA-03969,46,Femme,Urbaine,Marié(e),Primaire,2,Autre service,8.0,54000,41000,166,0,40500,Régulière,0,,,0,0,0,Non consulté,0,0,Intrants agricoles,267000,12,Caution solidaire,1.22,1
CSWA-03970,48,Femme,Rurale,Célibataire,Aucun,2,Transport,2.4,55000,26000,164,0,70200,Irrégulière,2,75.8,2.0,1,7,1,Jamais emprunté ailleurs,0,0,Habitat/Réparation,283000,6,Bien matériel,1.43,0
CSWA-03971,41,Homme,Rurale,Célibataire,Secondaire,2,Commerce informel,5.6,73000,60000,165,1,17000,Régulière,3,84.0,4.0,1,9,1,Pret en cours ailleurs,1,180000,Fonds de commerce,148000,12,Aucune,1.23,0
CSWA-03972,62,Homme,Urbaine,Marié(e),Secondaire,5,Artisanat,2.0,81000,63000,74,0,66500,Irrégulière,1,92.6,7.0,0,0,1,Jamais emprunté ailleurs,0,0,Fonds de commerce,69000,3,Aucune,1.1,0
CSWA-03973,24,Femme,Semi-urbaine,Marié(e),Aucun,2,Commerce informel,1.7,81000,68000,124,1,64200,Irrégulière,0,,,0,0,1,Jamais emprunté ailleurs,0,0,Fonds de commerce,82000,6,Caution solidaire,1.03,1
CSWA-03974,31,Femme,Urbaine,Marié(e),Secondaire,2,Commerce informel,5.3,64000,35000,133,1,69000,Régulière,0,,,1,13,1,Pret en cours ailleurs,1,170000,Intrants agricoles,176000,18,Aucune,0.96,0
CSWA-03975,23,Femme,Rurale,Marié(e),Supérieur,3,Commerce informel,6.3,66000,45000,176,1,82200,Aucune épargne,1,74.8,8.0,1,9,1,Bon payeur ailleurs (solde sans incident),0,0,Fonds de commerce,299000,9,Caution solidaire,1.25,0
CSWA-03976,51,Homme,Urbaine,Célibataire,Secondaire,3,Commerce informel,3.2,69000,37000,94,0,69800,Régulière,2,64.0,3.0,1,10,1,Bon payeur ailleurs (solde sans incident),0,0,Education,156000,6,Bien matériel,0.96,0
CSWA-03977,49,Femme,Rurale,Marié(e),Primaire,3,Elevage,7.3,21000,12000,152,0,30800,Irrégulière,0,,,1,3,1,Pret en cours ailleurs,1,518000,Intrants agricoles,30000,24,Aucune,2.86,0
CSWA-03978,65,Homme,Semi-urbaine,Veuf(ve),Supérieur,3,Agriculture,10.0,65000,45000,100,0,69400,Aucune épargne,1,98.7,6.0,1,12,0,Non consulté,0,0,Fonds de commerce,67000,12,Aucune,0.79,0
CSWA-03979,44,Homme,Urbaine,Divorcé(e),Secondaire,3,Transport,8.1,124000,69000,148,0,68600,Régulière,0,,,1,12,1,Jamais emprunté ailleurs,0,0,Habitat/Réparation,537000,12,Bien matériel,0.96,0
CSWA-03980,26,Femme,Urbaine,Veuf(ve),Aucun,2,Salarié secteur formel,5.3,122000,68000,62,0,72200,Aucune épargne,2,74.8,1.0,1,12,1,Pret en cours ailleurs,1,187000,Intrants agricoles,342000,18,Aval d'un tiers,0.87,0
CSWA-03981,40,Femme,Urbaine,Marié(e),Supérieur,5,Elevage,9.7,154000,96000,14,0,17200,Irrégulière,0,,,1,13,1,Bon payeur ailleurs (solde sans incident),0,0,Education,277000,6,Caution solidaire,0.96,0
CSWA-03982,23,Femme,Urbaine,Marié(e),Primaire,2,Commerce informel,5.9,85000,34000,66,0,8000,Irrégulière,1,78.0,4.0,0,0,1,Bon payeur ailleurs (solde sans incident),0,0,Elevage,290000,24,Bien matériel,0.56,0
CSWA-03983,50,Femme,Semi-urbaine,Célibataire,Supérieur,3,Autre service,2.9,42000,35000,61,0,2900,Régulière,0,,,1,11,1,Jamais emprunté ailleurs,0,0,Fonds de commerce,90000,12,Caution solidaire,1.03,1
CSWA-03984,50,Homme,Rurale,Célibataire,Secondaire,7,Commerce informel,7.7,60000,46000,145,0,77000,Irrégulière,3,82.0,3.0,1,8,1,Pret en cours ailleurs,1,161000,Fonds de commerce,316000,12,Bien matériel,1.5,0
CSWA-03985,59,Femme,Rurale,Divorcé(e),Secondaire,4,Artisanat,9.1,53000,31000,125,0,59000,Irrégulière,2,82.7,4.0,0,0,0,Non consulté,0,0,Fonds de commerce,218000,6,Aval d'un tiers,1.35,0
CSWA-03986,34,Homme,Semi-urbaine,Marié(e),Primaire,2,Commerce informel,2.1,37000,27000,115,0,49600,Aucune épargne,3,85.5,1.0,1,6,1,Bon payeur ailleurs (solde sans incident),0,0,Education,50000,6,Bien matériel,0.98,0
CSWA-03987,33,Homme,Semi-urbaine,Marié(e),Aucun,2,Fonctionnaire,4.6,47000,40000,35,1,19000,Irrégulière,2,84.0,10.0,1,11,0,Non consulté,0,0,Fonds de commerce,102000,12,Aucune,1.05,0
CSWA-03988,22,Homme,Semi-urbaine,Divorcé(e),Aucun,2,Agriculture,3.0,54000,33000,124,0,47000,Régulière,1,93.6,8.0,1,5,1,Jamais emprunté ailleurs,0,0,Santé,191000,24,Bien matériel,0.78,0
CSWA-03989,38,Femme,Urbaine,Célibataire,Secondaire,1,Autre service,6.0,38000,27000,123,0,31000,Régulière,1,78.7,11.0,1,14,1,Bon payeur ailleurs (solde sans incident),0,0,Fonds de commerce,97000,12,Bien matériel,0.95,0
CSWA-03990,41,Femme,Urbaine,Marié(e),Secondaire,5,Autre service,4.9,135000,53000,168,0,136800,Aucune épargne,0,,,1,6,1,Pret en cours ailleurs,1,43000,Intrants agricoles,250000,9,Caution solidaire,0.65,0
CSWA-03991,54,Homme,Urbaine,Célibataire,Aucun,4,Fonctionnaire,2.9,117000,97000,48,1,79500,Irrégulière,0,,,1,8,1,Pret en cours ailleurs,2,229000,Intrants agricoles,208000,12,Bien matériel,1.17,0
CSWA-03992,54,Femme,Urbaine,Marié(e),Aucun,5,Transport,5.3,79000,34000,125,0,103100,Irrégulière,1,95.4,10.0,1,8,1,Pret en cours ailleurs,1,198000,Fonds de commerce,410000,18,Aucune,0.98,0
CSWA-03993,25,Femme,Urbaine,Marié(e),Secondaire,4,Restauration/Transformation,6.4,100000,75000,14,1,7600,Irrégulière,1,94.8,2.0,1,9,1,Jamais emprunté ailleurs,0,0,Equipement/Matériel,278000,9,Bien matériel,1.1,1
CSWA-03994,32,Femme,Urbaine,Marié(e),Aucun,3,Autre service,7.4,96000,57000,133,1,136000,Régulière,2,80.8,16.0,1,5,1,Jamais emprunté ailleurs,0,0,Fonds de commerce,166000,6,Caution solidaire,0.92,0
CSWA-03995,43,Femme,Urbaine,Marié(e),Aucun,1,Commerce informel,13.4,54000,36000,147,0,65500,Aucune épargne,3,84.1,6.0,1,13,1,Jamais emprunté ailleurs,0,0,Fonds de commerce,261000,12,Caution solidaire,1.12,0
CSWA-03996,34,Homme,Rurale,Marié(e),Aucun,3,Transport,4.7,217000,141000,140,0,266700,Irrégulière,1,76.7,4.0,0,0,0,Non consulté,0,0,Habitat/Réparation,673000,18,Caution solidaire,0.84,0
CSWA-03997,20,Femme,Urbaine,Marié(e),Secondaire,5,Commerce informel,5.7,53000,30000,82,0,59800,Régulière,2,82.3,0.0,1,13,0,Non consulté,0,0,Fonds de commerce,239000,9,Bien matériel,1.13,0
CSWA-03998,58,Femme,Urbaine,Marié(e),Primaire,7,Agriculture,5.5,32000,26000,78,1,23000,Régulière,1,41.2,1.0,0,0,1,Bon payeur ailleurs (solde sans incident),0,0,Fonds de commerce,42000,6,Aval d'un tiers,1.06,0
CSWA-03999,53,Femme,Urbaine,Marié(e),Secondaire,2,Agriculture,16.6,88000,44000,7,0,10800,Irrégulière,1,87.0,3.0,1,8,0,Non consulté,0,0,Intrants agricoles,334000,18,Caution solidaire,0.74,0
CSWA-04000,43,Femme,Rurale,Marié(e),Primaire,8,Autre service,4.0,110000,51000,83,1,74000,Irrégulière,0,,,0,0,1,Jamais emprunté ailleurs,0,0,Intrants agricoles,592000,18,Bien matériel,0.8,0
